description,category,merchant_base
PMT PLAYSTATION NETWORK Iasi #4321,Entertainment,PlayStation Network
PMT MasterClass annual EU RID:34521,Subscriptions,MasterClass annual
Plata POS STB Abonament Online AFI Cotroceni RO,Transport,STB Abonament Online
PURCHASE Uber Downtown 12345,Transport,Uber
PURCHASE PLATA CHIRIE Vitan RID:34521,Housing,Plata chirie
PURCHASE HOTEL ATHENEE PALACE RO AUT:887412,Travel,Hotel Athenee Palace
Cumparare KRISPY KREME Vitan #14,Restaurants,Krispy Kreme
PMT SPORTISIMO Baneasa RO,Other,Sportisimo
Plata POS Carrefour Baneasa #001,Groceries,Carrefour
POS Salariu ACME SRL Galati #4321,Salary,Salariu ACME SRL
parcare aeroport otopeni Center (RO),Transport,Parcare Aeroport Otopeni
Achizitie Dr Dentist Branch 12 #14,Health,Dr Dentist
Cumparare Bonus performanta Q2 Floreasca #14,Salary,Bonus performanta Q2
Hervis Sports Constanta,Other,Hervis Sports
Plata POS DROPBOX PLUS Iasi (RO),Subscriptions,Dropbox Plus
salubrizare bucuresti Sun Plaza #001,Utilities,Salubrizare Bucuresti
Achizitie Salvati Copiii donatie EU #14,Other,Salvati Copiii donatie
Plata cu cardul Burger Van Constanta #4321,Restaurants,Burger Van
Achizitie NETFLIX PREMIUM ROM 12345,Subscriptions,Netflix Premium
Plata POS Pilon III pensie privata EU #001,Investments,Pilon III pensie privata
Achizitie DATACAMP Mall Vitan #001,Education,DataCamp
Cumparare Administrator bloc 12 Cluj (RO),Housing,Administrator bloc 12
Plata POS FOODPANDA Online 12345,Restaurants,FoodPanda
ENERGIEA BAR Promenada 12345,Restaurants,Energiea Bar
Cumparare CODECADEMY Bucuresti (RO),Education,Codecademy
Plata cu cardul BURGER KING Cluj #001,Restaurants,Burger King
Cumparare iaBilet Online RID:34521,Entertainment,iaBilet
PMT POS UPC Romania Branch 12 #14,Utilities,UPC Romania
Cumparare Brutaria Boromir Cotroceni #4321,Groceries,Brutaria Boromir
PMT POS AVANS CHIRIE AFI Cotroceni AUT:887412,Housing,Avans chirie
Aquatim Timisoara Park Lake #4321,Utilities,Aquatim Timisoara
PMT RATB Sibiu RO,Transport,RATB
PURCHASE CARREFOUR MARKET Downtown RID:34521,Groceries,Carrefour Market
Cumparare teatrul bulandra RO 12345,Entertainment,Teatrul Bulandra
PURCHASE VACCINARE CENTRUL MEDICAL Mall Vitan RO,Health,Vaccinare Centrul Medical
Achizitie medicover Drumul Taberei #14,Health,Medicover
Cumparare Aliexpress order Iasi #221,Other,Aliexpress order
PMT BikeRO Store 04 RID:34521,Transport,BikeRO
Plata cu cardul CORA Mall Vitan #14,Groceries,Cora
OTP virament Brasov RO,Transfer,OTP virament
PMT Squarespace Plan Online (RO),Subscriptions,Squarespace Plan
Eurospar Mall Vitan #001,Groceries,Eurospar
PMT Festival Untold Baneasa 12345,Entertainment,Festival Untold
Plata cu cardul Eurospar EU (RO),Groceries,Eurospar
Achizitie TARGUL DE LEGUME Iasi #221,Groceries,Targul de Legume
PMT Optica Quattro Branch 12 (RO),Health,Optica Quattro
Achizitie FARMACIA HELP Ploiesti #001,Health,Farmacia Help
PMT POS SERVICE AUTO ANDREI Galati 12345,Transport,Service Auto Andrei
Achizitie Vaccinare Centrul Medical AFI Cotroceni AUT:887412,Health,Vaccinare Centrul Medical
PMT POS curatenie casa Mall #221,Housing,Curatenie casa
Plata cu cardul AU BON PAIN Drumul Taberei AUT:887412,Restaurants,Au Bon Pain
PMT Dr Dentist Branch 12 #4321,Health,Dr Dentist
ABOUT YOU Center (RO),Other,About You
PMT spotify family Brasov RID:34521,Subscriptions,Spotify Family
Plata cu cardul Camin Bucuresti Timisoara 12345,Education,Camin Bucuresti
Achizitie niro market ROM (RO),Groceries,Niro Market
Achizitie SCOALA GENERALA 4 Bucharest RO,Education,Scoala Generala 4
Plata POS FIZIOTERAPIE SEDINTA Branch 12 RO,Health,Fizioterapie sedinta
PMT POS Karaoke Bar Avant Iasi (RO),Entertainment,Karaoke Bar Avant
SOCAR AFI Cotroceni RO,Transport,SOCAR
PURCHASE BISTRO VINTAGE Cotroceni #001,Restaurants,Bistro Vintage
Cumparare OMV PETROLSTATION Center #14,Transport,OMV PetrolStation
Achizitie BLACKROCK ISHARES Downtown #4321,Investments,BlackRock iShares
Achizitie ENGIE ROMANIA Oradea,Utilities,Engie Romania
POS family market Mall Vitan #001,Groceries,Family Market
POS Policlinica Titu Maiorescu Timisoara #001,Health,Policlinica Titu Maiorescu
Cumparare Evernote Personal Sibiu #221,Subscriptions,Evernote Personal
Cumparare TERMOFICARE CET EU,Utilities,Termoficare CET
Achizitie CARL'S JR Mall Vitan AUT:887412,Restaurants,Carl's Jr
POS cabinet veterinar pet doctor Iasi #4321,Other,Cabinet Veterinar Pet Doctor
Plata POS Sushi Now Constanta AUT:887412,Restaurants,Sushi Now
POS Escape Room Adventure Oradea #221,Entertainment,Escape Room Adventure
Plata POS FLORARIA MADA EU #14,Other,Floraria Mada
Electrica Furnizare EU (RO),Utilities,Electrica Furnizare
Achizitie ASOCIATIE LOCATARI SECT 1 Branch 12 RO,Housing,Asociatie locatari sect 1
PMT Carte tehnica online Cluj RO,Education,Carte tehnica online
Chirie luna iunie Galati (RO),Housing,Chirie luna iunie
Plata cu cardul fresh corner EU #221,Groceries,Fresh Corner
Achizitie BRUTARIA PAUL Pipera #001,Groceries,Brutaria Paul
Plata cu cardul RENT MAY Online #001,Housing,RENT MAY
PURCHASE CABINET STOMATOLOGIC BRIGHT Sun Plaza #001,Health,Cabinet Stomatologic Bright
PMT WordPress.com Premium Branch 12 RID:34521,Subscriptions,WordPress.com Premium
PMT REZERVARE AIRBNB CLUJ Online #001,Travel,Rezervare Airbnb Cluj
Achizitie youtube tv Baneasa AUT:887412,Subscriptions,YouTube TV
Achizitie INCASARE DE LA MARIA Oradea #001,Transfer,Incasare de la Maria
Plata cu cardul Joc PC Steam EU #4321,Entertainment,Joc PC Steam
PURCHASE Qatar Airways EU #4321,Travel,Qatar Airways
Achizitie ETSY PURCHASE Iasi 12345,Other,Etsy purchase
broker bt capital Mall AUT:887412,Investments,Broker BT Capital
Plata POS EasyJet Floreasca 12345,Travel,EasyJet
HOTEL ATHENEE PALACE Store 04 RO,Travel,Hotel Athenee Palace
Achizitie Piata Matache Branch 12 #221,Groceries,Piata Matache
POS dr. dent Aviatorilor,Health,Dr. Dent
ING Home'Bank transfer Pipera #14,Transfer,ING Home'Bank transfer
PMT Au Bon Pain Vitan (RO),Restaurants,Au Bon Pain
PMT Memrise Mall #14,Education,Memrise
PMT nike store Aviatorilor AUT:887412,Other,Nike store
PMT POS EDO SUSHI EU RO,Restaurants,Edo Sushi
POS mcd Baneasa AUT:887412,Restaurants,McD
Achizitie TURKISH AIRLINES Promenada RO,Travel,Turkish Airlines
POS Reserved RO Online #4321,Other,Reserved RO
Plata online generic Baneasa #001,Other,Plata online generic
PURCHASE Administrator bloc 12 Constanta,Housing,Administrator bloc 12
Plata cu cardul Property Manager fees Park Lake RO,Housing,Property Manager fees
Plata cu cardul Carturesti Online Store 04 #4321,Education,Carturesti Online
Achizitie Asigurare locuinta Mall Vitan (RO),Housing,Asigurare locuinta
Cumparare selgros Vitan RID:34521,Groceries,Selgros
PMT POS JD SPORTS Park Lake RO,Other,JD Sports
PURCHASE Vatra Restaurant Branch 12 #14,Restaurants,Vatra Restaurant
POS SALARY TRANSFER Brasov (RO),Salary,SALARY TRANSFER
POS MedLife Constanta Bucharest,Health,MedLife Constanta
PMT Top-up Revolut Constanta RID:34521,Transfer,Top-up Revolut
Alimentara Express Store 04 RID:34521,Groceries,Alimentara Express
PMT Black Cab Sun Plaza (RO),Transport,Black Cab
POS ATELIER FOTO ANDREI Online (RO),Other,Atelier Foto Andrei
PURCHASE DigitalOcean Droplet Vitan #14,Subscriptions,DigitalOcean Droplet
Achizitie p2p payment andrei Park Lake #14,Transfer,P2P payment Andrei
PMT POS Xbox Game Pass Ploiesti RID:34521,Entertainment,Xbox Game Pass
Plata cu cardul Deposit rent EU #14,Housing,Deposit rent
Plata cu cardul Wolt Scooter Store 04 RID:34521,Transport,Wolt Scooter
Cumparare RCS-RDS Bucuresti 12345,Utilities,RCS-RDS
Cumparare FMI Bucuresti Cluj #221,Education,FMI Bucuresti
PMT POS Wok to Walk Timisoara #001,Restaurants,Wok to Walk
Plata cu cardul WHOLE FOODS MARKET Branch 12 RID:34521,Groceries,Whole Foods Market
Plata cu cardul NORWEGIAN AIR Sun Plaza #14,Travel,Norwegian Air
PURCHASE ASE Bucuresti Floreasca #001,Education,ASE Bucuresti
PMT Sephora Ploiesti 12345,Other,Sephora
PMT POS KENTUCKY FRIED CHICKEN Pipera #221,Restaurants,Kentucky Fried Chicken
Cumparare Tommy Hilfiger Pipera #14,Other,Tommy Hilfiger
Cumparare Petexpert Bucharest RO,Other,Petexpert
BIKERO Constanta AUT:887412,Transport,BikeRO
Plata cu cardul PLURALSIGHT Ploiesti (RO),Education,Pluralsight
PMT eToro deposit RO 12345,Investments,eToro deposit
Plata cu cardul Libraria Diverta Sun Plaza RO,Education,Libraria Diverta
Plata POS iCloud Baneasa,Subscriptions,iCloud
PMT POS OMV Bucharest,Transport,OMV
PMT POS Blue Air Cotroceni RO,Travel,Blue Air
Cumparare Restaurantul La Mama Downtown RO,Restaurants,Restaurantul La Mama
PMT POS FIVERR PAYOUT ROM (RO),Salary,Fiverr payout
Cumparare Tichet cultural Edenred Sun Plaza RID:34521,Other,Tichet cultural Edenred
Achizitie Babbel subscription EU #001,Subscriptions,Babbel subscription
bowling cosmos ROM #4321,Entertainment,Bowling Cosmos
PMT HOTELS.COM Iasi #4321,Travel,Hotels.com
PURCHASE aquatim timisoara AFI Cotroceni AUT:887412,Utilities,Aquatim Timisoara
PMT Wolt Scooter Pipera AUT:887412,Transport,Wolt Scooter
Cumparare TICHET CULTURAL EDENRED Mall RO,Other,Tichet cultural Edenred
Plata cu cardul webull deposit Floreasca RID:34521,Investments,Webull deposit
PMT CHIRIE APARTAMENT AFI Cotroceni 12345,Housing,Chirie apartament
PMT POS McD Ploiesti #4321,Restaurants,McD
PURCHASE Eurospar Cluj (RO),Groceries,Eurospar
POS KHAN ACADEMY Park Lake RO,Education,Khan Academy
PMT OTP VIRAMENT Branch 12 #14,Transfer,OTP virament
cez romania Floreasca #4321,Utilities,CEZ Romania
PMT POS asigurare travel city RO RID:34521,Travel,Asigurare travel City
PMT Autostrada A1 Park Lake (RO),Transport,Autostrada A1
PMT POS UBER EATS Mall 12345,Restaurants,Uber Eats
PMT POS SCHIMB VALUTAR RAIFFEISEN Cluj (RO),Transfer,Schimb valutar Raiffeisen
office 365 Bucharest RID:34521,Subscriptions,Office 365
PURCHASE editura polirom carte ROM RID:34521,Education,Editura Polirom carte
PMT bilete fotbal dinamo ROM (RO),Entertainment,Bilete fotbal Dinamo
PURCHASE RAT Sibiu Downtown #001,Transport,RAT Sibiu
PURCHASE VRBO Ploiesti RID:34521,Travel,Vrbo
PURCHASE Edo Sushi Vitan #221,Restaurants,Edo Sushi
PURCHASE Pilates studio Oradea #4321,Health,Pilates studio
MORTGAGE PAYMENT Downtown #4321,Housing,Mortgage payment
PURCHASE cabinet ortopedie Bucuresti #001,Health,Cabinet Ortopedie
Plata POS bootcamp coding AFI Cotroceni RO,Education,Bootcamp Coding
Achizitie Bolt Bucharest #221,Transport,Bolt
Achizitie HBO Max RO Promenada #221,Subscriptions,HBO Max RO
Cumparare ratb Branch 12 RO,Transport,RATB
Plata cu cardul Decont deplasare EU RO,Salary,Decont deplasare
PURCHASE ProtonVPN Center RO,Subscriptions,ProtonVPN
Achizitie FARMACIA HELP Online RO,Health,Farmacia Help
POS facultatea de informatica ROM #14,Education,Facultatea de Informatica
Plata cu cardul Broker BT Capital Downtown RO,Investments,Broker BT Capital
POS enel romania Baneasa AUT:887412,Utilities,Enel Romania
olx imobiliare Pipera #001,Housing,OLX Imobiliare
krispy kreme Baneasa (RO),Restaurants,Krispy Kreme
Plata POS ONORARIU CONSULTANTA Bucharest,Salary,Onorariu consultanta
PMT POS ETF EUNL Bucharest RID:34521,Investments,ETF EUNL
PMT POS DONATIE ONG Park Lake RO,Other,Donatie ONG
Achizitie Chirie apartament Bucuresti (RO),Housing,Chirie apartament
PMT POS Hotel Intercontinental Aviatorilor #4321,Travel,Hotel Intercontinental
PURCHASE TICHETE MASA UP Bucharest #001,Salary,Tichete masa Up
PURCHASE deepl pro ROM #221,Subscriptions,DeepL Pro
Achizitie WENDY'S Branch 12 (RO),Restaurants,Wendy's
POS Pharmacy ROK Constanta,Health,Pharmacy ROK
Stock purchase AAPL Timisoara RID:34521,Investments,Stock purchase AAPL
PMT POS Booking.com Hotel Branch 12 12345,Travel,Booking.com Hotel
Plata POS termoenergetica sud Park Lake #14,Utilities,Termoenergetica Sud
Farmacia 24h Mall Vitan 12345,Health,Farmacia 24h
Achizitie CENTRUL MEDICAL AVIATORILOR Online,Health,Centrul Medical Aviatorilor
Cumparare coursera plus Online 12345,Education,Coursera Plus
PMT POS BOLT*RIDE Promenada AUT:887412,Transport,BOLT*RIDE
PMT ECO MARKET Downtown RID:34521,Groceries,Eco Market
PMT GOG.com Vitan 12345,Entertainment,GOG.com
Achizitie Opera Bucuresti Branch 12 RID:34521,Entertainment,Opera Bucuresti
POS florarie online Oradea,Other,Florarie Online
PMT POS Asigurare locuinta Drumul Taberei #001,Housing,Asigurare locuinta
virament salariu srl Aviatorilor,Salary,VIRAMENT SALARIU SRL
PURCHASE Apple Music AFI Cotroceni #221,Subscriptions,Apple Music
Plata POS Gold purchase BNR Branch 12,Investments,Gold purchase BNR
Plata cu cardul bolt romania Center #221,Transport,Bolt Romania
PMT POS LOFT CAFE Store 04 RID:34521,Restaurants,Loft Cafe
PMT POS CROITORIE EXPRESS Pipera #001,Other,Croitorie Express
PMT SHOPMAGAZIN Bucharest,Groceries,ShopMagazin
POS KENTUCKY FRIED CHICKEN Center 12345,Restaurants,Kentucky Fried Chicken
Plata POS Cel.ro Park Lake #001,Other,Cel.ro
Cumparare Cabinet Cardiologie Sun Plaza #221,Health,Cabinet Cardiologie
Plata cu cardul SIXT RENT A CAR Bucharest RO,Travel,Sixt Rent a Car
PMT POS FESTIVAL AWAKE Timisoara RID:34521,Entertainment,Festival Awake
Achizitie CINEMA CITY AFI Bucuresti RO,Entertainment,Cinema City AFI
PMT Plata chirie iulie Downtown #4321,Housing,Plata chirie iulie
PMT RATB Park Lake RID:34521,Transport,RATB
UNIVERSITATEA CLUJ RO #14,Education,Universitatea Cluj
PMT GARANTIE CHIRIE Galati 12345,Housing,Garantie chirie
Achizitie Skillshare Aviatorilor #221,Education,Skillshare
Achizitie Deposit rent Brasov RO,Housing,Deposit rent
PMT Onorariu consultanta Sun Plaza #221,Salary,Onorariu consultanta
PMT POS SUBSTACK SUBSCRIPTION Park Lake (RO),Subscriptions,Substack subscription
Plata POS RCS RDS Vitan 12345,Utilities,RCS RDS
PURCHASE nintendo eshop Center #001,Entertainment,Nintendo eShop
POS Revolut stocks Pipera 12345,Investments,Revolut stocks
Vila Carpati EU (RO),Travel,Vila Carpati
POS GLOVO Baneasa #14,Restaurants,Glovo
PMT POS GOLD PURCHASE BNR Center,Investments,Gold purchase BNR
ENTERPRISE CAR RENTAL Cotroceni #221,Travel,Enterprise Car Rental
Plata POS decont deplasare Galati,Salary,Decont deplasare
AIR FRANCE ROM 12345,Travel,Air France
PURCHASE DISNEY+ RO Center (RO),Subscriptions,Disney+ RO
Cumparare Electrician apartament Sun Plaza #221,Housing,Electrician apartament
Achizitie Metroul Bucuresti Drumul Taberei #001,Transport,Metroul Bucuresti
PMT POS CARL'S JR Park Lake RO,Restaurants,Carl's Jr
PMT POS Coursera Specialization EU RID:34521,Education,Coursera Specialization
Plata cu cardul Gazprom Vitan (RO),Transport,Gazprom
PMT Statia ITP Aviatorilor 12345,Transport,Statia ITP
POS BURGER KING Brasov AUT:887412,Restaurants,Burger King
PMT POS Vietnam Restaurant Cotroceni #001,Restaurants,Vietnam Restaurant
Bank to bank SWIFT Store 04 (RO),Transfer,Bank to bank SWIFT
RTEC CONSTANTA Galati AUT:887412,Transport,RTEC Constanta
Plata cu cardul bilet avion online Drumul Taberei #221,Travel,Bilet avion online
JYSK mobilier Iasi RID:34521,Other,JYSK mobilier
PMT E.ON Energie Romania AFI Cotroceni 12345,Utilities,E.ON Energie Romania
POS OnlyFans subscription Oradea AUT:887412,Subscriptions,OnlyFans subscription
Plata POS decont deplasare Floreasca #221,Salary,Decont deplasare
Plata cu cardul CNAIR Rovinieta Timisoara RO,Transport,CNAIR Rovinieta
Plata POS cablu tv + internet Promenada AUT:887412,Utilities,Cablu TV + Internet
Plata cu cardul PATISERIE BOULANGERIE Center 12345,Other,Patiserie Boulangerie
PURCHASE ADOBE PHOTOSHOP Mall,Subscriptions,Adobe Photoshop
Cumparare lukoil Mall Vitan AUT:887412,Transport,Lukoil
PMT Sushi Master Center #4321,Restaurants,Sushi Master
Achizitie Chirie luna iunie RO AUT:887412,Housing,Chirie luna iunie
iaBilet Brasov #221,Entertainment,iaBilet
Cumparare agoda Floreasca (RO),Travel,Agoda
Plata cu cardul Rovinieta Floreasca (RO),Transport,Rovinieta
Cumparare Spitalul Coltea EU AUT:887412,Health,Spitalul Coltea
Plata POS chirie luna iulie Bucuresti 12345,Housing,Chirie luna iulie
Cumparare Metrorex Iasi RO,Transport,Metrorex
PURCHASE icloud storage 200gb Drumul Taberei #14,Subscriptions,iCloud Storage 200GB
PMT Shein order Store 04 #221,Other,Shein order
PURCHASE Carwash Express Aviatorilor RO,Transport,Carwash Express
PMT POS PLATA CONTRACT DREPTURI AUTOR ROM 12345,Salary,Plata contract drepturi autor
POS colegiul mihai viteazul Bucuresti RID:34521,Education,Colegiul Mihai Viteazul
POS STEAM Mall AUT:887412,Entertainment,Steam
Plata POS Interactive Brokers Drumul Taberei (RO),Investments,Interactive Brokers
Cumparare terasa vara herastrau Drumul Taberei AUT:887412,Restaurants,Terasa Vara Herastrau
POS uber eats Center #001,Restaurants,Uber Eats
PURCHASE DIRECT DEPOSIT PAYROLL Sun Plaza #001,Salary,Direct Deposit Payroll
Achizitie bank to bank swift Sibiu (RO),Transfer,Bank to bank SWIFT
PURCHASE Five Guys Vitan RO,Restaurants,Five Guys
Achizitie CFR Calatori Timisoara (RO),Transport,CFR Calatori
POS AMAZON ORDER Store 04 #221,Other,Amazon order
PURCHASE up card Cluj #001,Other,Up Card
Plata POS five guys Constanta #221,Restaurants,Five Guys
PURCHASE UNISWAP SWAP Park Lake (RO),Investments,Uniswap swap
Plata POS BOOTCAMP CODING Constanta #221,Education,Bootcamp Coding
Plata cu cardul enel*fact EU RO,Utilities,ENEL*FACT
Plata POS Hostel Friends Baneasa #221,Travel,Hostel Friends
POS Beauty Salon Pretty ROM #221,Other,Beauty Salon Pretty
POS CEC VIRAMENT Cotroceni 12345,Transfer,CEC virament
Hardee's Vitan 12345,Restaurants,Hardee's
PURCHASE Apometru index Sun Plaza 12345,Utilities,Apometru index
SANADOR Online AUT:887412,Health,Sanador
Vercel Pro Downtown 12345,Subscriptions,Vercel Pro
dentist brilliant Aviatorilor,Health,Dentist Brilliant
POS BERE SI GRILL RO,Restaurants,Bere si grill
vietnameza pipera Pipera AUT:887412,Restaurants,Vietnameza Pipera
Loft Cafe Timisoara #001,Restaurants,Loft Cafe
PMT POS WordPress.com Premium AFI Cotroceni 12345,Subscriptions,WordPress.com Premium
Plata cu cardul Brilliant.org Bucharest #221,Education,Brilliant.org
POS Wendys Branch 12 RID:34521,Restaurants,Wendys
Cumparare TAXA SCOLARIZARE LICENTA RO (RO),Education,Taxa scolarizare licenta
POS Cofetaria Boema Ploiesti,Other,Cofetaria Boema
PMT coop Brasov 12345,Groceries,Coop
POS DISNEY PLUS Ploiesti (RO),Subscriptions,Disney Plus
Plata POS british airways Aviatorilor RO,Travel,British Airways
Cumparare CEZ Romania Oradea #4321,Utilities,CEZ Romania
POS FRONTENDMASTERS Brasov 12345,Education,FrontendMasters
POS Gazprom Ploiesti 12345,Transport,Gazprom
PMT TAROM BILET ONLINE RO AUT:887412,Travel,TAROM bilet online
Cumparare CRYPTO AIRDROP RO AUT:887412,Investments,Crypto airdrop
Plata POS Leroy Merlin Bucharest #221,Other,Leroy Merlin
Plata cu cardul vila carpati Mall #14,Travel,Vila Carpati
PURCHASE cinemax iulius mall Online RO,Entertainment,Cinemax Iulius Mall
Plata POS kfc Vitan #221,Restaurants,KFC
Achizitie Trader Joe's Mall Vitan AUT:887412,Groceries,Trader Joe's
POS CABINET STOMATOLOGIC BRIGHT Cluj AUT:887412,Health,Cabinet Stomatologic Bright
POS Acuarela Cafe Sibiu 12345,Restaurants,Acuarela Cafe
Plata POS RAJA CONSTANTA RO #001,Utilities,Raja Constanta
Plata POS edX MicroMasters ROM AUT:887412,Education,edX MicroMasters
Achizitie brutaria boromir Ploiesti #221,Groceries,Brutaria Boromir
Cumparare Shake Shack Downtown,Restaurants,Shake Shack
Plata cu cardul Decathlon Branch 12 #4321,Other,Decathlon
Plata cu cardul Manual Editura Niculescu Pipera #001,Education,Manual Editura Niculescu
Cumparare Scoala Generala 4 Timisoara AUT:887412,Education,Scoala Generala 4
Boromir Prod Cotroceni AUT:887412,Groceries,Boromir Prod
Plata POS Uber EU #14,Transport,Uber
PMT Libraria Diverta Vitan 12345,Education,Libraria Diverta
Cumparare Farmacia Tei Aviatorilor (RO),Health,Farmacia Tei
PMT POS taxa scolarizare licenta EU #4321,Education,Taxa scolarizare licenta
POS RADET BUCURESTI Oradea,Utilities,Radet Bucuresti
Cumparare BRITISH AIRWAYS Online (RO),Travel,British Airways
PMT Intretinere Cotroceni #14,Housing,Intretinere
PURCHASE mcdonalds Online #001,Restaurants,McDonalds
Achizitie ALBINUTA MAGAZIN Online RID:34521,Groceries,Albinuta Magazin
Achizitie Pluralsight Pipera AUT:887412,Education,Pluralsight
Plata cu cardul TakeAway Promenada #001,Restaurants,TakeAway
Achizitie STRADIVARIUS Center AUT:887412,Other,Stradivarius
PMT Audible Online,Subscriptions,Audible
PMT RATBV Brasov Drumul Taberei #14,Transport,RATBV Brasov
Cumparare sepa credit transfer Center RO,Transfer,SEPA Credit Transfer
PURCHASE NINTENDO ESHOP Oradea (RO),Entertainment,Nintendo eShop
PURCHASE CAMIN BUCURESTI Bucharest,Education,Camin Bucuresti
PURCHASE Optica Optiblu EU RID:34521,Health,Optica Optiblu
POS CAFENEA AVIATORILOR Center,Restaurants,Cafenea Aviatorilor
PURCHASE Factura internet Aviatorilor 12345,Utilities,Factura internet
CITIRE CONTOR Park Lake (RO),Utilities,Citire contor
ase taxa master Baneasa #14,Education,ASE Taxa Master
PMT DECATHLON Cotroceni 12345,Other,Decathlon
Achizitie Curatenie apartament AFI Cotroceni #4321,Housing,Curatenie apartament
Recoltare analize EU AUT:887412,Health,Recoltare analize
PURCHASE Internet la Domiciliu RO #4321,Utilities,Internet la Domiciliu
Achizitie YouTube Premium Online AUT:887412,Subscriptions,YouTube Premium
Achizitie Cabinet Dermatologie Bucuresti (RO),Health,Cabinet Dermatologie
Cumparare VRBO Promenada RID:34521,Travel,Vrbo
Plata cu cardul Mega Image Galati RID:34521,Groceries,Mega Image
Cumparare Chick-fil-A RO #221,Restaurants,Chick-fil-A
Achizitie ASIGURARE CASA ALLIANZ Branch 12 AUT:887412,Housing,Asigurare casa Allianz
COURSERA PLUS Online #221,Education,Coursera Plus
M60 Coffee Iasi #4321,Restaurants,M60 Coffee
Cumparare patreon membership Floreasca 12345,Subscriptions,Patreon membership
Cumparare Black Cab Online #4321,Transport,Black Cab
Cumparare la placinte Bucuresti RID:34521,Restaurants,La Placinte
Plata POS Opera Nationala Promenada (RO),Entertainment,Opera Nationala
PMT POS BINANCE DEPOSIT Cotroceni #14,Investments,Binance deposit
PMT POS CAFENEA AVIATORILOR Baneasa RO,Restaurants,Cafenea Aviatorilor
Plata cu cardul Cinema City Center #4321,Entertainment,Cinema City
PMT SMASHBURGER Online #221,Restaurants,Smashburger
PURCHASE CASA RUSU MOBILIER Baneasa (RO),Other,Casa Rusu mobilier
PMT POS datacamp premium Floreasca (RO),Education,DataCamp Premium
PMT POS eventim Store 04 12345,Entertainment,Eventim
PURCHASE Casa Inteligenta administrare Bucharest 12345,Housing,Casa Inteligenta administrare
PMT Transfer cont curent Constanta (RO),Transfer,Transfer cont curent
PURCHASE charles schwab EU #221,Investments,Charles Schwab
POS CENTRUL MEDICAL AVIATORILOR Vitan RID:34521,Health,Centrul Medical Aviatorilor
PURCHASE MANUAL EDITURA NICULESCU Galati,Education,Manual Editura Niculescu
Achizitie Administrator bloc 28 EU #14,Housing,Administrator bloc 28
Achizitie Asigurare casa Allianz Center #001,Housing,Asigurare casa Allianz
RTEC Constanta Sibiu #14,Transport,RTEC Constanta
POS LA PLACINTE Constanta AUT:887412,Restaurants,La Placinte
Plata cu cardul CARTURESTI ONLINE Online RID:34521,Education,Carturesti Online
Plata POS M60 Coffee Mall #001,Restaurants,M60 Coffee
Achizitie KARAOKE BAR AVANT Constanta #14,Entertainment,Karaoke Bar Avant
Cumparare Gaze Naturale Galati #001,Utilities,Gaze Naturale
Achizitie velorent AFI Cotroceni (RO),Transport,VeloRent
PMT Five Guys Downtown,Restaurants,Five Guys
PMT HOTEL CISMIGIU Sun Plaza,Travel,Hotel Cismigiu
Achizitie STRAVA PREMIUM Ploiesti #14,Subscriptions,Strava Premium
Plata cu cardul Gaze Naturale EU #221,Utilities,Gaze Naturale
PURCHASE asociatie locatari Store 04 #4321,Housing,Asociatie locatari
Achizitie ORANGE ROMANIA FIXED Ploiesti AUT:887412,Utilities,Orange Romania Fixed
Cumparare Amazon.com Online #14,Other,Amazon.com
PMT POS PRET A MANGER Galati,Restaurants,Pret a Manger
PIATA MATACHE Constanta #221,Groceries,Piata Matache
PURCHASE RATB Cotroceni #221,Transport,RATB
POS ONLYFANS SUBSCRIPTION Sibiu #14,Subscriptions,OnlyFans subscription
city tour lisbon Store 04 #001,Travel,City tour Lisbon
POS TRADER JOE'S Mall #221,Groceries,Trader Joe's
Plata POS CLINICA POLISANO Mall AUT:887412,Health,Clinica Polisano
PMT POS Decont salarial Bucuresti #001,Salary,Decont salarial
POS Administrator bloc 28 Mall RID:34521,Housing,Administrator bloc 28
PMT db bahn Online AUT:887412,Transport,DB Bahn
Plata POS escape room adventure Oradea RO,Entertainment,Escape Room Adventure
POS XPRESS MARKET Bucharest AUT:887412,Groceries,XPRESS Market
Achizitie Panera Bread Branch 12 RO,Restaurants,Panera Bread
POS Setapp Mall #001,Subscriptions,Setapp
POS P2P CRYPTO EXCHANGE RO AUT:887412,Investments,P2P crypto exchange
Cumparare ENERGIEA BAR Baneasa,Restaurants,Energiea Bar
PURCHASE Calm app Bucharest #4321,Subscriptions,Calm app
PURCHASE psn store Cotroceni RO,Entertainment,PSN Store
Plata POS Frizerie Old School EU,Other,Frizerie Old School
PMT icloud storage 200gb Brasov AUT:887412,Subscriptions,iCloud Storage 200GB
POS burgerking Aviatorilor AUT:887412,Restaurants,BURGERKING
ROYALTY PAYMENT AMAZON Timisoara (RO),Salary,Royalty payment Amazon
PURCHASE LIFECLUB SALA Downtown (RO),Health,Lifeclub Sala
Achizitie ONLYFANS SUBSCRIPTION Bucuresti RO,Subscriptions,OnlyFans subscription
Plata cu cardul steam Brasov (RO),Entertainment,Steam
ABOUT YOU Bucharest 12345,Other,About You
Plata cu cardul enel*fact Drumul Taberei #14,Utilities,ENEL*FACT
Plata POS Lufthansa Group Bucharest AUT:887412,Travel,Lufthansa Group
Achizitie CALVIN KLEIN STORE Ploiesti 12345,Other,Calvin Klein store
Plata cu cardul Transfer card to card Drumul Taberei RO,Transfer,Transfer card to card
SALARY TRANSFER Floreasca #001,Salary,SALARY TRANSFER
Plata POS Apple One Mall Vitan RID:34521,Subscriptions,Apple One
POS bowling mega mall ROM #221,Entertainment,Bowling Mega Mall
Plata POS Origo Coffee Drumul Taberei (RO),Restaurants,Origo Coffee
Plata cu cardul western union transfer Sibiu #14,Transfer,Western Union transfer
Achizitie MCDS ROM,Restaurants,MCDS
POS Casa Inteligenta administrare AFI Cotroceni #001,Housing,Casa Inteligenta administrare
PURCHASE Mobexpert Bucharest AUT:887412,Other,Mobexpert
PMT POS Lem's mobilier Vitan,Other,Lem's mobilier
Plata cu cardul Epic Games Vitan AUT:887412,Entertainment,Epic Games
PMT POS expressvpn Bucharest,Subscriptions,ExpressVPN
Cumparare Payslip ACME SRL Online (RO),Salary,Payslip ACME SRL
Plata POS Coffee Lab Baneasa (RO),Restaurants,Coffee Lab
PURCHASE Coursera Specialization Mall Vitan (RO),Education,Coursera Specialization
Plata POS Sanador Diagnostic ROM 12345,Health,Sanador Diagnostic
Cumparare rebu bucuresti Center AUT:887412,Utilities,REBU Bucuresti
PMT POS takeaway Constanta #14,Restaurants,TakeAway
PMT PARK LAKE BOWLING Oradea RID:34521,Entertainment,Park Lake bowling
PURCHASE tichete cadou edenred Oradea,Salary,Tichete cadou Edenred
Achizitie plata chirie Cluj #4321,Housing,Plata chirie
Plata cu cardul norwegian air Center RO,Travel,Norwegian Air
direct deposit acme Park Lake (RO),Salary,Direct Deposit ACME
Plata POS AIRBNB Sibiu AUT:887412,Travel,Airbnb
PMT Factura apa ROM #001,Utilities,Factura apa
Achizitie administrator bloc 28 Bucuresti 12345,Housing,Administrator bloc 28
PURCHASE gift card Promenada #4321,Other,Gift card
PMT SALARY EMPLOYER Cluj,Salary,SALARY EMPLOYER
POS HOTEL ATHENEE PALACE Mall RID:34521,Travel,Hotel Athenee Palace
POS Salariu Net Iunie Bucharest #4321,Salary,Salariu Net Iunie
Achizitie EPIC GAMES STORE Brasov RO,Entertainment,Epic Games Store
POS CARWASH EXPRESS Store 04 AUT:887412,Transport,Carwash Express
POS gaze naturale Iasi #14,Utilities,Gaze Naturale
Cumparare Coursera Plus annual Floreasca #221,Subscriptions,Coursera Plus annual
PMT POS edX Microsoft Baneasa RO,Education,edX Microsoft
Plata POS KAUFLAND Cotroceni #14,Groceries,Kaufland
Plata POS PIZZERIA BONITA ROM #4321,Restaurants,Pizzeria Bonita
Plata POS iabilet Oradea,Entertainment,iaBilet
Cumparare Ramses Sushi Drumul Taberei #221,Restaurants,Ramses Sushi
Cumparare EXPEDIA Vitan 12345,Travel,Expedia
PMT Beraria H Floreasca 12345,Restaurants,Beraria H
Libraria Mihai Eminescu Cotroceni (RO),Education,Libraria Mihai Eminescu
Cinemax Iulius Mall Oradea #14,Entertainment,Cinemax Iulius Mall
PMT POS Tommy Hilfiger RO #4321,Other,Tommy Hilfiger
Pizzeria Presto Pipera,Restaurants,Pizzeria Presto
PMT omv petrolstation Bucharest #001,Transport,OMV PetrolStation
POS SHEIN ORDER Vitan RID:34521,Other,Shein order
PMT TucanoCoffee Park Lake #14,Restaurants,TucanoCoffee
PMT BRD TRANSFER EXTERN Online AUT:887412,Transfer,BRD transfer extern
PURCHASE Carte tehnica online RO #14,Education,Carte tehnica online
PMT Beans & Dots Cluj #221,Restaurants,Beans & Dots
PURCHASE CHIRIE LUNA IUNIE RO 12345,Housing,Chirie luna iunie
Plata cu cardul SNCF RO,Transport,SNCF
POS hostelworld Sibiu #14,Travel,Hostelworld
POS BABBEL LEARNING Pipera #4321,Education,Babbel Learning
PURCHASE APPLE ONE EU 12345,Subscriptions,Apple One
Plata POS Pharmacy 24/7 Iasi #221,Health,Pharmacy 24/7
Plata POS linea closer to the moon Sibiu (RO),Restaurants,Linea Closer to the Moon
Plata cu cardul avis rent EU RID:34521,Travel,Avis Rent
PURCHASE Surfshark VPN Baneasa #4321,Subscriptions,Surfshark VPN
Cumparare MEGA IMAGE Cluj (RO),Groceries,Mega Image
Achizitie Incasare de la Maria Drumul Taberei 12345,Transfer,Incasare de la Maria
POS SPOTIFY PREMIUM Mall #001,Subscriptions,Spotify Premium
baumax Mall RO,Other,BAUMAX
Achizitie Yango Center,Transport,Yango
Achizitie NORWEGIAN AIR Aviatorilor (RO),Travel,Norwegian Air
Cumparare Apple Music Cluj #221,Subscriptions,Apple Music
ACHIZITIE APLICATIE Store 04,Other,Achizitie aplicatie
Cumparare SPORTISIMO RO #14,Other,Sportisimo
Cumparare Hotels.com Pipera RID:34521,Travel,Hotels.com
PMT Coop RO RO,Groceries,Coop
PMT POS Bonus anual Pipera RID:34521,Salary,Bonus anual
Plata POS Wizz Air Center 12345,Travel,Wizz Air
Plata cu cardul COURSERA SPECIALIZATION Sun Plaza #14,Education,Coursera Specialization
Achizitie Alimentara Express Center 12345,Groceries,Alimentara Express
Achizitie UDEMY COURSE Drumul Taberei #221,Education,Udemy Course
Plata POS NOTION FAMILY EU AUT:887412,Subscriptions,Notion Family
Cumparare Biletul Sportiv Cotroceni AUT:887412,Entertainment,Biletul Sportiv
PMT POS HOTEL HILTON SIBIU Mall Vitan AUT:887412,Travel,Hotel Hilton Sibiu
PMT tfl oyster Cotroceni #4321,Transport,TfL Oyster
Plata POS uber romania Iasi #4321,Transport,Uber Romania
Plata POS burgerista Center RID:34521,Restaurants,Burgerista
PURCHASE PET SHOP ANIMALIER Floreasca #001,Other,Pet Shop Animalier
DOMINOS PIZZA Center #001,Restaurants,Dominos Pizza
Plata POS CAFFE DEL SUD Constanta #14,Restaurants,Caffe del Sud
PURCHASE Cinema City Promenada Oradea #4321,Entertainment,Cinema City Promenada
Coffee Shop Bohemia Park Lake #221,Restaurants,Coffee Shop Bohemia
PMT POS Sanador Diagnostic ROM AUT:887412,Health,Sanador Diagnostic
roviniete online Downtown RO,Transport,Roviniete Online
Plata POS XBOX LIVE Bucharest RO,Entertainment,Xbox Live
PMT POS HOTEL HILTON SIBIU Iasi RO,Travel,Hotel Hilton Sibiu
PMT CAFENEA AVIATORILOR Sun Plaza RO,Restaurants,Cafenea Aviatorilor
Plata POS WENDYS Center AUT:887412,Restaurants,Wendys
Cumparare Avans chirie Mall #14,Housing,Avans chirie
Plata cu cardul florarie online EU AUT:887412,Other,Florarie Online
khan academy Constanta #14,Education,Khan Academy
tichete vacanta Aviatorilor #4321,Salary,Tichete vacanta
Plata cu cardul trading212 deposit Store 04 12345,Investments,Trading212 deposit
POS Vodafone Romania Sun Plaza RID:34521,Utilities,Vodafone Romania
PMT WORKSHOP UI Bucharest AUT:887412,Education,Workshop UI
PMT teatrul mic Floreasca (RO),Entertainment,Teatrul Mic
Plata POS Profi Loco ROM RID:34521,Groceries,Profi Loco
Cumparare storia.ro listare Center #221,Housing,Storia.ro listare
Plata POS Internet fibra optica EU #001,Utilities,Internet fibra optica
Achizitie CARL'S JR ROM #14,Restaurants,Carl's Jr
PMT POS Administrator bloc 12 Galati RO,Housing,Administrator bloc 12
Cumparare Fond mutual BT Asset Mgmt Promenada (RO),Investments,Fond mutual BT Asset Mgmt
Cumparare trivago Pipera #4321,Travel,Trivago
PURCHASE Decont deplasare Bucuresti AUT:887412,Salary,Decont deplasare
SPORTISIMO Downtown #4321,Other,Sportisimo
Plata POS new yorker Oradea #14,Other,New Yorker
Achizitie Vulcanizare Auto Drumul Taberei #221,Transport,Vulcanizare Auto
Plata cu cardul BURSA BUCURESTI BVB Ploiesti #14,Investments,Bursa Bucuresti BVB
Plata cu cardul BT transfer Center #4321,Transfer,BT transfer
PURCHASE Top-up Revolut Ploiesti #4321,Transfer,Top-up Revolut
Achizitie western union transfer Store 04 12345,Transfer,Western Union transfer
Plata cu cardul FRESHMARKET Store 04 RID:34521,Groceries,FreshMarket
PMT Schimb valutar Raiffeisen Center RO,Transfer,Schimb valutar Raiffeisen
PURCHASE carturesti online Sibiu #221,Education,Carturesti Online
PMT Reparatii electrocasnice Ploiesti,Other,Reparatii electrocasnice
PMT CROITORIE DE LUX EU 12345,Other,Croitorie de Lux
Plata cu cardul WIZZ AIR Online #001,Travel,Wizz Air
PURCHASE Black Cab Center RO,Transport,Black Cab
Plata cu cardul Salariu Net Iunie Bucharest #14,Salary,Salariu Net Iunie
Achizitie ASE Taxa Master Pipera RO,Education,ASE Taxa Master
Plata POS Restaurantul La Mama Brasov #4321,Restaurants,Restaurantul La Mama
Achizitie BURGERFEST Online #001,Restaurants,BurgerFest
Plata POS UBER*TRIP Baneasa RO,Transport,UBER*TRIP
PMT STEAK HOUSE BUCURESTI Pipera #001,Restaurants,Steak House Bucuresti
Google Workspace Brasov #001,Subscriptions,Google Workspace
Achizitie Domo Romania Floreasca #14,Other,Domo Romania
POS property manager fees Baneasa #14,Housing,Property Manager fees
gog.com Store 04 (RO),Entertainment,GOG.com
Cinemax Downtown AUT:887412,Entertainment,Cinemax
wolt scooter Bucharest (RO),Transport,Wolt Scooter
PMT Tinder Gold Downtown #4321,Subscriptions,Tinder Gold
Plata cu cardul CEC VIRAMENT Aviatorilor (RO),Transfer,CEC virament
Achizitie BRILLIANT.ORG Bucharest AUT:887412,Education,Brilliant.org
POS Apple.com/bill Mall,Subscriptions,Apple.com/bill
PURCHASE Salariu luna iunie Promenada #14,Salary,Salariu luna iunie
Achizitie Trattoria il Calcio Cluj,Restaurants,Trattoria il Calcio
PURCHASE MIGROS Galati AUT:887412,Groceries,Migros
Hornbach magazin ROM,Other,Hornbach magazin
Cumparare Sportisimo Ploiesti #4321,Other,Sportisimo
PMT POS CEZ Vanzare RO (RO),Utilities,CEZ Vanzare
POS Family Market AFI Cotroceni #221,Groceries,Family Market
POS Bonus performanta Q1 Brasov #001,Salary,Bonus performanta Q1
Cumparare carrefour express Sun Plaza #4321,Groceries,Carrefour Express
POS Asigurare locuinta Branch 12 12345,Housing,Asigurare locuinta
Achizitie WENDY'S Store 04 #001,Restaurants,Wendy's
Cumparare RAJA CONSTANTA ROM #4321,Utilities,Raja Constanta
PMT POS Gold purchase BNR Park Lake 12345,Investments,Gold purchase BNR
POS CABLU TV + INTERNET Branch 12 RID:34521,Utilities,Cablu TV + Internet
PURCHASE transfer intern Cluj RO,Transfer,Transfer intern
Plata POS carrefour Online RID:34521,Groceries,Carrefour
POS Optimall optica Online 12345,Health,Optimall optica
AUDIBLE Constanta 12345,Subscriptions,Audible
NOTION PERSONAL Timisoara #001,Subscriptions,Notion Personal
Achizitie rent may Sun Plaza #221,Housing,RENT MAY
Plata POS INTERACTIVE BROKERS RO RO,Investments,Interactive Brokers
Plata POS Brutaria Anatolia Downtown 12345,Groceries,Brutaria Anatolia
Achizitie APA REGNAULT Iasi #4321,Utilities,Apa Regnault
PURCHASE Transfer card to card Promenada RID:34521,Transfer,Transfer card to card
Plata cu cardul Termoenergetica Floreasca #221,Utilities,Termoenergetica
POS Hornbach magazin Center #221,Other,Hornbach magazin
Libraria Humanitas Vitan #4321,Education,Libraria Humanitas
Cumparare Transfer in lei Aviatorilor RID:34521,Transfer,Transfer in lei
Plata POS H&M MAGAZIN Brasov,Other,H&M magazin
Babbel Learning Branch 12 RO,Education,Babbel Learning
POS Duolingo Super ROM RO,Subscriptions,Duolingo Super
PMT OTP virament Galati 12345,Transfer,OTP virament
Cumparare Apa Regnault Constanta #14,Utilities,Apa Regnault
Cumparare Farmacia Dona Ploiesti #001,Health,Farmacia Dona
POS Salariu Net Mai RO RO,Salary,Salariu Net Mai
UNIVERSITATEA BUCURESTI Downtown #4321,Education,Universitatea Bucuresti
Achizitie Pluralsight Skills Oradea RID:34521,Education,Pluralsight Skills
POS SALARIU ACME SRL ROM RO,Salary,Salariu ACME SRL
Bonus performanta Q2 Center (RO),Salary,Bonus performanta Q2
VIRAMENT SALARIU SRL Cluj #001,Salary,VIRAMENT SALARIU SRL
PMT CADOU ONLINE Bucharest (RO),Other,Cadou online
PURCHASE Revolut top-up RO RID:34521,Transfer,Revolut top-up
CAFENEA ORIGO Galati 12345,Restaurants,Cafenea Origo
PURCHASE baumax Sibiu RID:34521,Other,BAUMAX
PURCHASE broker bt capital Baneasa #221,Investments,Broker BT Capital
AeroItalia Sun Plaza (RO),Travel,AeroItalia
PURCHASE Nintendo Switch Online Sibiu 12345,Entertainment,Nintendo Switch Online
PMT POS Metrorex Drumul Taberei #14,Transport,Metrorex
Achizitie Krispy Kreme Bucharest #001,Restaurants,Krispy Kreme
POS Chirie studio Sibiu,Housing,Chirie studio
Plata cu cardul Profi Loco Mall RID:34521,Groceries,Profi Loco
Plata POS Headspace RO,Subscriptions,Headspace
POS Taxa scolarizare master Oradea RID:34521,Education,Taxa scolarizare master
Plata cu cardul CLOUDFLARE PRO Timisoara AUT:887412,Subscriptions,Cloudflare Pro
PURCHASE Kayak Branch 12 (RO),Travel,Kayak
PMT VULCANIZARE AUTO Downtown RO,Transport,Vulcanizare Auto
Plata POS IMOBILIARE.RO LISTARE Park Lake (RO),Housing,Imobiliare.ro listare
Plata POS ADOBE PREMIERE PRO HOME EU #4321,Entertainment,Adobe Premiere Pro home
PMT POS mado pastry & coffee Iasi (RO),Restaurants,Mado Pastry & Coffee
figma professional Store 04 #14,Subscriptions,Figma Professional
PMT POS Hotel Cismigiu Timisoara,Travel,Hotel Cismigiu
Cumparare taxa scolarizare master Store 04 AUT:887412,Education,Taxa scolarizare master
PMT POS NETFLIX STANDARD RO RO,Subscriptions,Netflix Standard
BOLT SCOOTER Vitan,Transport,Bolt Scooter
Achizitie protonmail Sun Plaza #4321,Subscriptions,ProtonMail
POS Trading 212 Invest Galati 12345,Investments,Trading 212 Invest
PMT Evomag Store 04 #14,Other,Evomag
PMT Mere Pere magazin Promenada AUT:887412,Groceries,Mere Pere magazin
POS bk ROM #001,Restaurants,BK
PMT STB Bucuresti Center RO,Transport,STB Bucuresti
Escape Room Logica Sibiu 12345,Entertainment,Escape Room Logica
Plata POS iService Apple Branch 12 #14,Other,iService Apple
POS Transfer Revolut to BCR Oradea (RO),Transfer,Transfer Revolut to BCR
Achizitie Mic.ro Downtown #001,Groceries,Mic.ro
PMT Decont salarial Sibiu AUT:887412,Salary,Decont salarial
Plata POS McD Bucharest #001,Restaurants,McD
POS PENNY MARKET Cotroceni #14,Groceries,Penny Market
PURCHASE CAUCIUCURI PREMIUM Cotroceni #221,Transport,Cauciucuri Premium
Plata POS REBU BUCURESTI Cluj RID:34521,Utilities,REBU Bucuresti
ETORO BUY Mall RO,Investments,eToro buy
Plata cu cardul Shake Shack Drumul Taberei #001,Restaurants,Shake Shack
Plata cu cardul Bitwarden Premium Bucharest #001,Subscriptions,Bitwarden Premium
Plata cu cardul factura apa Cluj #221,Utilities,Factura apa
PMT TAROM bilet online Galati RID:34521,Travel,TAROM bilet online
Achizitie Direct Deposit ACME Iasi AUT:887412,Salary,Direct Deposit ACME
PMT optica optiblu EU (RO),Health,Optica Optiblu
Achizitie Migros ROM #001,Groceries,Migros
Cumparare Piata Amzei Store 04 #001,Groceries,Piata Amzei
POS PROFI CITY EU,Groceries,Profi City
POS Sala Palatului concert Constanta AUT:887412,Entertainment,Sala Palatului concert
POS Sushi to Go Online RO,Restaurants,Sushi to Go
POS rcs rds ROM #14,Utilities,RCS RDS
Plata POS disney+ ro Park Lake AUT:887412,Subscriptions,Disney+ RO
transfer card to card Timisoara 12345,Transfer,Transfer card to card
Achizitie BILETE FOTBAL DINAMO AFI Cotroceni 12345,Entertainment,Bilete fotbal Dinamo
GITHUB PRO Cotroceni RO,Subscriptions,GitHub Pro
POS Amazon.com Center #14,Other,Amazon.com
PARKING MALL Constanta RO,Transport,Parking Mall
Achizitie domo romania Center RO,Other,Domo Romania
PMT POS REBU Bucuresti Downtown #14,Utilities,REBU Bucuresti
ORANGE PREPAY Downtown #4321,Utilities,Orange PrePay
AWS Free Tier Floreasca,Subscriptions,AWS Free Tier
PMT Colegiul National Lazar Sibiu #001,Education,Colegiul National Lazar
Achizitie chick-fil-a Mall #001,Restaurants,Chick-fil-A
Plata POS NETFLIX STANDARD Store 04 #001,Subscriptions,Netflix Standard
BRUTARIA PAUL Floreasca 12345,Groceries,Brutaria Paul
Cumparare electrician apartament Downtown (RO),Housing,Electrician apartament
Plata cu cardul Payroll June 2026 Timisoara AUT:887412,Salary,Payroll June 2026
Achizitie P2P payment Ana Online #14,Transfer,P2P payment Ana
Achizitie tommy hilfiger Drumul Taberei RO,Other,Tommy Hilfiger
Cumparare Mentenanta lift Store 04 (RO),Housing,Mentenanta lift
Achizitie HOTEL MARRIOTT BUCURESTI Store 04 12345,Travel,Hotel Marriott Bucuresti
McDonald's Vitan (RO),Restaurants,McDonald's
revolut invest Cluj #221,Investments,Revolut Invest
PMT POS ASIGURARE TRAVEL CITY Ploiesti AUT:887412,Travel,Asigurare travel City
PURCHASE LIFECLUB SALA Mall #221,Health,Lifeclub Sala
Plata POS AU BON PAIN Iasi RID:34521,Restaurants,Au Bon Pain
Plata POS OPTICA OPTIBLU Timisoara (RO),Health,Optica Optiblu
PURCHASE CAZARE CAMIN STUDENTI RO #001,Education,Cazare camin studenti
PMT POS OMV PetrolStation Cluj #4321,Transport,OMV PetrolStation
PMT Carturesti Park Lake #001,Education,Carturesti
PURCHASE Orange Romania Fixed Galati 12345,Utilities,Orange Romania Fixed
Plata cu cardul magazin animale companie EU #14,Other,Magazin Animale Companie
PMT POS Cafenea Origo Vitan,Restaurants,Cafenea Origo
PURCHASE ETF EUNL AFI Cotroceni AUT:887412,Investments,ETF EUNL
Plata cu cardul BOLT Galati RO,Transport,Bolt
Plata POS hotel athenee palace ROM #4321,Travel,Hotel Athenee Palace
Achizitie SALARY EMPLOYER Cotroceni AUT:887412,Salary,SALARY EMPLOYER
PMT POS CABINET FAMILIE DR. POPESCU RO RO,Health,Cabinet Familie Dr. Popescu
chipotle mexican grill Center,Restaurants,Chipotle Mexican Grill
PURCHASE CRYPTO STAKING REWARD ROM RID:34521,Investments,Crypto staking reward
Achizitie HOTEL HILTON SIBIU Floreasca RO,Travel,Hotel Hilton Sibiu
Cumparare CENTRUL MEDICAL AVIATORILOR Bucharest #4321,Health,Centrul Medical Aviatorilor
PURCHASE vila predeal Mall,Travel,Vila Predeal
Achizitie transfer card to card Galati #001,Transfer,Transfer card to card
POS PHARMACY 24/7 ROM #4321,Health,Pharmacy 24/7
Achizitie DATACAMP Iasi #001,Education,DataCamp
Plata POS CURATENIE APARTAMENT Center 12345,Housing,Curatenie apartament
PMT DUOLINGO SUPER Center #001,Subscriptions,Duolingo Super
PURCHASE Transfer Revolut to BCR Branch 12 RO,Transfer,Transfer Revolut to BCR
cec bank transfer Mall #221,Transfer,CEC Bank transfer
POS ÎNTREȚINERE CASA Cotroceni,Housing,Întreținere casa
POS TucanoCoffee Cotroceni #001,Restaurants,TucanoCoffee
Plata POS webull deposit Center RID:34521,Investments,Webull deposit
Plata cu cardul LINEA CLOSER TO THE MOON ROM #221,Restaurants,Linea Closer to the Moon
POS supeco Cluj RO,Groceries,Supeco
PMT POS ASE Bucuresti Baneasa #001,Education,ASE Bucuresti
PURCHASE HOTEL CARO Park Lake #001,Travel,Hotel Caro
PMT Booking.com Downtown 12345,Travel,Booking.com
PMT stripe payout Downtown,Salary,Stripe payout
BAUMAX Sibiu AUT:887412,Other,BAUMAX
Plata POS Mortgage payment Branch 12 #14,Housing,Mortgage payment
Plata cu cardul Aquatim Timisoara Ploiesti #221,Utilities,Aquatim Timisoara
Plata cu cardul Eurospar Iasi (RO),Groceries,Eurospar
Plata cu cardul PANDORA BIJUTERII Sibiu #14,Other,Pandora bijuterii
Plata POS plata chirie Store 04 AUT:887412,Housing,Plata chirie
Casa Inteligenta administrare EU 12345,Housing,Casa Inteligenta administrare
POS edX Microsoft Online #14,Education,edX Microsoft
Plata cu cardul Decont 7Card Sibiu #14,Salary,Decont 7Card
PURCHASE Orange Romania Sibiu RID:34521,Utilities,Orange Romania
PMT Frizerie Elite Bucharest,Other,Frizerie Elite
Plata POS tichet feribot Oradea RID:34521,Travel,Tichet feribot
PMT Spartan Ploiesti #4321,Restaurants,Spartan
PMT Workshop UI Promenada RO,Education,Workshop UI
Plata cu cardul Editura Polirom carte RO #14,Education,Editura Polirom carte
Achizitie Concert Sala Polivalenta Downtown #14,Entertainment,Concert Sala Polivalenta
Cumparare BROKERAGE TRADEVILLE Promenada #4321,Investments,Brokerage Tradeville
Plata cu cardul Plata freelance proiect RO RID:34521,Salary,Plata freelance proiect
centrul medical aviatorilor Center AUT:887412,Health,Centrul Medical Aviatorilor
Cumparare Edo Sushi EU #14,Restaurants,Edo Sushi
POS Transfer ING to Revolut Brasov #221,Transfer,Transfer ING to Revolut
Cumparare billa Ploiesti #4321,Groceries,Billa
Cumparare Hostelworld Center RID:34521,Travel,Hostelworld
PURCHASE BANK TO BANK SWIFT Park Lake (RO),Transfer,Bank to bank SWIFT
POS Taxi Pelicanul Oradea #4321,Transport,Taxi Pelicanul
POS întreținere casa Store 04 (RO),Housing,Întreținere casa
Plata cu cardul STRADIVARIUS Cotroceni,Other,Stradivarius
SALARIU NET APRILIE Cluj RO,Salary,Salariu Net Aprilie
Cumparare Norwegian Air Galati #221,Travel,Norwegian Air
PURCHASE Sala fitness 7card Floreasca #221,Health,Sala fitness 7card
Achizitie Enterprise Car Rental Downtown,Travel,Enterprise Car Rental
POS ROBLOX SUBSCRIPTION Bucharest #4321,Entertainment,Roblox subscription
Cumparare payroll june 2026 Center #4321,Salary,Payroll June 2026
PURCHASE Tichete cadou Edenred AFI Cotroceni,Salary,Tichete cadou Edenred
Achizitie CINEMA CITY PROMENADA Oradea #221,Entertainment,Cinema City Promenada
Cumparare GOLD PURCHASE BNR Center #001,Investments,Gold purchase BNR
Plata POS FIVE GUYS Drumul Taberei #001,Restaurants,Five Guys
Plata POS eurowings Branch 12 AUT:887412,Travel,Eurowings
PMT POS ZEN SUSHI AFI Cotroceni #4321,Restaurants,Zen Sushi
Achizitie walmart grocery RO #221,Groceries,Walmart Grocery
PMT POS Bijuterii B&D Timisoara 12345,Other,Bijuterii B&D
PMT TRANSFER IN LEI Brasov (RO),Transfer,Transfer in lei
PURCHASE Carte tehnica online Mall RID:34521,Education,Carte tehnica online
TRADING212 DEPOSIT RO AUT:887412,Investments,Trading212 deposit
PMT Intretinere Brasov #221,Housing,Intretinere
Plata cu cardul Answear.ro Downtown AUT:887412,Other,Answear.ro
asociatie proprietari bloc 5 RO RID:34521,Housing,Asociatie Proprietari Bloc 5
Achizitie Hotel Cismigiu Iasi RO,Travel,Hotel Cismigiu
PMT POS RENT JULY Park Lake AUT:887412,Housing,RENT JULY
PMT Parcare Piata Victoriei Park Lake RID:34521,Transport,Parcare Piata Victoriei
POS LIBRARIA HUMANITAS Bucharest RID:34521,Education,Libraria Humanitas
Achizitie ITP SERVICE EU #14,Transport,ITP Service
PURCHASE Auchan Drive Floreasca 12345,Groceries,Auchan Drive
PMT POS TACO BELL Park Lake #14,Restaurants,Taco Bell
Achizitie Air France EU (RO),Travel,Air France
Achizitie Reteaua Regina Maria Downtown #14,Health,Reteaua Regina Maria
Plata cu cardul Spitalul Coltea Mall Vitan #14,Health,Spitalul Coltea
Plata POS TRANSFER IN EUR EU #221,Transfer,Transfer in EUR
PMT Transfer Revolut to BCR EU #4321,Transfer,Transfer Revolut to BCR
Plata POS ALIEXPRESS ORDER Ploiesti AUT:887412,Other,Aliexpress order
PMT Enterprise Car Rental Park Lake AUT:887412,Travel,Enterprise Car Rental
Cumparare edx microsoft AFI Cotroceni,Education,edX Microsoft
PURCHASE 5 to Go Downtown RID:34521,Restaurants,5 to Go
Plata cu cardul MEMRISE Online AUT:887412,Education,Memrise
PURCHASE Tarom flight Store 04 #14,Transport,Tarom flight
ADOBE PHOTOSHOP Baneasa RID:34521,Subscriptions,Adobe Photoshop
Cumparare PENSIUNE SIBIEL Floreasca #221,Travel,Pensiune Sibiel
Plata POS RAT Sibiu RO (RO),Transport,RAT Sibiu
PMT Cabinet Familie Dr. Popescu ROM #001,Health,Cabinet Familie Dr. Popescu
PMT Mercadona Aviatorilor (RO),Groceries,Mercadona
RADET BUCURESTI Downtown (RO),Utilities,Radet Bucuresti
POS E.ON Energie Romania ROM #14,Utilities,E.ON Energie Romania
Cumparare City tour Lisbon Aviatorilor 12345,Travel,City tour Lisbon
PMT Farmacia 24h Oradea RID:34521,Health,Farmacia 24h
Achizitie Brutaria Anatolia Store 04 AUT:887412,Groceries,Brutaria Anatolia
Cumparare supeco Cluj #221,Groceries,Supeco
PMT POS universitatea cluj RO #4321,Education,Universitatea Cluj
Cumparare Vietnameza Pipera Branch 12 RO,Restaurants,Vietnameza Pipera
PMT LA PLACINTE Pipera #4321,Restaurants,La Placinte
PMT Wise transfer Mall #221,Transfer,Wise transfer
PMT etsy purchase Promenada #14,Other,Etsy purchase
Cumparare XPRESS Market Timisoara #221,Groceries,XPRESS Market
PURCHASE Hostel Friends Store 04 #14,Travel,Hostel Friends
PURCHASE tarom bilet online RO AUT:887412,Travel,TAROM bilet online
PMT FARMACIA CATENA Promenada 12345,Health,Farmacia Catena
Achizitie SANADOR DIAGNOSTIC Mall Vitan 12345,Health,Sanador Diagnostic
Plata POS Property Manager fees Center 12345,Housing,Property Manager fees
Plata POS DM Cluj RO,Groceries,DM
PURCHASE vueling Store 04 #001,Travel,Vueling
Plata cu cardul Walmart Grocery Ploiesti (RO),Groceries,Walmart Grocery
PURCHASE Card cadou eMAG Floreasca (RO),Other,Card cadou eMAG
PMT Uniqlo Iasi,Other,Uniqlo
PMT POS El Torito Mexican Baneasa RO,Restaurants,El Torito Mexican
Cumparare TESCO Online #221,Groceries,Tesco
Plata POS întreținere apartament Cotroceni AUT:887412,Housing,Întreținere apartament
PURCHASE Engie GazNaturale Sun Plaza RO,Utilities,Engie GazNaturale
Plata cu cardul DIRECT DEPOSIT ACME AFI Cotroceni 12345,Salary,Direct Deposit ACME
Plata POS CURATENIE CASA Pipera (RO),Housing,Curatenie casa
Plata POS ORANGE FIX ROM (RO),Utilities,Orange Fix
Plata cu cardul LENTILE CONTACT ONLINE Floreasca #001,Health,Lentile contact Online
POS MCDONALD'S Vitan RID:34521,Restaurants,McDonald's
PMT Colegiul National Lazar Ploiesti (RO),Education,Colegiul National Lazar
POS LIBRARIA HUMANITAS Cotroceni #221,Education,Libraria Humanitas
PMT CAMIN BUCURESTI Bucuresti,Education,Camin Bucuresti
Plata cu cardul XPRESS Market EU,Groceries,XPRESS Market
Cumparare VIRAMENT SALARIU NET Brasov #001,Salary,VIRAMENT SALARIU NET
PURCHASE Spitalul Elias Sun Plaza RO,Health,Spitalul Elias
PMT POS Pilates studio RO RO,Health,Pilates studio
PMT POS Plata freelance proiect Floreasca,Salary,Plata freelance proiect
Plata POS Hostel Friends Mall RO,Travel,Hostel Friends
PMT PILATES STUDIO Cluj #4321,Health,Pilates studio
PMT M60 Coffee Pipera 12345,Restaurants,M60 Coffee
PMT POS KRAKEN PURCHASE Center AUT:887412,Investments,Kraken purchase
Plata cu cardul HelpNet Downtown RID:34521,Health,HelpNet
PURCHASE adobe photoshop Ploiesti,Subscriptions,Adobe Photoshop
Onorariu consultanta Galati RO,Salary,Onorariu consultanta
Plata POS Revolut Invest Downtown RO,Investments,Revolut Invest
PMT POS SALARY TRANSFER Vitan 12345,Salary,SALARY TRANSFER
PMT POS METROUL BUCURESTI Ploiesti (RO),Transport,Metroul Bucuresti
PMT POS Figma Professional Mall #221,Subscriptions,Figma Professional
Plata POS EUROSPAR Vitan (RO),Groceries,Eurospar
Plata cu cardul INCHIRIERE MASINA SIXT Bucharest RID:34521,Travel,Inchiriere masina Sixt
PMT POS RADET BUCURESTI Aviatorilor #001,Utilities,Radet Bucuresti
Plata POS PIATA MATACHE Center #14,Groceries,Piata Matache
Plata POS Burgerista Mall Vitan #14,Restaurants,Burgerista
PMT Transfer intern RO RID:34521,Transfer,Transfer intern
Achizitie Chirie luna iulie Bucharest,Housing,Chirie luna iulie
PURCHASE Magazin Animale Companie Constanta (RO),Other,Magazin Animale Companie
Lidl Plus Downtown RO,Groceries,Lidl Plus
Cumparare Logoped sedinta RO,Health,Logoped sedinta
PMT POS chick-fil-a Sibiu 12345,Restaurants,Chick-fil-A
PURCHASE florarie online Galati (RO),Other,Florarie Online
PMT POS DM Drogerie Markt ROM (RO),Groceries,DM Drogerie Markt
POS albinuta magazin Galati #001,Groceries,Albinuta Magazin
Plata cu cardul ASIGURARE CASA ALLIANZ Sibiu (RO),Housing,Asigurare casa Allianz
PMT POS Compari.ro Pipera #001,Other,Compari.ro
PMT MEDLIFE AFI Cotroceni #221,Health,MedLife
Plata POS CEZ Romania Center RO,Utilities,CEZ Romania
PMT PAYROLL MAY 2026 Galati #4321,Salary,Payroll May 2026
PMT POS Brokerage Tradeville Vitan #001,Investments,Brokerage Tradeville
Cumparare sepa credit transfer Drumul Taberei RO,Transfer,SEPA Credit Transfer
Plata cu cardul Etihad Airways Brasov (RO),Travel,Etihad Airways
PMT POS Intretinere Park Lake,Housing,Intretinere
Cumparare Binance deposit Brasov,Investments,Binance deposit
Achizitie direct deposit acme ROM #221,Salary,Direct Deposit ACME
Achizitie Stradivarius ROM RID:34521,Other,Stradivarius
Coffee Shop Bohemia Sibiu AUT:887412,Restaurants,Coffee Shop Bohemia
Plata POS arby's Vitan RID:34521,Restaurants,Arby's
Plata POS engie fact Center #221,Utilities,ENGIE FACT
Plata cu cardul Încasare salariu Maria Pipera,Transfer,Încasare salariu Maria
PMT virament salariu srl Center AUT:887412,Salary,VIRAMENT SALARIU SRL
Plata cu cardul dropbox family EU #001,Subscriptions,Dropbox Family
PMT POS Intretinere ROM (RO),Housing,Intretinere
Cumparare moneygram receive Timisoara #14,Transfer,MoneyGram receive
Plata cu cardul Vodafone Romania Pipera #001,Utilities,Vodafone Romania
Achizitie IABILET CONCERT Promenada,Entertainment,iaBilet concert
Bootcamp Coding Baneasa RID:34521,Education,Bootcamp Coding
POS PETEXPERT Cotroceni #4321,Other,Petexpert
Plata cu cardul virament brd catre bcr Promenada AUT:887412,Transfer,Virament BRD catre BCR
Factura apa Online RO,Utilities,Factura apa
PMT jysk mobilier Pipera #4321,Other,JYSK mobilier
POS TRATTORIA BUONGIORNO EU RID:34521,Restaurants,Trattoria Buongiorno
PURCHASE Coop Park Lake #4321,Groceries,Coop
POS RENT MAY Baneasa #001,Housing,RENT MAY
POS TINDER GOLD Bucuresti RID:34521,Subscriptions,Tinder Gold
Cumparare PAYSLIP TECH CORP Online AUT:887412,Salary,Payslip Tech Corp
Plata POS Auchan Vitan #14,Groceries,Auchan
POS Lidl Oradea 12345,Groceries,Lidl
Salon Beauty Lounge Bucuresti #4321,Other,Salon Beauty Lounge
PMT Hostelworld Timisoara RO,Travel,Hostelworld
TACO BELL Timisoara #001,Restaurants,Taco Bell
Plata POS ApaServ Brasov EU #4321,Utilities,ApaServ Brasov
PMT SHELL ROMANIA Online RID:34521,Transport,Shell Romania
edx micromasters Floreasca,Education,edX MicroMasters
PMT POS Eco Market Mall Vitan #14,Groceries,Eco Market
PURCHASE Metro Cash & Carry Center AUT:887412,Groceries,Metro Cash & Carry
POS GOLD PURCHASE BNR Vitan #14,Investments,Gold purchase BNR
PURCHASE Gaze Naturale Romania Floreasca #14,Utilities,Gaze Naturale Romania
PMT POS Bolt Food Bucharest,Restaurants,Bolt Food
Achizitie MASTERCLASS ANNUAL Drumul Taberei 12345,Subscriptions,MasterClass annual
PMT POS Booking.com Hotel Bucharest RO,Travel,Booking.com Hotel
POS ASE Bucuresti Constanta #14,Education,ASE Bucuresti
PURCHASE Salon Beauty Lounge Downtown #221,Other,Salon Beauty Lounge
Plata cu cardul ETF EUNL Pipera 12345,Investments,ETF EUNL
plata online generic RO #001,Other,Plata online generic
PURCHASE scoala generala 4 Branch 12 #221,Education,Scoala Generala 4
PMT Card cadou eMAG Promenada #4321,Other,Card cadou eMAG
POS DEEPL PRO ROM AUT:887412,Subscriptions,DeepL Pro
PMT RATA CREDIT IPOTECAR Vitan (RO),Housing,Rata credit ipotecar
POS Saxo Bank deposit Park Lake #001,Investments,Saxo Bank deposit
Achizitie BOLT FOOD Galati #14,Restaurants,Bolt Food
Achizitie Universitatea Cluj Park Lake #14,Education,Universitatea Cluj
PMT croitorie de lux Oradea,Other,Croitorie de Lux
POS COOP EU #4321,Groceries,Coop
Achizitie LA BRUTARIA EU #001,Restaurants,La Brutaria
POS internet la domiciliu Online #4321,Utilities,Internet la Domiciliu
Plata cu cardul EDX EU AUT:887412,Education,edX
PMT SPRINGTIME Sibiu AUT:887412,Restaurants,Springtime
Plata cu cardul SINSAY Sibiu #14,Other,Sinsay
Plata POS TICHETE MASA SODEXO Store 04 #4321,Salary,Tichete masa Sodexo
Plata cu cardul Pull&Bear Park Lake RO,Other,Pull&Bear
Cumparare factura apa Downtown #14,Utilities,Factura apa
Achizitie Crucea Rosie donatie Mall Vitan RO,Other,Crucea Rosie donatie
Plata cu cardul Termoficare CET Sun Plaza RO,Utilities,Termoficare CET
Plata POS Telekom Mobile Mall 12345,Utilities,Telekom Mobile
Plata POS ETF SXR8 Mall #221,Investments,ETF SXR8
Cumparare AeroItalia Downtown #4321,Travel,AeroItalia
Plata POS HIDROELECTRICA VANZARE EU #001,Utilities,Hidroelectrica vanzare
Electrician apartament Aviatorilor AUT:887412,Housing,Electrician apartament
PURCHASE Chirie luna mai Galati,Housing,Chirie luna mai
Plata POS VIRAMENT SALARIU NET Cluj RID:34521,Salary,VIRAMENT SALARIU NET
Achizitie Iberia Vitan 12345,Travel,Iberia
Plata cu cardul Comision agentie imobiliara Drumul Taberei RID:34521,Housing,Comision agentie imobiliara
PMT Notion AI EU #001,Subscriptions,Notion AI
Salariu Net Aprilie Constanta 12345,Salary,Salariu Net Aprilie
Cumparare chirie studio Mall Vitan #14,Housing,Chirie studio
Cumparare SALARIU LUNA IUNIE ROM RO,Salary,Salariu luna iunie
POS FRESHMARKET Brasov,Groceries,FreshMarket
PURCHASE Blue Air Downtown 12345,Travel,Blue Air
PMT POS Vila Predeal Brasov #14,Travel,Vila Predeal
Cumparare Claude.ai Iasi,Subscriptions,Claude.ai
PURCHASE TRANSFER INTERN Sibiu 12345,Transfer,Transfer intern
Plata cu cardul VELORENT Floreasca AUT:887412,Transport,VeloRent
Cumparare eurowings Bucharest #221,Travel,Eurowings
PMT AUTOSTRADA A2 Online AUT:887412,Transport,Autostrada A2
Plata cu cardul Acuarela Cafe EU #001,Restaurants,Acuarela Cafe
MOBEXPERT ROM #221,Other,Mobexpert
întreținere casa Sun Plaza 12345,Housing,Întreținere casa
POS github copilot Center #221,Subscriptions,GitHub Copilot
PMT POS SPAR Branch 12 #221,Groceries,Spar
POS Mentenanta lift RO #001,Housing,Mentenanta lift
PMT Drumuri Nationale Vitan #001,Transport,Drumuri Nationale
Plata cu cardul diana express Galati,Groceries,Diana Express
PMT Încasare salariu Maria Aviatorilor #14,Transfer,Încasare salariu Maria
PMT Salariu luna mai Branch 12,Salary,Salariu luna mai
POS REBU Bucuresti Branch 12 AUT:887412,Utilities,REBU Bucuresti
PMT HERVIS SPORTS Sibiu RO,Other,Hervis Sports
PMT POS DEPOSIT RENT Constanta #14,Housing,Deposit rent
Plata cu cardul Workshop UI RO,Education,Workshop UI
PMT Psiholog Cabinet Ploiesti,Health,Psiholog Cabinet
PMT POS stripe payout AFI Cotroceni #14,Salary,Stripe payout
Cumparare BT TRANSFER Vitan #001,Transfer,BT transfer
AWS Free Tier Pipera #14,Subscriptions,AWS Free Tier
POS Stock purchase MSFT Ploiesti (RO),Investments,Stock purchase MSFT
Plata POS Bolt Romania Center RO,Transport,Bolt Romania
Cumparare Medium membership EU 12345,Subscriptions,Medium membership
Plata POS youtube premium Downtown RID:34521,Subscriptions,YouTube Premium
POS altex.ro Park Lake RID:34521,Other,Altex.ro
Cumparare Nintendo Switch Online Vitan #4321,Entertainment,Nintendo Switch Online
Plata POS Analize medicale Downtown (RO),Health,Analize medicale
PMT POS XTB deposit Mall,Investments,XTB deposit
PMT POS BRUTARIA PAUL EU RO,Groceries,Brutaria Paul
Cumparare PAYROLL MAY 2026 Center RID:34521,Salary,Payroll May 2026
Cumparare 1PASSWORD FAMILY Ploiesti RID:34521,Subscriptions,1Password Family
POS mcds Cluj #4321,Restaurants,MCDS
Cumparare Asigurare calatorie Allianz Iasi #221,Travel,Asigurare calatorie Allianz
Plata POS etoro buy Brasov #14,Investments,eToro buy
Plata cu cardul AWS billing Constanta (RO),Subscriptions,AWS billing
PURCHASE Fond mutual NN AFI Cotroceni #4321,Investments,Fond mutual NN
Cumparare Wage Transfer Bucharest RID:34521,Salary,Wage Transfer
POS migros Downtown 12345,Groceries,Migros
PMT Colegiu National Sava Timisoara 12345,Education,Colegiu National Sava
PMT POS brilliant.org Sun Plaza #221,Education,Brilliant.org
Achizitie Pret a Manger Branch 12 #001,Restaurants,Pret a Manger
POS BVB tranzactie Mall #4321,Investments,BVB tranzactie
Plata POS Burgerista Online 12345,Restaurants,Burgerista
Ramses Sushi Store 04 RO,Restaurants,Ramses Sushi
PMT TAXA SCOLARIZARE LICENTA Constanta #001,Education,Taxa scolarizare licenta
POS Dunkin' RO RID:34521,Restaurants,Dunkin'
Cumparare mortgage payment Online (RO),Housing,Mortgage payment
Plata cu cardul Property Manager fees Park Lake (RO),Housing,Property Manager fees
MEGA BIO Mall Vitan (RO),Groceries,Mega Bio
Achizitie Logoped sedinta Cotroceni,Health,Logoped sedinta
Cumparare Orange PrePay Drumul Taberei #001,Utilities,Orange PrePay
Plata cu cardul AWS BILLING Iasi #14,Subscriptions,AWS billing
PMT DISCORD NITRO Mall (RO),Entertainment,Discord Nitro
bonus anual Store 04,Salary,Bonus anual
Plata POS NETFLIX Cluj #4321,Subscriptions,Netflix
Achizitie teatrul national Downtown AUT:887412,Entertainment,Teatrul National
lufthansa group Center 12345,Travel,Lufthansa Group
Cumparare SERVICE GSM Downtown #4321,Other,Service GSM
PURCHASE AEROFLOT Timisoara #221,Travel,AeroFlot
PMT spar Branch 12 12345,Groceries,Spar
PMT POS Chirie luna iulie Vitan RO,Housing,Chirie luna iulie
Plata cu cardul grammarly premium Galati,Subscriptions,Grammarly Premium
Achizitie GITHUB COPILOT Cotroceni AUT:887412,Subscriptions,GitHub Copilot
Cumparare Termoficare CET Ploiesti #14,Utilities,Termoficare CET
Plata POS Întreținere casa Store 04 #4321,Housing,Întreținere casa
Plata cu cardul adobe photoshop Pipera,Subscriptions,Adobe Photoshop
Plata cu cardul Service Telefon Ploiesti (RO),Other,Service Telefon
PMT încasare salariu maria Sibiu AUT:887412,Transfer,Încasare salariu Maria
Achizitie Mortgage payment Downtown #14,Housing,Mortgage payment
PMT STB Branch 12 (RO),Transport,STB
Plata cu cardul EXPEDIA Branch 12 #221,Travel,Expedia
Plata cu cardul Hotel Intercontinental EU #001,Travel,Hotel Intercontinental
Plata cu cardul Renfe Downtown RID:34521,Transport,Renfe
Plata cu cardul Auchan Drive Floreasca #14,Groceries,Auchan Drive
xbox game pass Bucharest #14,Entertainment,Xbox Game Pass
easyjet Drumul Taberei AUT:887412,Travel,EasyJet
Plata cu cardul teatrul mic Online 12345,Entertainment,Teatrul Mic
POS spotify Vitan,Subscriptions,Spotify
Achizitie Migros RO RO,Groceries,Migros
Plata cu cardul ASOCIATIE PROPRIETARI BLOC 12 Bucuresti,Housing,Asociatie Proprietari Bloc 12
Plata POS MEGA IMAGE SHOP&GO Baneasa RO,Groceries,Mega Image Shop&Go
Roblox subscription RO #14,Entertainment,Roblox subscription
Plata cu cardul 5toGo Bucharest (RO),Restaurants,5toGo
PMT POS google workspace Cluj #001,Subscriptions,Google Workspace
Plata POS STEAK HOUSE BUCURESTI Baneasa #14,Restaurants,Steak House Bucuresti
PURCHASE salubritate urban Sibiu #001,Utilities,Salubritate URBAN
PMT POS Salariu Net Mai Sun Plaza RID:34521,Salary,Salariu Net Mai
POS enterprise car rental Store 04 AUT:887412,Travel,Enterprise Car Rental
PMT Pensiune Sinaia Park Lake,Travel,Pensiune Sinaia
PMT OPTICA QUATTRO Vitan #001,Health,Optica Quattro
PMT AUTOSTRADA A2 Center #4321,Transport,Autostrada A2
PURCHASE DUNKIN DONUTS Online #4321,Restaurants,Dunkin Donuts
Cumparare Coursera Bucuresti RID:34521,Education,Coursera
PURCHASE XPRESS Market RO #001,Groceries,XPRESS Market
Achizitie Property Manager fees Cluj AUT:887412,Housing,Property Manager fees
Achizitie Lime Scooter Store 04 #001,Transport,Lime Scooter
Plata POS openai plus Timisoara #001,Subscriptions,OpenAI Plus
Plata POS CARD CADOU EMAG Drumul Taberei 12345,Other,Card cadou eMAG
BOROMIR PROD Constanta AUT:887412,Groceries,Boromir Prod
PURCHASE temu order Downtown 12345,Other,Temu order
Cumparare Coursera Specialization Center #4321,Education,Coursera Specialization
Cumparare Wizz Air voucher Store 04 12345,Transport,Wizz Air voucher
Plata POS Lufthansa Group Park Lake AUT:887412,Travel,Lufthansa Group
Plata cu cardul Wolt Scooter Sibiu,Transport,Wolt Scooter
POS chirie luna mai Branch 12 (RO),Housing,Chirie luna mai
Plata POS Curatatorie 5aSec RO 12345,Other,Curatatorie 5aSec
Plata POS Upwork payout Promenada #14,Salary,Upwork payout
PMT Sportisimo Drumul Taberei #001,Other,Sportisimo
Achizitie SYNEVO LABORATOR Bucharest RO,Health,Synevo Laborator
SUSHI MASTER Constanta,Restaurants,Sushi Master
PMT POS Universitatea Cluj Floreasca #221,Education,Universitatea Cluj
lensa.ro Online #14,Health,Lensa.ro
Cumparare GREGGS Galati 12345,Restaurants,Greggs
PMT MOL GROUP Ploiesti AUT:887412,Transport,MOL Group
PMT El Torito Mexican Online (RO),Restaurants,El Torito Mexican
Achizitie vercel pro Online AUT:887412,Subscriptions,Vercel Pro
Achizitie Colegiul National Lazar Mall Vitan RID:34521,Education,Colegiul National Lazar
POS Tier Scooter Constanta 12345,Transport,Tier Scooter
Achizitie INMEDIO Mall Vitan 12345,Groceries,Inmedio
PMT POS ETF SPY Baneasa RID:34521,Investments,ETF SPY
Plata POS CHIRIE APARTAMENT Bucuresti AUT:887412,Housing,Chirie apartament
PMT WESTERN UNION TRANSFER Aviatorilor AUT:887412,Transfer,Western Union transfer
ORANGE PREPAY Online,Utilities,Orange PrePay
Plata POS CFR Bilet Online Mall #14,Transport,CFR Bilet Online
Plata POS trattoria il calcio Constanta 12345,Restaurants,Trattoria il Calcio
POS openai chatgpt ROM 12345,Subscriptions,OpenAI ChatGPT
PURCHASE hard rock cafe Oradea #221,Restaurants,Hard Rock Cafe
Plata cu cardul eToro deposit Center RO,Investments,eToro deposit
Cumparare Aldi Floreasca (RO),Groceries,Aldi
Plata cu cardul robinhood deposit Sibiu #14,Investments,Robinhood deposit
POS SALUBRITATE URBAN RO #221,Utilities,Salubritate URBAN
PURCHASE PROFI CITY Park Lake #4321,Groceries,Profi City
Achizitie Pizzeria Bonita AFI Cotroceni #14,Restaurants,Pizzeria Bonita
PMT POS Asigurare locuinta Cotroceni #221,Housing,Asigurare locuinta
PMT POS vodafone cable Floreasca RO,Utilities,Vodafone Cable
Plata POS BITWARDEN PREMIUM EU 12345,Subscriptions,Bitwarden Premium
Plata cu cardul WORKSHOP UX Mall 12345,Education,Workshop UX
MetaMask transaction Online RO,Investments,MetaMask transaction
Cumparare CENTRUL MEDICAL PLUTON Cluj #001,Health,Centrul Medical Pluton
Plata cu cardul ShopMagazin Bucharest AUT:887412,Groceries,ShopMagazin
Cumparare Qatar Airways Vitan RO,Travel,Qatar Airways
Plata POS REVOLUT STOCKS Oradea AUT:887412,Investments,Revolut stocks
PMT POS SALUBRIZARE BUCURESTI Mall Vitan AUT:887412,Utilities,Salubrizare Bucuresti
Plata POS park lake bowling Mall 12345,Entertainment,Park Lake bowling
PMT BRUTARIA BOROMIR RO #221,Groceries,Brutaria Boromir
PMT POS SKILLSHARE Iasi,Education,Skillshare
PMT PUB DRUMUL TABEREI EU #4321,Restaurants,Pub Drumul Taberei
PMT POS Intretinere Branch 12 RID:34521,Housing,Intretinere
Plata POS FACTURA APA Aviatorilor #4321,Utilities,Factura apa
POS Mado Pastry & Coffee Pipera RO,Restaurants,Mado Pastry & Coffee
Plata cu cardul TURKISH AIRLINES Park Lake RO,Travel,Turkish Airlines
Cumparare BILET FILARMONICA Downtown AUT:887412,Entertainment,Bilet Filarmonica
PANERA BREAD Store 04 #14,Restaurants,Panera Bread
GitHub Pro Galati (RO),Subscriptions,GitHub Pro
POS REVOLUT TRANSFER TO FRIEND Brasov 12345,Transfer,Revolut transfer to friend
Achizitie Salariu Net Mai Online #4321,Salary,Salariu Net Mai
PMT HARD ROCK CAFE Sun Plaza RID:34521,Restaurants,Hard Rock Cafe
PMT Salariu Net Iunie Mall Vitan #14,Salary,Salariu Net Iunie
Comision agentie imobiliara Mall Vitan RO,Housing,Comision agentie imobiliara
PMT BURGERKING ROM #4321,Restaurants,BURGERKING
Achizitie RCS RDS Sun Plaza 12345,Utilities,RCS RDS
Cumparare Notion Family Store 04 #14,Subscriptions,Notion Family
Plata POS Hotel Athenee Palace Bucharest,Travel,Hotel Athenee Palace
Cumparare 5 to go Floreasca AUT:887412,Restaurants,5 to Go
Rompetrol Constanta #221,Transport,Rompetrol
Cumparare Bistroteca Pipera #001,Restaurants,Bistroteca
PURCHASE Bilet avion online Drumul Taberei RO,Travel,Bilet avion online
Plata cu cardul Carturesti Drumul Taberei (RO),Education,Carturesti
crypto.com ROM,Investments,Crypto.com
Achizitie Trenitalia Brasov 12345,Transport,Trenitalia
POS REVOLUT TRANSFER TO FRIEND Online 12345,Transfer,Revolut transfer to friend
PMT BT TRANSFER Floreasca AUT:887412,Transfer,BT transfer
Plata POS PC Garage Oradea #001,Other,PC Garage
PMT Centrul Medical Aviatorilor Oradea (RO),Health,Centrul Medical Aviatorilor
PMT medlife constanta RO #001,Health,MedLife Constanta
PMT libraria mihai eminescu EU #001,Education,Libraria Mihai Eminescu
PURCHASE ICLOUD Drumul Taberei RID:34521,Subscriptions,iCloud
Cumparare RCS-RDS EU #001,Utilities,RCS-RDS
Plata cu cardul coinbase deposit Ploiesti RID:34521,Investments,Coinbase deposit
PURCHASE Vaccinare Centrul Medical AFI Cotroceni #221,Health,Vaccinare Centrul Medical
Plata POS Eurospar EU RO,Groceries,Eurospar
Cumparare Direct Deposit Tech Store 04 (RO),Salary,Direct Deposit Tech
Achizitie OLX IMOBILIARE Cotroceni #14,Housing,OLX Imobiliare
Plata cu cardul TIER SCOOTER Online 12345,Transport,Tier Scooter
Achizitie Panera Bread Aviatorilor #221,Restaurants,Panera Bread
PMT Tazz RO #4321,Restaurants,Tazz
PURCHASE bk Branch 12 #14,Restaurants,BK
Achizitie Libraria Diverta Park Lake (RO),Education,Libraria Diverta
Plata cu cardul vulcanizare auto Cotroceni AUT:887412,Transport,Vulcanizare Auto
Achizitie HOLLYWOOD MULTIPLEX Pipera #221,Entertainment,Hollywood Multiplex
POS concert mihai margineanu Promenada #4321,Entertainment,Concert Mihai Margineanu
PURCHASE decont deplasare ROM #4321,Salary,Decont deplasare
Krispy Kreme Mall (RO),Restaurants,Krispy Kreme
PMT Renfe Galati,Transport,Renfe
PMT Udemy Aviatorilor RO,Education,Udemy
MACROMEX Sun Plaza #221,Groceries,Macromex
PMT POS liceul cantemir Park Lake,Education,Liceul Cantemir
Cumparare EXPRESSVPN Center (RO),Subscriptions,ExpressVPN
PURCHASE SANADOR ROM #001,Health,Sanador
Plata POS BT CAPITAL INVEST Drumul Taberei 12345,Investments,BT Capital Invest
Cumparare Burger King Drumul Taberei #001,Restaurants,Burger King
Achizitie ENEL ROMANIA Brasov AUT:887412,Utilities,Enel Romania
P2P PAYMENT ANA Mall RID:34521,Transfer,P2P payment Ana
NINTENDO SWITCH ONLINE Bucharest #14,Entertainment,Nintendo Switch Online
PMT POS FARMACIA SENSIBLU Timisoara #221,Health,Farmacia Sensiblu
Plata POS BOLT.EU EU (RO),Transport,Bolt.eu
PMT pull&bear Sun Plaza RO,Other,Pull&Bear
Plata cu cardul hotel crowne plaza Drumul Taberei #221,Travel,Hotel Crowne Plaza
PURCHASE City tour Lisbon Ploiesti 12345,Travel,City tour Lisbon
PMT POS Telekom Mobile Mall Vitan RID:34521,Utilities,Telekom Mobile
Plata POS TURKISH AIRLINES Baneasa #221,Travel,Turkish Airlines
PMT Fresh Corner Cotroceni RID:34521,Groceries,Fresh Corner
Plata POS AlimentaraXpress Floreasca #001,Groceries,AlimentaraXpress
PURCHASE dunkin' Drumul Taberei #001,Restaurants,Dunkin'
PMT POS CEZ ROMANIA Ploiesti RO,Utilities,CEZ Romania
Plata POS Optica Quattro Mall Vitan,Health,Optica Quattro
PMT dunkin' Timisoara #14,Restaurants,Dunkin'
PURCHASE Compensatie sport 7card Mall Vitan #14,Salary,Compensatie sport 7card
PMT POS Incasare de la Ion Mall Vitan RO,Transfer,Incasare de la Ion
Plata cu cardul E.ON Aviatorilor AUT:887412,Utilities,E.ON
Diana Express Ploiesti 12345,Groceries,Diana Express
PMT POS BVB tranzactie Store 04 (RO),Investments,BVB tranzactie
PMT POS yoga clasa Baneasa RO,Health,Yoga clasa
PMT POS stripe payout Downtown,Salary,Stripe payout
Plata cu cardul WISE FX Center RID:34521,Transfer,Wise FX
Colegiul Mihai Viteazul Brasov RO,Education,Colegiul Mihai Viteazul
DR. DENT Bucuresti (RO),Health,Dr. Dent
Cumparare Inmedio Branch 12 RO,Groceries,Inmedio
PURCHASE Rata credit ipotecar Mall AUT:887412,Housing,Rata credit ipotecar
Cumparare BROKERAGE TRADEVILLE Cotroceni #14,Investments,Brokerage Tradeville
PMT POS ENGIE FACT Pipera RO,Utilities,ENGIE FACT
Cumparare OpenAI ChatGPT Bucuresti #4321,Subscriptions,OpenAI ChatGPT
UBER*TRIP Bucharest RO,Transport,UBER*TRIP
Plata cu cardul electrician apartament Cotroceni #4321,Housing,Electrician apartament
Plata POS frizerie elite Downtown 12345,Other,Frizerie Elite
PURCHASE Wendy's RO AUT:887412,Restaurants,Wendy's
Achizitie xtb invest Store 04 AUT:887412,Investments,XTB invest
Plata cu cardul SHOPMAGAZIN Branch 12 #001,Groceries,ShopMagazin
PMT YouTube Music Cotroceni AUT:887412,Subscriptions,YouTube Music
Plata cu cardul Carrefour Drumul Taberei #4321,Groceries,Carrefour
Cumparare Netflix Premium Downtown RO,Subscriptions,Netflix Premium
Cumparare Xbox Game Pass Floreasca #14,Entertainment,Xbox Game Pass
CORA Online,Groceries,Cora
POS BRINGO Bucharest #4321,Restaurants,Bringo
Optica Optiblu Mall #4321,Health,Optica Optiblu
PMT POS BOOTCAMP CODING Vitan RO,Education,Bootcamp Coding
PMT FRESCA Store 04 #001,Restaurants,Fresca
Plata POS Duolingo Super Oradea (RO),Subscriptions,Duolingo Super
PMT APASERV BRASOV Pipera #221,Utilities,ApaServ Brasov
PURCHASE PC Garage Pipera 12345,Other,PC Garage
PMT Engie GazNaturale Brasov (RO),Utilities,Engie GazNaturale
xbox game pass Branch 12 RO,Entertainment,Xbox Game Pass
Cumparare Facultatea de Informatica Brasov #001,Education,Facultatea de Informatica
PMT KARAOKE SING CITY Center AUT:887412,Entertainment,Karaoke Sing City
Plata POS RATA IPOTECA Iasi AUT:887412,Housing,Rata ipoteca
Cumparare TRANSFER IN LEI ROM RO,Transfer,Transfer in lei
Achizitie Shell Romania Store 04 12345,Transport,Shell Romania
Plata POS Parking Mall Pipera 12345,Transport,Parking Mall
BRD transfer extern Branch 12 RO,Transfer,BRD transfer extern
Achizitie iCloud Storage 200GB ROM #14,Subscriptions,iCloud Storage 200GB
Plata POS Bistro French Sibiu AUT:887412,Restaurants,Bistro French
PURCHASE asigurare calatorie allianz Park Lake (RO),Travel,Asigurare calatorie Allianz
Plata POS Aquapark Therme Promenada #4321,Entertainment,Aquapark Therme
POS Boromir Prod Cluj RID:34521,Groceries,Boromir Prod
Plata POS Boromir Prod Cotroceni RID:34521,Groceries,Boromir Prod
PURCHASE Distrigaz Sud Galati RID:34521,Utilities,Distrigaz Sud
POS Notion Family Galati #4321,Subscriptions,Notion Family
PMT POS Xbox Live Drumul Taberei,Entertainment,Xbox Live
Cumparare radet bucuresti Center #001,Utilities,Radet Bucuresti
Cumparare SALARIU LUNA MAI Floreasca,Salary,Salariu luna mai
PURCHASE Praktiker EU #001,Other,Praktiker
Plata POS rcs-rds Branch 12 12345,Utilities,RCS-RDS
PMT Anthropic API Timisoara #14,Subscriptions,Anthropic API
Asociatie locatari Oradea #14,Housing,Asociatie locatari
PURCHASE Apa Regnault Cotroceni AUT:887412,Utilities,Apa Regnault
PMT petrom Promenada #4321,Transport,Petrom
Cumparare Comision agentie imobiliara Online 12345,Housing,Comision agentie imobiliara
PMT POS schimb eur-ron bcr Bucharest AUT:887412,Transfer,Schimb EUR-RON BCR
Cumparare STRAVA PREMIUM Iasi 12345,Subscriptions,Strava Premium
PMT POS Anaida Restaurant Ploiesti RO,Restaurants,Anaida Restaurant
PURCHASE VIETNAM RESTAURANT Cluj (RO),Restaurants,Vietnam Restaurant
Plata POS CHARLES SCHWAB Center #4321,Investments,Charles Schwab
VIRAMENT SALARIU SRL Ploiesti #221,Salary,VIRAMENT SALARIU SRL
PURCHASE springtime RO #221,Restaurants,Springtime
Plata cu cardul Adobe Creative Cloud EU #14,Subscriptions,Adobe Creative Cloud
Plata cu cardul INTRETINERE Bucuresti #14,Housing,Intretinere
Plata cu cardul Asigurare apartament Pipera 12345,Housing,Asigurare apartament
Achizitie Mini Market Pipera Cotroceni RID:34521,Groceries,Mini Market Pipera
Plata cu cardul Wise FX RO #14,Transfer,Wise FX
Cumparare pharmacy 24/7 Cotroceni RO,Health,Pharmacy 24/7
POS Audible ROM RID:34521,Subscriptions,Audible
Plata cu cardul rebu bucuresti AFI Cotroceni AUT:887412,Utilities,REBU Bucuresti
Plata cu cardul Subway ROM #14,Restaurants,Subway
PMT ORANGE PREPAY Promenada AUT:887412,Utilities,Orange PrePay
PMT POS Asigurare casa Allianz Bucharest (RO),Housing,Asigurare casa Allianz
Hidroelectrica Promenada #14,Utilities,Hidroelectrica
Plata POS banca transilvania transfer Cotroceni #4321,Transfer,Banca Transilvania transfer
POS McDonald's Sun Plaza #4321,Restaurants,McDonald's
Achizitie ALIMENTARAXPRESS Aviatorilor 12345,Groceries,AlimentaraXpress
PMT GAZE NATURALE ROMANIA Online #14,Utilities,Gaze Naturale Romania
british airways ROM RO,Travel,British Airways
Plata POS eToro buy Iasi RO,Investments,eToro buy
PMT OBB AUSTRIA Promenada #4321,Transport,OBB Austria
PURCHASE P2P PAYMENT ANDREI Mall RO,Transfer,P2P payment Andrei
magazin mixt Ploiesti AUT:887412,Groceries,Magazin Mixt
Achizitie Carwash Express Brasov #4321,Transport,Carwash Express
JYSK MOBILIER Pipera AUT:887412,Other,JYSK mobilier
Plata POS Compensatie sport 7card Online RO,Salary,Compensatie sport 7card
PMT trader joe's Timisoara #14,Groceries,Trader Joe's
PURCHASE Brutaria Boromir Cotroceni #001,Groceries,Brutaria Boromir
Plata cu cardul Broker BT Capital Timisoara AUT:887412,Investments,Broker BT Capital
APA CLUJ RO #4321,Utilities,Apa Cluj
PURCHASE VATRA RESTAURANT Branch 12 12345,Restaurants,Vatra Restaurant
PURCHASE MADO PASTRY & COFFEE Baneasa #001,Restaurants,Mado Pastry & Coffee
PlayStation Network Online #221,Entertainment,PlayStation Network
PMT BRILLIANT.ORG Mall 12345,Education,Brilliant.org
Plata POS IKEA Bucuresti Galati #001,Other,IKEA Bucuresti
PMT POS TICHET FERIBOT Drumul Taberei AUT:887412,Travel,Tichet feribot
lensa.ro ROM RO,Health,Lensa.ro
PMT POS Tour ghidat Roma Pipera,Travel,Tour ghidat Roma
PMT Google Workspace RO #221,Subscriptions,Google Workspace
Plata cu cardul Plafar magazin Aviatorilor #221,Groceries,Plafar magazin
Plata POS Enel Energie Brasov (RO),Utilities,Enel Energie
Cumparare Cabinet Ortopedie Ploiesti #001,Health,Cabinet Ortopedie
POS FREENOW Pipera #221,Transport,FreeNow
Plata cu cardul BURSA DE STUDII Branch 12 #001,Education,Bursa de studii
PMT POS Pensiune Sibiel Ploiesti #4321,Travel,Pensiune Sibiel
POS Au Bon Pain AFI Cotroceni RID:34521,Restaurants,Au Bon Pain
Supeco Pipera,Groceries,Supeco
ratb Bucharest RO,Transport,RATB
PURCHASE brutaria paul Vitan #14,Groceries,Brutaria Paul
Achizitie factura gaze Oradea RID:34521,Utilities,Factura gaze
PMT DUNKIN' Branch 12 RO,Restaurants,Dunkin'
PURCHASE Asociatie Proprietari Bloc 5 Store 04 12345,Housing,Asociatie Proprietari Bloc 5
PURCHASE VIRAMENT BRD CATRE BCR Branch 12 AUT:887412,Transfer,Virament BRD catre BCR
PMT POS Orange Fix Iasi AUT:887412,Utilities,Orange Fix
Taxi Cobalcescu Online 12345,Transport,Taxi Cobalcescu
Cumparare Adobe Photoshop Online 12345,Subscriptions,Adobe Photoshop
PMT Salariu Net Iunie Park Lake #001,Salary,Salariu Net Iunie
Cumparare SERVICE AUTO PREMIUM Baneasa #221,Transport,Service Auto Premium
PMT Salubrizare Bucuresti Drumul Taberei AUT:887412,Utilities,Salubrizare Bucuresti
Cumparare BISTROTECA Online #001,Restaurants,Bistroteca
POS rezervare hotel brasov Online #221,Travel,Rezervare hotel Brasov
Achizitie OLX Imobiliare Branch 12 #001,Housing,OLX Imobiliare
PMT POS mega image shop&go Cluj,Groceries,Mega Image Shop&Go
Optica Quattro Mall Vitan #221,Health,Optica Quattro
ORANGE FIX Oradea 12345,Utilities,Orange Fix
PURCHASE INTRETINERE EU AUT:887412,Housing,Intretinere
PMT Pilon III pensie privata EU RID:34521,Investments,Pilon III pensie privata
PMT trading 212 invest Downtown #14,Investments,Trading 212 Invest
Plata cu cardul RENT JULY Branch 12 12345,Housing,RENT JULY
POS ETF SXR8 ROM,Investments,ETF SXR8
PMT POS Wok to Walk Pipera,Restaurants,Wok to Walk
PMT POS FIGMA PROFESSIONAL Pipera (RO),Subscriptions,Figma Professional
DISTRIGAZ SUD Bucharest #001,Utilities,Distrigaz Sud
ECO MARKET Branch 12 #221,Groceries,Eco Market
PMT Ryanair Sibiu #221,Travel,Ryanair
Achizitie Enel Energie Constanta AUT:887412,Utilities,Enel Energie
Plata cu cardul CARD CADOU EMAG ROM #4321,Other,Card cadou eMAG
PURCHASE dentist brilliant AFI Cotroceni RO,Health,Dentist Brilliant
POS carrefour.ro online Timisoara #14,Groceries,Carrefour.ro online
PURCHASE cafenea origo RO #14,Restaurants,Cafenea Origo
ING Home'Bank transfer Drumul Taberei AUT:887412,Transfer,ING Home'Bank transfer
Plata cu cardul Dominos Pizza Downtown 12345,Restaurants,Dominos Pizza
teatrul bulandra Mall Vitan #221,Entertainment,Teatrul Bulandra
Plata POS RENT JULY Mall Vitan RID:34521,Housing,RENT JULY
Cumparare Real estate REIT Baneasa RID:34521,Investments,Real estate REIT
PMT tazz Brasov #14,Restaurants,Tazz
Plata cu cardul BURGERFEST Galati (RO),Restaurants,BurgerFest
Achizitie Western Union transfer Downtown #14,Transfer,Western Union transfer
PMT DEUTSCHE BAHN Bucuresti #14,Transport,Deutsche Bahn
Plata POS BT CAPITAL INVEST Park Lake 12345,Investments,BT Capital Invest
Cumparare HOTEL CISMIGIU Baneasa,Travel,Hotel Cismigiu
PMT wizzair bilet Downtown #221,Travel,WizzAir Bilet
POS booking.com hotel Floreasca #221,Travel,Booking.com Hotel
PMT POS DigitalOcean Droplet AFI Cotroceni RID:34521,Subscriptions,DigitalOcean Droplet
PMT 1Password Iasi #221,Subscriptions,1Password
Cumparare lentile contact online Pipera #001,Health,Lentile contact Online
PURCHASE TFL OYSTER Park Lake 12345,Transport,TfL Oyster
POS Patiseria Simigerie RO #14,Groceries,Patiseria Simigerie
PURCHASE SHOPMAGAZIN Aviatorilor (RO),Groceries,ShopMagazin
Cumparare Synevo Labs Store 04 RID:34521,Health,Synevo Labs
Cumparare Taco Bell Bucharest (RO),Restaurants,Taco Bell
PURCHASE PENNY MARKET Online 12345,Groceries,Penny Market
Achizitie Spitalul Elias Floreasca #14,Health,Spitalul Elias
Cumparare HOTEL CARO Timisoara #221,Travel,Hotel Caro
Plata POS OnlyFans subscription Cotroceni (RO),Subscriptions,OnlyFans subscription
Cumparare TOUR GHIDAT ROMA Bucharest #221,Travel,Tour ghidat Roma
Cumparare MCD Promenada AUT:887412,Restaurants,McD
Plata cu cardul EDX MICROSOFT Mall #001,Education,edX Microsoft
POS Costa Coffee Bucuresti #221,Restaurants,Costa Coffee
PURCHASE VIRAMENT SALARIU NET Bucuresti,Salary,VIRAMENT SALARIU NET
PMT POS Frizerie Old School Center #001,Other,Frizerie Old School
POS auchan Drumul Taberei 12345,Groceries,Auchan
Cumparare Penny Market Drumul Taberei RO,Groceries,Penny Market
Orange Romania Bucharest RO,Utilities,Orange Romania
Achizitie Compensatie sport 7card Timisoara (RO),Salary,Compensatie sport 7card
OpenAI Plus Promenada #14,Subscriptions,OpenAI Plus
Plata POS HBO MAX Cluj 12345,Subscriptions,HBO Max
Achizitie Factura curent Vitan,Utilities,Factura curent
Achizitie TD Ameritrade Ploiesti 12345,Investments,TD Ameritrade
PURCHASE PUMA STORE Store 04 #14,Other,Puma store
Plata POS Bilet Master Cluj (RO),Entertainment,Bilet Master
Plata cu cardul Roviniete Online EU,Transport,Roviniete Online
PMT LIME SCOOTER Oradea AUT:887412,Transport,Lime Scooter
Plata POS plafar magazin Sun Plaza 12345,Groceries,Plafar magazin
Cumparare Concert Mihai Margineanu Downtown,Entertainment,Concert Mihai Margineanu
Achizitie GARANTIE CHIRIE Center 12345,Housing,Garantie chirie
Orange Romania Fixed Oradea (RO),Utilities,Orange Romania Fixed
PURCHASE Opera Bucuresti Online (RO),Entertainment,Opera Bucuresti
Achizitie LinkedIn Premium RO RID:34521,Subscriptions,LinkedIn Premium
PMT ADOBE CREATIVE CLOUD Online #4321,Subscriptions,Adobe Creative Cloud
Achizitie APASERV BRASOV AFI Cotroceni #221,Utilities,ApaServ Brasov
PMT TEMU ORDER Mall Vitan RO,Other,Temu order
PURCHASE PLAYSTATION NETWORK Online #221,Entertainment,PlayStation Network
PURCHASE transfer in eur Center #221,Transfer,Transfer in EUR
POS SEPA Credit Transfer Cluj AUT:887412,Transfer,SEPA Credit Transfer
PMT POS VEL PITAR Constanta #221,Groceries,Vel Pitar
PMT POS CINEMAX IULIUS MALL Store 04,Entertainment,Cinemax Iulius Mall
PURCHASE Tichet feribot Baneasa,Travel,Tichet feribot
Plata POS PHARMACY ROK Constanta (RO),Health,Pharmacy ROK
Achizitie Transfer ING to Revolut Store 04 AUT:887412,Transfer,Transfer ING to Revolut
Plata cu cardul MASSIMO DUTTI AFI Cotroceni RO,Other,Massimo Dutti
Plata POS TEATRUL MIC Drumul Taberei 12345,Entertainment,Teatrul Mic
Plata POS figma professional Park Lake #001,Subscriptions,Figma Professional
PMT POS colegiul mihai viteazul Galati #14,Education,Colegiul Mihai Viteazul
POS Asigurare casa Allianz Store 04 (RO),Housing,Asigurare casa Allianz
Achizitie DONATIE ONG Pipera #14,Other,Donatie ONG
PMT YOUTUBE MUSIC Sibiu (RO),Subscriptions,YouTube Music
POS etf voo Drumul Taberei,Investments,ETF VOO
Plata cu cardul CEZ Vanzare Center,Utilities,CEZ Vanzare
PMT POS Synevo Labs Promenada RO,Health,Synevo Labs
POS caffe del sud AFI Cotroceni RO,Restaurants,Caffe del Sud
POS Zara online Timisoara 12345,Other,Zara online
Cumparare VUELING RO (RO),Travel,Vueling
PMT POS MEGA BIO Cotroceni #001,Groceries,Mega Bio
POS Bolt Scooter Brasov,Transport,Bolt Scooter
PURCHASE GAZPROM Cluj #001,Transport,Gazprom
POS Auchan Drive Store 04,Groceries,Auchan Drive
PMT krispy kreme Cotroceni #001,Restaurants,Krispy Kreme
PMT POS Google Workspace Cluj (RO),Subscriptions,Google Workspace
Cumparare Adobe Creative Cloud Sun Plaza 12345,Subscriptions,Adobe Creative Cloud
PMT POS Manual Editura Niculescu RO 12345,Education,Manual Editura Niculescu
Cumparare Decathlon Center (RO),Other,Decathlon
Plata cu cardul Google Storage Bucuresti RO,Subscriptions,Google Storage
POS Annabella EU,Groceries,Annabella
PMT ASIGURARE CASA ALLIANZ Bucharest RID:34521,Housing,Asigurare casa Allianz
Cumparare fmi bucuresti Online 12345,Education,FMI Bucuresti
PMT Transfer in EUR Floreasca RO,Transfer,Transfer in EUR
RAJA CONSTANTA ROM AUT:887412,Utilities,Raja Constanta
Achizitie MEDLIFE Oradea AUT:887412,Health,MedLife
Plata cu cardul ETF VWCE ROM 12345,Investments,ETF VWCE
Plata POS Babbel subscription Downtown #14,Subscriptions,Babbel subscription
PMT POS Arby's Galati #14,Restaurants,Arby's
Plata cu cardul aquapark therme Pipera (RO),Entertainment,Aquapark Therme
PMT POS ENGIE ROMANIA Galati #14,Utilities,Engie Romania
Plata POS Vanguard ETF ROM #14,Investments,Vanguard ETF
Cumparare TFL OYSTER Oradea #221,Transport,TfL Oyster
PMT POS EVERNOTE PERSONAL Center,Subscriptions,Evernote Personal
Plata cu cardul CABINET DERMATOLOGIE Aviatorilor 12345,Health,Cabinet Dermatologie
OpenAI ChatGPT Online,Subscriptions,OpenAI ChatGPT
Plata cu cardul Regina Maria Store 04 (RO),Health,Regina Maria
POS TAROM Center,Travel,TAROM
Cumparare LinkedIn Learning Baneasa RID:34521,Education,LinkedIn Learning
PURCHASE CARTE TEHNICA ONLINE Downtown 12345,Education,Carte tehnica online
STOCK PURCHASE AAPL Sun Plaza AUT:887412,Investments,Stock purchase AAPL
Plata POS Inchiriere masina Sixt ROM AUT:887412,Travel,Inchiriere masina Sixt
PURCHASE BlackRock iShares Oradea #001,Investments,BlackRock iShares
MIGROS Park Lake (RO),Groceries,Migros
PMT POS vila predeal Pipera #001,Travel,Vila Predeal
PMT POS LIDL Bucharest 12345,Groceries,Lidl
Achizitie vulcanizare auto Downtown RID:34521,Transport,Vulcanizare Auto
PMT Garantie chirie Constanta RID:34521,Housing,Garantie chirie
POS Carl's Jr Store 04 12345,Restaurants,Carl's Jr
PMT POS Argint investitie Bucuresti #221,Investments,Argint investitie
Plata cu cardul Enel Romania Baneasa #4321,Utilities,Enel Romania
PURCHASE salariu acme srl Online,Salary,Salariu ACME SRL
PMT POS Curtea Veche Bistro EU #221,Restaurants,Curtea Veche Bistro
GitHub Copilot Center #14,Subscriptions,GitHub Copilot
Plata POS tv cablu romtelecom Bucuresti AUT:887412,Utilities,TV Cablu Romtelecom
Plata cu cardul Engie GazNaturale ROM RO,Utilities,Engie GazNaturale
Plata POS Libraria Humanitas Bucharest,Education,Libraria Humanitas
COURSERA SPECIALIZATION Floreasca RID:34521,Education,Coursera Specialization
Plata POS frontend masters subscription Pipera 12345,Education,Frontend Masters subscription
Plata POS Clinica Polisano Sibiu RO,Health,Clinica Polisano
PMT POS Wizz Air Cluj RID:34521,Travel,Wizz Air
POS Marionnaud Sibiu #221,Other,Marionnaud
Achizitie Hidroelectrica Store 04 #14,Utilities,Hidroelectrica
Audible Downtown RO,Subscriptions,Audible
PMT VIRAMENT SALARIU NET Sibiu (RO),Salary,VIRAMENT SALARIU NET
Plata cu cardul Penny EU #4321,Groceries,Penny
Plata cu cardul Fizioterapie sedinta Galati RID:34521,Health,Fizioterapie sedinta
Plata cu cardul ICLOUD RO RID:34521,Subscriptions,iCloud
Claude.ai EU 12345,Subscriptions,Claude.ai
Fiverr payout Drumul Taberei #14,Salary,Fiverr payout
POS REGINA MARIA Drumul Taberei (RO),Health,Regina Maria
INCASARE DE LA ION Center #14,Transfer,Incasare de la Ion
PURCHASE mcd EU #001,Restaurants,McD
Cumparare Up Card Vitan #001,Other,Up Card
PMT POS Dr. Dent Branch 12 #001,Health,Dr. Dent
PMT BOOKING RO Mall Vitan #4321,Travel,Booking RO
Achizitie DISNEY+ RO Sun Plaza (RO),Subscriptions,Disney+ RO
Administrator bloc 12 Baneasa #221,Housing,Administrator bloc 12
Cumparare Storia.ro listare Branch 12 RO,Housing,Storia.ro listare
Cumparare STEAM STORE Ploiesti,Entertainment,Steam Store
Plata POS ETF VWCE Mall #4321,Investments,ETF VWCE
Plata POS internet la domiciliu Pipera RID:34521,Utilities,Internet la Domiciliu
Cumparare fmi bucuresti Downtown RID:34521,Education,FMI Bucuresti
PMT PROPERTY MANAGER FEES Online #221,Housing,Property Manager fees
PMT Caru' cu Bere Mall Vitan 12345,Restaurants,Caru' cu Bere
POS NETFLIX PREMIUM Drumul Taberei #4321,Subscriptions,Netflix Premium
Cumparare loft cafe AFI Cotroceni #4321,Restaurants,Loft Cafe
PMT POS Salariu luna mai Branch 12 (RO),Salary,Salariu luna mai
Digi Romania Floreasca RID:34521,Utilities,Digi Romania
HOLLYWOOD MULTIPLEX RO #001,Entertainment,Hollywood Multiplex
PMT Uber Eats Downtown,Restaurants,Uber Eats
POS Greggs AFI Cotroceni RID:34521,Restaurants,Greggs
DISNEY PLUS Constanta #221,Subscriptions,Disney Plus
Achizitie Transfer ING to Revolut Cluj #14,Transfer,Transfer ING to Revolut
Transfer in lei Baneasa #001,Transfer,Transfer in lei
PMT POS parking mall Park Lake #14,Transport,Parking Mall
Plata cu cardul 5 to Go Baneasa 12345,Restaurants,5 to Go
PURCHASE Intersport Bucuresti #221,Other,Intersport
Plata POS Evernote Personal Cluj (RO),Subscriptions,Evernote Personal
Cumparare RENT MAY RO AUT:887412,Housing,RENT MAY
Plata cu cardul STATIA ITP Galati RID:34521,Transport,Statia ITP
PMT POS EDX Pipera (RO),Education,edX
Achizitie ETSY PURCHASE Mall Vitan 12345,Other,Etsy purchase
Achizitie OMV PETROLSTATION AFI Cotroceni,Transport,OMV PetrolStation
PURCHASE PENNY ROM #001,Groceries,Penny
POS UNIVERSITATEA CLUJ Oradea AUT:887412,Education,Universitatea Cluj
Cumparare MOL GROUP Iasi,Transport,MOL Group
Bilet Filarmonica Downtown RO,Entertainment,Bilet Filarmonica
Plata cu cardul FOODPANDA Baneasa #001,Restaurants,FoodPanda
Plata POS deepl pro Center #221,Subscriptions,DeepL Pro
PURCHASE DIANA EXPRESS Oradea #001,Groceries,Diana Express
PMT POS Asociatie locatari EU RO,Housing,Asociatie locatari
BlackRock iShares Bucharest AUT:887412,Investments,BlackRock iShares
PMT Festival Untold Bucuresti RO,Entertainment,Festival Untold
Achizitie HARDEE'S Branch 12 RID:34521,Restaurants,Hardee's
PMT POS ALIMENTARA EXPRESS Store 04 AUT:887412,Groceries,Alimentara Express
Plata cu cardul FIGMA PRO Oradea (RO),Subscriptions,Figma Pro
Achizitie DM Park Lake #4321,Groceries,DM
PURCHASE TFL OYSTER Mall RO,Transport,TfL Oyster
TRATTORIA BUONGIORNO Brasov #4321,Restaurants,Trattoria Buongiorno
Achizitie TIM HORTONS Downtown,Restaurants,Tim Hortons
PMT chirie apartament Mall Vitan #4321,Housing,Chirie apartament
Cafenea Origo Timisoara #001,Restaurants,Cafenea Origo
PMT Wish.com RO AUT:887412,Other,Wish.com
Achizitie LIBRARIA DIVERTA Drumul Taberei #4321,Education,Libraria Diverta
POS Decont deplasare Branch 12 (RO),Salary,Decont deplasare
LEROY MERLIN Vitan AUT:887412,Other,Leroy Merlin
PURCHASE Spitalul Coltea Cotroceni RO,Health,Spitalul Coltea
Plata cu cardul Macromex Cotroceni,Groceries,Macromex
Achizitie ASE BUCURESTI Brasov (RO),Education,ASE Bucuresti
Plata POS KLM Cotroceni #221,Travel,KLM
PMT IABILET CONCERT Pipera #221,Entertainment,iaBilet concert
Plata cu cardul COURSERA PLUS ROM RID:34521,Education,Coursera Plus
PMT gold purchase bnr RO #221,Investments,Gold purchase BNR
GITHUB PRO Promenada #4321,Subscriptions,GitHub Pro
Achizitie NIRO MARKET Oradea AUT:887412,Groceries,Niro Market
POS CITIRE CONTOR Oradea AUT:887412,Utilities,Citire contor
POS 5-to-Go Galati RO,Restaurants,5-to-Go
PURCHASE card preplatit up Bucuresti #4321,Other,Card preplatit Up
Plata POS YOUTUBE MUSIC Baneasa RID:34521,Subscriptions,YouTube Music
Achizitie Service Auto Andrei Oradea (RO),Transport,Service Auto Andrei
Achizitie Frontend Masters subscription Galati 12345,Education,Frontend Masters subscription
Plata cu cardul Vietnam Restaurant Timisoara #001,Restaurants,Vietnam Restaurant
PURCHASE ENGIE ROMANIA Sun Plaza (RO),Utilities,Engie Romania
Cumparare EDX MICROSOFT Ploiesti RO,Education,edX Microsoft
PMT POS ALIEXPRESS ORDER Promenada #14,Other,Aliexpress order
Cumparare DENTIST BRILLIANT RO AUT:887412,Health,Dentist Brilliant
POS LEM'S MOBILIER Baneasa (RO),Other,Lem's mobilier
PMT POS Electrician apartament Pipera #4321,Housing,Electrician apartament
Plata cu cardul FreeNow Online,Transport,FreeNow
PURCHASE El Torito Mexican Baneasa RID:34521,Restaurants,El Torito Mexican
POS LC Waikiki Constanta #221,Other,LC Waikiki
Cumparare Kika mobilier RO #4321,Other,Kika mobilier
datacamp Constanta #4321,Education,DataCamp
Plata POS beraria h Ploiesti AUT:887412,Restaurants,Beraria H
POS Airbnb Downtown RID:34521,Travel,Airbnb
Achizitie XPRESS MARKET Bucuresti #221,Groceries,XPRESS Market
Onorariu consultanta Vitan,Salary,Onorariu consultanta
PMT SUPERMARKET LOCAL Ploiesti,Groceries,Supermarket Local
PMT POS carturesti Constanta RO,Education,Carturesti
PMT rent june Sun Plaza #221,Housing,RENT JUNE
PMT Stripe internal transfer Park Lake #221,Transfer,Stripe internal transfer
Plata cu cardul storia.ro listare Bucharest #4321,Housing,Storia.ro listare
Plata POS Lidl Floreasca #221,Groceries,Lidl
Plata cu cardul COOP Mall Vitan RID:34521,Groceries,Coop
Plata POS FIVE GUYS Park Lake RID:34521,Restaurants,Five Guys
PMT HERTZ RENT A CAR Mall,Travel,Hertz Rent a Car
Achizitie PENSIUNE BRAN Bucharest,Travel,Pensiune Bran
Achizitie PENSIE FACULTATIVA NN Baneasa #14,Investments,Pensie facultativa NN
Achizitie Trattoria il Calcio RO (RO),Restaurants,Trattoria il Calcio
Plata POS asigurare apartament Store 04 #221,Housing,Asigurare apartament
Termoficare CET Aviatorilor #14,Utilities,Termoficare CET
PMT PAYROLL MAY 2026 Online RO,Salary,Payroll May 2026
POS BINANCE SPOT EU #4321,Investments,Binance Spot
PURCHASE td ameritrade Store 04 #14,Investments,TD Ameritrade
PMT REPARATII INSTALATIE SANITARA Online AUT:887412,Housing,Reparatii instalatie sanitara
POS transfer cont curent Store 04 AUT:887412,Transfer,Transfer cont curent
frontendmasters Bucuresti RID:34521,Education,FrontendMasters
TAXI CRIS Pipera,Transport,Taxi Cris
POS Fond mutual NN Branch 12 (RO),Investments,Fond mutual NN
PMT AU BON PAIN Center #4321,Restaurants,Au Bon Pain
Plata POS brutaria paul Timisoara AUT:887412,Groceries,Brutaria Paul
PURCHASE SYNEVO LABS Pipera RO,Health,Synevo Labs
PURCHASE Transfer Revolut to BCR Center 12345,Transfer,Transfer Revolut to BCR
Achizitie PRAKTIKER Drumul Taberei (RO),Other,Praktiker
Plata cu cardul WISE TRANSFER Sibiu (RO),Transfer,Wise transfer
Achizitie TAXI COBALCESCU Constanta,Transport,Taxi Cobalcescu
PMT PAYROLL APRIL 2026 Cluj RO,Salary,Payroll April 2026
PMT POS obb austria Center #14,Transport,OBB Austria
Achizitie METROREX ABONAMENT Mall Vitan #221,Transport,Metrorex Abonament
Cumparare auchan drive Oradea #4321,Groceries,Auchan Drive
Plata POS evernote personal Ploiesti,Subscriptions,Evernote Personal
Cumparare Etihad Airways ROM RO,Travel,Etihad Airways
cabinet cardiologie Sibiu #001,Health,Cabinet Cardiologie
Plata POS BROKER BT CAPITAL Online #4321,Investments,Broker BT Capital
PMT VANGUARD ETF Iasi,Investments,Vanguard ETF
Cumparare BURSA DE STUDII Mall #14,Education,Bursa de studii
SHELL ROMANIA ROM RID:34521,Transport,Shell Romania
PMT POS taxi cobalcescu EU,Transport,Taxi Cobalcescu
PMT POS rata ipoteca Brasov #14,Housing,Rata ipoteca
Cumparare Factura curent Branch 12 #14,Utilities,Factura curent
Plata cu cardul enel*fact Promenada #001,Utilities,ENEL*FACT
PMT POS DENTIST BRILLIANT RO RO,Health,Dentist Brilliant
PMT POS MasterClass course Mall Vitan RO,Education,MasterClass course
Plata POS Engie GazNaturale Aviatorilor RID:34521,Utilities,Engie GazNaturale
Achizitie KRAKEN BUY ROM #001,Investments,Kraken buy
PMT Intersport Store 04,Other,Intersport
PMT SEPHORA Mall Vitan RO,Other,Sephora
Plata cu cardul EVERNOTE PERSONAL AFI Cotroceni,Subscriptions,Evernote Personal
PURCHASE Ryanair Bucharest AUT:887412,Travel,Ryanair
PMT POS transfer bcr to ing Drumul Taberei #001,Transfer,Transfer BCR to ING
Achizitie trading 212 invest Aviatorilor AUT:887412,Investments,Trading 212 Invest
PMT POS Linear App Drumul Taberei (RO),Subscriptions,Linear App
Plata cu cardul Brilliant.org Pipera #14,Education,Brilliant.org
POS Lime Scooter Sun Plaza (RO),Transport,Lime Scooter
Plata POS decont 7card Ploiesti #4321,Salary,Decont 7Card
PURCHASE Chirie luna iunie Mall #001,Housing,Chirie luna iunie
Cumparare Bitwarden Premium Cluj RO,Subscriptions,Bitwarden Premium
Plata cu cardul DIGI*FACT Iasi,Utilities,DIGI*FACT
Achizitie ESCAPE ROOM LOGICA Vitan #001,Entertainment,Escape Room Logica
PURCHASE Claude Pro Park Lake,Subscriptions,Claude Pro
Plata cu cardul Broker BT Capital RO 12345,Investments,Broker BT Capital
PMT POS Întreținere apartament AFI Cotroceni RO,Housing,Întreținere apartament
PMT SYNEVO LABORATOR Cotroceni #4321,Health,Synevo Laborator
PURCHASE CABINET STOMATOLOGIC SMILE Store 04 RO,Health,Cabinet Stomatologic Smile
PMT Ramses Sushi Downtown RID:34521,Restaurants,Ramses Sushi
PMT Bolt Food Bucharest (RO),Restaurants,Bolt Food
Plata POS carrefour market Branch 12 #001,Groceries,Carrefour Market
Achizitie Joc PC Steam EU AUT:887412,Entertainment,Joc PC Steam
POS epic games store Mall (RO),Entertainment,Epic Games Store
PURCHASE Brutaria Boromir Sun Plaza RO,Groceries,Brutaria Boromir
PMT POS LINKEDIN LEARNING RO #14,Education,LinkedIn Learning
PURCHASE Mega Image Shop&Go Mall,Groceries,Mega Image Shop&Go
POS MEGA IMAGE Mall (RO),Groceries,Mega Image
Achizitie emirates Brasov #221,Travel,Emirates
Achizitie carrefour.ro online Center AUT:887412,Groceries,Carrefour.ro online
Întreținere apartament ROM #14,Housing,Întreținere apartament
POS Carrefour Express RO #221,Groceries,Carrefour Express
ONLYFANS SUBSCRIPTION Floreasca #4321,Subscriptions,OnlyFans subscription
PURCHASE Hotel Athenee Palace Mall Vitan #001,Travel,Hotel Athenee Palace
Plata cu cardul ÎNCASARE SALARIU MARIA EU 12345,Transfer,Încasare salariu Maria
Cumparare OMV PETROLSTATION Brasov RO,Transport,OMV PetrolStation
PMT POS TICHETE VACANTA Bucharest RID:34521,Salary,Tichete vacanta
SPOTIFY FAMILY Promenada #4321,Subscriptions,Spotify Family
PURCHASE WizzAir Bilet Cluj,Travel,WizzAir Bilet
Policlinica Titu Maiorescu Cluj RO,Health,Policlinica Titu Maiorescu
Plata POS DISTRIGAZ SUD Bucharest #14,Utilities,Distrigaz Sud
Plata cu cardul FOND MUTUAL BT ASSET MGMT Sibiu #221,Investments,Fond mutual BT Asset Mgmt
PMT NOTION AI Iasi RO,Subscriptions,Notion AI
Cumparare BOLT*RIDE Ploiesti 12345,Transport,BOLT*RIDE
Plata POS DR. DENT Center RO,Health,Dr. Dent
PMT Cinema 3D AFI Baneasa AUT:887412,Entertainment,Cinema 3D AFI
PURCHASE PROTONVPN Vitan AUT:887412,Subscriptions,ProtonVPN
Plata cu cardul JD SPORTS RO AUT:887412,Other,JD Sports
Achizitie foodpanda Constanta #221,Restaurants,FoodPanda
PMT Stock purchase MSFT AFI Cotroceni 12345,Investments,Stock purchase MSFT
Cumparare Medicover Romania Vitan RO,Health,Medicover Romania
Plata POS XTB deposit Drumul Taberei (RO),Investments,XTB deposit
PMT UDEMY BUSINESS Iasi (RO),Education,Udemy Business
Cumparare XTB INVEST Downtown 12345,Investments,XTB invest
POS Booking.com Hotel Drumul Taberei RO,Travel,Booking.com Hotel
PMT POS STB Bucharest #4321,Transport,STB
PMT POS KARAOKE SING CITY Sibiu RO,Entertainment,Karaoke Sing City
PMT POS Spitalul Floreasca Center 12345,Health,Spitalul Floreasca
PMT POS UPC Romania Bucharest RID:34521,Utilities,UPC Romania
Plata POS Lukoil Vitan (RO),Transport,Lukoil
Achizitie PANDORA BIJUTERII EU RO,Other,Pandora bijuterii
PMT editura polirom carte Vitan RID:34521,Education,Editura Polirom carte
Plata POS imobiliare.ro listare Oradea RID:34521,Housing,Imobiliare.ro listare
PMT Anaida Restaurant ROM (RO),Restaurants,Anaida Restaurant
Achizitie bar de zi floreasca Iasi #4321,Restaurants,Bar de zi Floreasca
Plata cu cardul NORWEGIAN AIR Center 12345,Travel,Norwegian Air
Plata cu cardul Comision agentie imobiliara Cluj 12345,Housing,Comision agentie imobiliara
BlackRock iShares Bucharest #14,Investments,BlackRock iShares
Frizerie Old School Oradea AUT:887412,Other,Frizerie Old School
Plata cu cardul Factura apa Promenada,Utilities,Factura apa
Panera Bread Mall (RO),Restaurants,Panera Bread
LIBRARIA HUMANITAS Baneasa RID:34521,Education,Libraria Humanitas
PURCHASE Figma Pro Promenada #001,Subscriptions,Figma Pro
Achizitie KARAOKE SING CITY Downtown RO,Entertainment,Karaoke Sing City
PMT POS Douglas magazin Park Lake (RO),Other,Douglas magazin
POS Hidroelectrica vanzare Online #001,Utilities,Hidroelectrica vanzare
microsoft 365 family Brasov,Subscriptions,Microsoft 365 Family
PURCHASE DIURNĂ DEPLASARE ROM RO,Salary,Diurnă deplasare
Cumparare Carte tehnica online Downtown #14,Education,Carte tehnica online
netflix standard Center RID:34521,Subscriptions,Netflix Standard
Plata cu cardul Cinemax Vitan #001,Entertainment,Cinemax
PMT POS Avis Rent Galati #14,Travel,Avis Rent
Asigurare apartament Promenada #001,Housing,Asigurare apartament
Achizitie Spitalul Coltea RO #221,Health,Spitalul Coltea
PMT POS GOG.com Drumul Taberei #221,Entertainment,GOG.com
Plata POS Reparatii instalatie sanitara RO #14,Housing,Reparatii instalatie sanitara
Cumparare UPWORK PAYOUT Pipera (RO),Salary,Upwork payout
PMT billa Ploiesti #14,Groceries,Billa
REPARATII ELECTROCASNICE Downtown #4321,Other,Reparatii electrocasnice
PURCHASE Pensiune Sinaia AFI Cotroceni #001,Travel,Pensiune Sinaia
POS MAGAZINUL DE CARTIER Store 04 #4321,Groceries,Magazinul de Cartier
Achizitie Airbnb Stay AFI Cotroceni 12345,Travel,Airbnb Stay
PMT POS EON.RO factura Pipera,Utilities,EON.RO factura
PMT Saxo Bank deposit ROM #221,Investments,Saxo Bank deposit
Cumparare payslip tech corp ROM #001,Salary,Payslip Tech Corp
PURCHASE auchan Sibiu RO,Groceries,Auchan
Cumparare ROVINIETA Center 12345,Transport,Rovinieta
engie romania Mall Vitan,Utilities,Engie Romania
Achizitie Farmacia Tei Center 12345,Health,Farmacia Tei
PMT POS WOLT Timisoara 12345,Restaurants,Wolt
Cumparare BERE SI GRILL Promenada #4321,Restaurants,Bere si grill
POS Burgerista Cluj (RO),Restaurants,Burgerista
Plata cu cardul Distrigaz Sud Constanta RO,Utilities,Distrigaz Sud
Cumparare COMISION AGENTIE IMOBILIARA EU #14,Housing,Comision agentie imobiliara
PMT Optimall optica Bucharest RO,Health,Optimall optica
Plata cu cardul Pet Shop Animax Galati 12345,Other,Pet Shop Animax
Achizitie aws free tier Galati AUT:887412,Subscriptions,AWS Free Tier
PURCHASE CARWASH EXPRESS Mall Vitan RO,Transport,Carwash Express
Achizitie joc pc steam Downtown AUT:887412,Entertainment,Joc PC Steam
PMT POS mortgage payment Downtown 12345,Housing,Mortgage payment
POS Asigurare apartament Iasi,Housing,Asigurare apartament
Hard Rock Cafe Promenada RID:34521,Restaurants,Hard Rock Cafe
Plata POS SPAR EU AUT:887412,Groceries,Spar
Cumparare GAZE NATURALE ROMANIA Galati RID:34521,Utilities,Gaze Naturale Romania
POS FMI Bucuresti ROM 12345,Education,FMI Bucuresti
Achizitie Office 365 Online RO,Subscriptions,Office 365
Plata POS Beauty Salon Pretty ROM RO,Other,Beauty Salon Pretty
Achizitie La Placinte Sibiu RID:34521,Restaurants,La Placinte
PURCHASE Webull deposit Timisoara 12345,Investments,Webull deposit
PURCHASE factura internet Online #001,Utilities,Factura internet
PMT POS REZERVARE HOTEL BRASOV Galati,Travel,Rezervare hotel Brasov
Cumparare universitate tehnica Iasi #001,Education,Universitate Tehnica
Fond mutual NN Promenada #221,Investments,Fond mutual NN
POS Uniswap swap Baneasa #4321,Investments,Uniswap swap
PMT POS Tichete vacanta Mall 12345,Salary,Tichete vacanta
Plata cu cardul BROKER BT CAPITAL EU,Investments,Broker BT Capital
Plata cu cardul H&M magazin ROM RO,Other,H&M magazin
Achizitie BILET FILARMONICA Sun Plaza RO,Entertainment,Bilet Filarmonica
Plata POS Croitorie de Lux RO #001,Other,Croitorie de Lux
PURCHASE Diurnă deplasare Brasov,Salary,Diurnă deplasare
Achizitie Plata freelance proiect AFI Cotroceni #14,Salary,Plata freelance proiect
PMT POS PRAKTIKER Mall Vitan (RO),Other,Praktiker
Achizitie deutsche bahn Sibiu AUT:887412,Transport,Deutsche Bahn
Achizitie Nintendo Switch Online ROM (RO),Entertainment,Nintendo Switch Online
PURCHASE Coffee Project Timisoara,Restaurants,Coffee Project
PURCHASE popeyes louisiana kitchen Iasi #4321,Restaurants,Popeyes Louisiana Kitchen
Plata POS trivago Mall Vitan,Travel,Trivago
POS Hotel Cismigiu Mall RID:34521,Travel,Hotel Cismigiu
PURCHASE CEC BANK TRANSFER Store 04 #4321,Transfer,CEC Bank transfer
PURCHASE cinemax iulius mall Mall RO,Entertainment,Cinemax Iulius Mall
Plata cu cardul metrorex Baneasa AUT:887412,Transport,Metrorex
Plata POS wok to walk Vitan RO,Restaurants,Wok to Walk
Deposit rent Sibiu AUT:887412,Housing,Deposit rent
PMT POS optimall optica Brasov,Health,Optimall optica
POS Asociatie Proprietari Bloc 5 RO #221,Housing,Asociatie Proprietari Bloc 5
Plata POS Vodafone Cable Pipera RO,Utilities,Vodafone Cable
Plata POS Eventim Bilet Park Lake RID:34521,Entertainment,Eventim Bilet
E.ON Energie Romania ROM RO,Utilities,E.ON Energie Romania
POS cursuri online it Online (RO),Education,Cursuri online IT
Achizitie dm drogerie markt EU 12345,Groceries,DM Drogerie Markt
Achizitie H&M magazin Bucharest,Other,H&M magazin
PMT Reteaua Regina Maria Store 04 (RO),Health,Reteaua Regina Maria
Chirie luna iulie EU 12345,Housing,Chirie luna iulie
PURCHASE BANK TO BANK SWIFT Bucuresti #001,Transfer,Bank to bank SWIFT
Plata cu cardul LINKEDIN LEARNING ROM RO,Education,LinkedIn Learning
Cumparare Hertz Rent a Car Iasi #221,Travel,Hertz Rent a Car
Plata POS Vodafone Romania Pipera RID:34521,Utilities,Vodafone Romania
Plata POS Spitalul Floreasca Mall Vitan #14,Health,Spitalul Floreasca
Plata POS Service Auto Andrei Downtown AUT:887412,Transport,Service Auto Andrei
întreținere apartament Brasov #4321,Housing,Întreținere apartament
PMT POS RESTAURANT CENTRUL VECHI RO,Restaurants,Restaurant centrul vechi
kraken buy Brasov #4321,Investments,Kraken buy
PMT POS apa nova bucuresti Branch 12 (RO),Utilities,Apa Nova Bucuresti
PMT POS ApaServ Brasov Vitan AUT:887412,Utilities,ApaServ Brasov
Steam Wallet Downtown RO,Entertainment,Steam Wallet
POS MOL ROMANIA Drumul Taberei AUT:887412,Transport,MOL Romania
Plata POS Bolt Romania Cotroceni RO,Transport,Bolt Romania
TRANSFER CARD TO CARD Cluj #221,Transfer,Transfer card to card
PURCHASE Psiholog Cabinet ROM #14,Health,Psiholog Cabinet
Plata POS Hervis Sports AFI Cotroceni 12345,Other,Hervis Sports
Cumparare clinica polisano Drumul Taberei AUT:887412,Health,Clinica Polisano
POS HARD ROCK CAFE Oradea 12345,Restaurants,Hard Rock Cafe
Plata POS auto service pitesti Sun Plaza #001,Transport,Auto Service Pitesti
Plata cu cardul OTP Bank schimb Park Lake 12345,Transfer,OTP Bank schimb
Cumparare FESTIVAL AWAKE Bucharest #4321,Entertainment,Festival Awake
PMT POS SUPERMARKET LOCAL Ploiesti,Groceries,Supermarket Local
Cumparare CEZ Romania Oradea RO,Utilities,CEZ Romania
Achizitie Taxi Cobalcescu Promenada #001,Transport,Taxi Cobalcescu
POS Enel Energie EU RID:34521,Utilities,Enel Energie
Achizitie iCloud Center (RO),Subscriptions,iCloud
PMT POS Teatrul Bulandra EU RID:34521,Entertainment,Teatrul Bulandra
Plata cu cardul Opera Bucuresti Brasov RO,Entertainment,Opera Bucuresti
Cumparare BOWLING MEGA MALL Brasov AUT:887412,Entertainment,Bowling Mega Mall
DENTIST BRILLIANT AFI Cotroceni RID:34521,Health,Dentist Brilliant
PURCHASE Marionnaud Store 04 (RO),Other,Marionnaud
Plata POS 1password Cluj RO,Subscriptions,1Password
POS Plata diversa EU #4321,Other,Plata diversa
Plata cu cardul Notion Personal Pipera RID:34521,Subscriptions,Notion Personal
POS asociatie locatari Branch 12 12345,Housing,Asociatie locatari
Cumparare Digi Romania Mall 12345,Utilities,Digi Romania
PURCHASE YouTube Music Cotroceni #001,Subscriptions,YouTube Music
Cumparare Lufthansa Group Galati (RO),Travel,Lufthansa Group
PURCHASE GAZPROM Bucuresti #221,Transport,Gazprom
Plata POS Subway Timisoara #14,Restaurants,Subway
Plata POS METRO CASH & CARRY ROM RID:34521,Groceries,Metro Cash & Carry
POS salary transfer Vitan (RO),Salary,SALARY TRANSFER
Plata POS Sushi Master Store 04 RID:34521,Restaurants,Sushi Master
Cumparare Pizzeria 4 Amici Bucharest #4321,Restaurants,Pizzeria 4 Amici
Plata POS Lidl Mall #14,Groceries,Lidl
virament bcr catre brd Store 04 #4321,Transfer,Virament BCR catre BRD
Achizitie vaccinare centrul medical Bucharest,Health,Vaccinare Centrul Medical
POS Saxo Bank deposit Center 12345,Investments,Saxo Bank deposit
PMT Radet Bucuresti Sun Plaza #221,Utilities,Radet Bucuresti
Cumparare Carrefour Express Baneasa #221,Groceries,Carrefour Express
Achizitie BurgerFest Timisoara (RO),Restaurants,BurgerFest
Plata cu cardul Brutaria Anatolia Cluj #221,Groceries,Brutaria Anatolia
Plata POS CNAIR ROVINIETA Promenada #14,Transport,CNAIR Rovinieta
PMT POS ASE Taxa Master ROM #4321,Education,ASE Taxa Master
NORDVPN Downtown RID:34521,Subscriptions,NordVPN
Achizitie Patiserie Parisul Bucuresti 12345,Other,Patiserie Parisul
Plata POS paypal payout Bucharest (RO),Transfer,PayPal payout
POS Kaufland RO RID:34521,Groceries,Kaufland
Plata cu cardul Taco Bell Store 04 RID:34521,Restaurants,Taco Bell
Achizitie Dropbox Family Ploiesti #221,Subscriptions,Dropbox Family
Plata cu cardul trading 212 invest Iasi #221,Investments,Trading 212 Invest
Cumparare Profi Loco Galati #221,Groceries,Profi Loco
Cumparare Factura curent Vitan #221,Utilities,Factura curent
PURCHASE PIZZERIA 4 AMICI Drumul Taberei RID:34521,Restaurants,Pizzeria 4 Amici
Plata cu cardul ORIGO COFFEE Mall Vitan #14,Restaurants,Origo Coffee
PMT SCHIMB EUR-RON BCR ROM #4321,Transfer,Schimb EUR-RON BCR
POS house Sun Plaza 12345,Other,House
POS psiholog cabinet AFI Cotroceni AUT:887412,Health,Psiholog Cabinet
Cumparare acuarela cafe Branch 12 (RO),Restaurants,Acuarela Cafe
Plata cu cardul DEUTSCHE BAHN Sun Plaza RO,Transport,Deutsche Bahn
Plata cu cardul VACCINARE CENTRUL MEDICAL Promenada 12345,Health,Vaccinare Centrul Medical
Cumparare cec virament Online 12345,Transfer,CEC virament
Plata POS carrefour.ro online Galati #001,Groceries,Carrefour.ro online
Plata POS SALUBRIZARE BUCURESTI Oradea,Utilities,Salubrizare Bucuresti
Plata cu cardul Lensa.ro Bucharest,Health,Lensa.ro
PURCHASE frontend masters subscription Floreasca #001,Education,Frontend Masters subscription
Cumparare real estate reit Mall RO,Investments,Real estate REIT
PURCHASE Factura gaze Drumul Taberei 12345,Utilities,Factura gaze
Achizitie TELEKOM MOBILE EU,Utilities,Telekom Mobile
Plata POS PIZZERIA 4 AMICI Sibiu (RO),Restaurants,Pizzeria 4 Amici
POS Roblox subscription Mall RO,Entertainment,Roblox subscription
Plata cu cardul Fresh Corner Store 04 #4321,Groceries,Fresh Corner
Plata cu cardul ONORARIU CONSULTANTA Baneasa AUT:887412,Salary,Onorariu consultanta
Plata POS Salubritate URBAN Pipera #4321,Utilities,Salubritate URBAN
PMT notion ai Sibiu,Subscriptions,Notion AI
PURCHASE Pizzeria Presto Timisoara #14,Restaurants,Pizzeria Presto
Plata cu cardul Carl's Jr Brasov 12345,Restaurants,Carl's Jr
VEL PITAR Downtown RO,Groceries,Vel Pitar
PMT HBO MAX Downtown #4321,Subscriptions,HBO Max
PMT 1password Cluj #001,Subscriptions,1Password
Kika mobilier ROM #221,Other,Kika mobilier
Cumparare Fizioterapie sedinta ROM #4321,Health,Fizioterapie sedinta
Plata POS RENT JUNE Floreasca 12345,Housing,RENT JUNE
PMT ETF SPY EU 12345,Investments,ETF SPY
Achizitie ORANGE ROMANIA Bucharest (RO),Utilities,Orange Romania
Cumparare Sushi Master Constanta #14,Restaurants,Sushi Master
PURCHASE HIDROELECTRICA Cluj 12345,Utilities,Hidroelectrica
PMT POS Eventim Bilet Brasov 12345,Entertainment,Eventim Bilet
TARGUL DE LEGUME EU (RO),Groceries,Targul de Legume
PURCHASE Beauty Salon Pretty Pipera (RO),Other,Beauty Salon Pretty
POS Yoga clasa Iasi #221,Health,Yoga clasa
POS Steam Wallet Downtown (RO),Entertainment,Steam Wallet
PMT POS klm Ploiesti RID:34521,Travel,KLM
Achizitie Magazin Animale Companie Branch 12 #221,Other,Magazin Animale Companie
Cumparare ENEL ENERGIE RO #14,Utilities,Enel Energie
Plata POS Hollywood Multiplex EU #221,Entertainment,Hollywood Multiplex
PURCHASE DM Drogerie Markt Drumul Taberei #14,Groceries,DM Drogerie Markt
Cumparare Escape Room Adventure Timisoara 12345,Entertainment,Escape Room Adventure
POS Spotify Premium Cotroceni #14,Subscriptions,Spotify Premium
Plata cu cardul Cazare camin studenti Galati #14,Education,Cazare camin studenti
Achizitie Auto Service Pitesti Cotroceni AUT:887412,Transport,Auto Service Pitesti
RENT JULY Constanta (RO),Housing,RENT JULY
PMT POS HIPMENU RO RO,Restaurants,Hipmenu
PMT cadou online Mall #14,Other,Cadou online
Cumparare Lidl Online #4321,Groceries,Lidl
Cumparare baumax Oradea RO,Other,BAUMAX
Cumparare VEL PITAR Park Lake #001,Groceries,Vel Pitar
Cumparare fond mutual bt asset mgmt Cotroceni RO,Investments,Fond mutual BT Asset Mgmt
Cumparare aldi RO #221,Groceries,Aldi
CEC virament Store 04 (RO),Transfer,CEC virament
Plata cu cardul Kika mobilier Downtown #14,Other,Kika mobilier
POS Coursera ROM #001,Education,Coursera
Cumparare edX Microsoft Online,Education,edX Microsoft
PMT POS klm Pipera 12345,Travel,KLM
Achizitie festival neversea Timisoara RO,Entertainment,Festival Neversea
Plata POS La Doi Pasi Oradea #14,Groceries,La Doi Pasi
Plata cu cardul Patiserie Parisul Bucuresti #221,Other,Patiserie Parisul
PMT ITP Service Bucharest #14,Transport,ITP Service
Plata cu cardul HOTEL CROWNE PLAZA Center RO,Travel,Hotel Crowne Plaza
Achizitie TD Ameritrade Aviatorilor #4321,Investments,TD Ameritrade
LUFTHANSA GROUP Ploiesti RID:34521,Travel,Lufthansa Group
Plata cu cardul tim hortons Branch 12 #14,Restaurants,Tim Hortons
PURCHASE APOMETRU INDEX Drumul Taberei #4321,Utilities,Apometru index
Achizitie Carrefour Market Mall Vitan RID:34521,Groceries,Carrefour Market
Asigurare locuinta Ploiesti (RO),Housing,Asigurare locuinta
Cumparare Medicover Iasi #001,Health,Medicover
Plata POS MAX.COM Downtown #221,Subscriptions,Max.com
Cumparare Optimall optica Store 04 #001,Health,Optimall optica
Plata POS SALARIU ORE SUPLIMENTARE Mall #221,Salary,Salariu ore suplimentare
Plata cu cardul Kaufland Online Online AUT:887412,Groceries,Kaufland Online
Cumparare Electrica Distributie Store 04 #4321,Utilities,Electrica Distributie
Plata POS nike store Center #4321,Other,Nike store
Achizitie GREGGS Online #4321,Restaurants,Greggs
Achizitie Rata ipoteca RO #001,Housing,Rata ipoteca
Achizitie eToro buy Oradea #221,Investments,eToro buy
Plata cu cardul STARBUCKS Center #221,Restaurants,Starbucks
Cumparare Mobexpert Mall Vitan #001,Other,Mobexpert
CARWASH EXPRESS Timisoara RO,Transport,Carwash Express
Cumparare XTB DEPOSIT Downtown #221,Investments,XTB deposit
STB BUCURESTI Promenada (RO),Transport,STB Bucuresti
Achizitie Revolut transfer to friend Bucharest,Transfer,Revolut transfer to friend
RATA IPOTECA EU #14,Housing,Rata ipoteca
Plata cu cardul Medical Center Bucuresti Baneasa RID:34521,Health,Medical Center Bucuresti
Cumparare chipotle mexican grill Cotroceni 12345,Restaurants,Chipotle Mexican Grill
Plata cu cardul CASA INTELIGENTA ADMINISTRARE Bucuresti,Housing,Casa Inteligenta administrare
Plata POS SALARY EMPLOYER Constanta RO,Salary,SALARY EMPLOYER
Substack subscription Drumul Taberei,Subscriptions,Substack subscription
Magazin Mixt Oradea,Groceries,Magazin Mixt
Cumparare MEDIC DE FAMILIE Bucuresti #4321,Health,Medic de familie
Plata cu cardul DECONT SALARIAL Oradea RID:34521,Salary,Decont salarial
Plata POS burgerfest Iasi #221,Restaurants,BurgerFest
PURCHASE Transfer in EUR Park Lake RID:34521,Transfer,Transfer in EUR
autostrada a1 Mall 12345,Transport,Autostrada A1
POS carrefour.ro online Aviatorilor RID:34521,Groceries,Carrefour.ro online
PURCHASE PAYPAL PAYOUT Pipera #221,Transfer,PayPal payout
PMT POS Vanguard ETF Downtown #221,Investments,Vanguard ETF
Revolut Invest Park Lake #221,Investments,Revolut Invest
PMT POS ANNABELLA Bucharest #221,Groceries,Annabella
Achizitie Mercadona Brasov #14,Groceries,Mercadona
PMT POS WISE TRANSFER Vitan AUT:887412,Transfer,Wise transfer
Plata cu cardul FACTURA APA AFI Cotroceni #001,Utilities,Factura apa
PURCHASE skillshare Pipera RO,Education,Skillshare
ROSETTA STONE Downtown,Education,Rosetta Stone
Rata credit ipotecar Cotroceni #14,Housing,Rata credit ipotecar
Fresh Corner Baneasa AUT:887412,Groceries,Fresh Corner
PMT POS Editura Polirom carte Aviatorilor #221,Education,Editura Polirom carte
POS DOMINO'S Ploiesti RID:34521,Restaurants,Domino's
POS etf eunl Drumul Taberei #14,Investments,ETF EUNL
WIZZ AIR VOUCHER Promenada,Transport,Wizz Air voucher
lime scooter Oradea #221,Transport,Lime Scooter
PURCHASE Bolt Food Sun Plaza 12345,Restaurants,Bolt Food
PMT POS IABILET CONCERT Drumul Taberei,Entertainment,iaBilet concert
Bricolaj Dedeman Iasi 12345,Other,Bricolaj Dedeman
PURCHASE wendy's Iasi #4321,Restaurants,Wendy's
Plata cu cardul CABINET ORTOPEDIE Bucharest RO,Health,Cabinet Ortopedie
PMT POS ENEL ROMANIA Promenada,Utilities,Enel Romania
PMT POS eMAG Center RID:34521,Other,eMAG
PURCHASE paypal transfer Timisoara #14,Transfer,PayPal transfer
PURCHASE CEZ Vanzare Downtown RID:34521,Utilities,CEZ Vanzare
POS Mentenanta lift Pipera 12345,Housing,Mentenanta lift
Achizitie Stock purchase MSFT Aviatorilor RID:34521,Investments,Stock purchase MSFT
Achizitie PIATA OBOR Center AUT:887412,Groceries,Piata Obor
PMT STRIPE INTERNAL TRANSFER Promenada RO,Transfer,Stripe internal transfer
Cumparare paypal transfer Aviatorilor AUT:887412,Transfer,PayPal transfer
Plata POS Hostelworld Cotroceni #14,Travel,Hostelworld
MCDONALD'S Iasi #001,Restaurants,McDonald's
virament salariu srl Downtown #4321,Salary,VIRAMENT SALARIU SRL
PMT POS Hidroelectrica ROM AUT:887412,Utilities,Hidroelectrica
Achizitie AVANS CHIRIE Baneasa #4321,Housing,Avans chirie
Achizitie PLATA DIVERSA Sun Plaza 12345,Other,Plata diversa
PURCHASE Payroll May 2026 RO #4321,Salary,Payroll May 2026
Dropbox Family Sibiu RO,Subscriptions,Dropbox Family
Plata POS ProtonMail RO #221,Subscriptions,ProtonMail
Plata cu cardul psn store Ploiesti #4321,Entertainment,PSN Store
linea closer to the moon Pipera #4321,Restaurants,Linea Closer to the Moon
transfer card to card Cotroceni AUT:887412,Transfer,Transfer card to card
PURCHASE Stradivarius Pipera 12345,Other,Stradivarius
PMT POS Libraria Diverta Online #001,Education,Libraria Diverta
POS Adobe Premiere Pro home Timisoara RID:34521,Entertainment,Adobe Premiere Pro home
PURCHASE Spitalul Sf. Pantelimon Cotroceni RID:34521,Health,Spitalul Sf. Pantelimon
Cumparare Rata credit ipotecar Brasov #14,Housing,Rata credit ipotecar
Cumparare gaze naturale Iasi 12345,Utilities,Gaze Naturale
PMT POS RAIFFEISEN VIRAMENT RO RO,Transfer,Raiffeisen virament
Cumparare Eventim Online (RO),Entertainment,Eventim
PURCHASE Crucea Rosie donatie RO #221,Other,Crucea Rosie donatie
Plata POS db bahn Cluj AUT:887412,Transport,DB Bahn
Zen Sushi Brasov #14,Restaurants,Zen Sushi
PMT Salariu Net Iunie Sibiu #4321,Salary,Salariu Net Iunie
PMT POS rovinieta Mall Vitan #4321,Transport,Rovinieta
Cumparare ANAIDA RESTAURANT Iasi RO,Restaurants,Anaida Restaurant
PMT POS CLINICA POLISANO Promenada #4321,Health,Clinica Polisano
PMT Florarie Diana Downtown #4321,Other,Florarie Diana
PMT Carl's Jr Online #4321,Restaurants,Carl's Jr
PMT Patiserie Parisul Ploiesti #14,Other,Patiserie Parisul
POS ASOCIATIE PROPRIETARI BLOC 5 Drumul Taberei #221,Housing,Asociatie Proprietari Bloc 5
Bitwarden Premium Cotroceni #4321,Subscriptions,Bitwarden Premium
revolut top-up Floreasca,Transfer,Revolut top-up
PMT MONEYGRAM RECEIVE Drumul Taberei RID:34521,Transfer,MoneyGram receive
Achizitie hotel caro Cotroceni RID:34521,Travel,Hotel Caro
Cumparare Hotels.com Bucharest 12345,Travel,Hotels.com
POS Metroul Bucuresti Bucuresti 12345,Transport,Metroul Bucuresti
Achizitie IABILET CONCERT Downtown,Entertainment,iaBilet concert
PMT POS Bitwarden Premium Floreasca RO,Subscriptions,Bitwarden Premium
POS FARMACIA TEI Constanta AUT:887412,Health,Farmacia Tei
blue air Ploiesti,Travel,Blue Air
PMT POS Lem's mobilier Downtown 12345,Other,Lem's mobilier
PURCHASE RetiM Servicii EU AUT:887412,Utilities,RetiM Servicii
Plata cu cardul CURATENIE APARTAMENT Timisoara (RO),Housing,Curatenie apartament
Cumparare FRONTENDMASTERS ROM #4321,Education,FrontendMasters
Plata cu cardul KLM Online #001,Travel,KLM
PMT POS PIZZERIA PRESTO Store 04 #4321,Restaurants,Pizzeria Presto
PMT COMISION AGENTIE IMOBILIARA Brasov RO,Housing,Comision agentie imobiliara
Steam Wallet Center #4321,Entertainment,Steam Wallet
PURCHASE Nintendo eShop Vitan,Entertainment,Nintendo eShop
Pizza Hut Floreasca #4321,Restaurants,Pizza Hut
Achizitie PLATA CHIRIE IULIE Aviatorilor 12345,Housing,Plata chirie iulie
PURCHASE spotify premium Center #001,Subscriptions,Spotify Premium
PURCHASE AWS FREE TIER ROM #001,Subscriptions,AWS Free Tier
Farmacia Sensiblu Park Lake RID:34521,Health,Farmacia Sensiblu
Colegiu National Sava Park Lake #221,Education,Colegiu National Sava
PURCHASE starbucks coffee Timisoara #14,Restaurants,STARBUCKS COFFEE
Cumparare Bilet Master Online #001,Entertainment,Bilet Master
PURCHASE auchan drive Center #14,Groceries,Auchan Drive
PMT aquapark therme ROM (RO),Entertainment,Aquapark Therme
PURCHASE SPITALUL SF. PANTELIMON Cluj RID:34521,Health,Spitalul Sf. Pantelimon
Enel Romania Bucuresti #221,Utilities,Enel Romania
POS FIGMA PRO Floreasca RO,Subscriptions,Figma Pro
PURCHASE Panera Bread ROM 12345,Restaurants,Panera Bread
POS CITIRE CONTOR Galati (RO),Utilities,Citire contor
Plata POS PAYROLL APRIL 2026 EU AUT:887412,Salary,Payroll April 2026
Plata POS Service GSM Pipera #14,Other,Service GSM
Achizitie Hidroelectrica Baneasa #4321,Utilities,Hidroelectrica
PURCHASE SANADOR DIAGNOSTIC Baneasa #4321,Health,Sanador Diagnostic
MoneyGram receive ROM (RO),Transfer,MoneyGram receive
Achizitie PLATA CHIRIE EU RID:34521,Housing,Plata chirie
Plata POS XBOX GAME PASS Branch 12 #221,Entertainment,Xbox Game Pass
Achizitie bank to bank swift Park Lake #001,Transfer,Bank to bank SWIFT
POS Apometru index Bucuresti (RO),Utilities,Apometru index
Cumparare POPEYES LOUISIANA KITCHEN ROM RID:34521,Restaurants,Popeyes Louisiana Kitchen
Achizitie YOUTUBE MUSIC ROM RO,Subscriptions,YouTube Music
PMT annabella Mall Vitan #4321,Groceries,Annabella
PMT APA CLUJ Mall Vitan RO,Utilities,Apa Cluj
Plata cu cardul Florarie Diana EU #221,Other,Florarie Diana
Plata POS PETROM STATIE Drumul Taberei #221,Transport,Petrom Statie
POS DOMINOS PIZZA EU (RO),Restaurants,Dominos Pizza
PURCHASE BK Park Lake #4321,Restaurants,BK
Cumparare Hotel Marriott Bucuresti Galati #14,Travel,Hotel Marriott Bucuresti
Eventim RO RO,Entertainment,Eventim
PMT reparatii electrocasnice Sibiu #4321,Other,Reparatii electrocasnice
PMT Beans & Dots Promenada 12345,Restaurants,Beans & Dots
Achizitie wendy's Branch 12 12345,Restaurants,Wendy's
Plata POS XTB INVEST ROM #221,Investments,XTB invest
PURCHASE PENNY MARKET Cluj RID:34521,Groceries,Penny Market
Cumparare ITP Service Cluj #001,Transport,ITP Service
POS ADIDAS STORE Baneasa #4321,Other,Adidas store
Achizitie Family Market Center,Groceries,Family Market
Achizitie MOL GROUP Bucuresti 12345,Transport,MOL Group
PURCHASE ETIHAD AIRWAYS AFI Cotroceni RID:34521,Travel,Etihad Airways
Achizitie Factura curent Iasi RO,Utilities,Factura curent
PMT BERSHKA SHOP ROM RO,Other,Bershka shop
PMT LENTILE CONTACT ONLINE Ploiesti AUT:887412,Health,Lentile contact Online
POS TakeAway Branch 12 (RO),Restaurants,TakeAway
Plata POS zen sushi Vitan #4321,Restaurants,Zen Sushi
Cumparare Bursa Bucuresti BVB EU AUT:887412,Investments,Bursa Bucuresti BVB
Cumparare greggs Cotroceni RID:34521,Restaurants,Greggs
VIRAMENT SALARIU SRL Ploiesti,Salary,VIRAMENT SALARIU SRL
Cumparare PATISERIE BOULANGERIE Center #4321,Other,Patiserie Boulangerie
Plata POS Coffee Shop Bohemia Park Lake AUT:887412,Restaurants,Coffee Shop Bohemia
Achizitie P2P payment Ana Galati (RO),Transfer,P2P payment Ana
Achizitie disney plus Mall RID:34521,Subscriptions,Disney Plus
Plata POS Vodafone Cable Floreasca #001,Utilities,Vodafone Cable
PURCHASE Taco Bell Mall Vitan #001,Restaurants,Taco Bell
Achizitie Sanador Diagnostic Center AUT:887412,Health,Sanador Diagnostic
PMT sushi now Mall RO,Restaurants,Sushi Now
Plata cu cardul TAROM Baneasa #221,Travel,TAROM
Achizitie MEGA IMAGE SHOP&GO Sun Plaza RID:34521,Groceries,Mega Image Shop&Go
POS GetYourGuide tur Bucharest 12345,Travel,GetYourGuide tur
PMT POS SALARY EMPLOYER Brasov #4321,Salary,SALARY EMPLOYER
PURCHASE Hardee's Online (RO),Restaurants,Hardee's
Plata POS Farmacia Catena Downtown #14,Health,Farmacia Catena
PURCHASE BILETUL SPORTIV Center RO,Entertainment,Biletul Sportiv
Plata POS headspace EU,Subscriptions,Headspace
PMT POS MERCADONA Pipera 12345,Groceries,Mercadona
Cumparare Achizitie diversa Pipera RO,Other,Achizitie diversa
Plata POS Pensiune Bran Branch 12 AUT:887412,Travel,Pensiune Bran
Plata cu cardul Kaufland Online Center AUT:887412,Groceries,Kaufland Online
Coursera Plus annual EU #4321,Subscriptions,Coursera Plus annual
Achizitie BLUE AIR Cluj RID:34521,Travel,Blue Air
PURCHASE Bonus performanta Q1 Aviatorilor #001,Salary,Bonus performanta Q1
Plata cu cardul Garantie chirie Timisoara #001,Housing,Garantie chirie
PMT BILETUL SPORTIV Drumul Taberei #221,Entertainment,Biletul Sportiv
Plata POS ECO MARKET EU (RO),Groceries,Eco Market
Plata cu cardul BERARIA H ROM RID:34521,Restaurants,Beraria H
Plata cu cardul CURATENIE APARTAMENT Branch 12 RID:34521,Housing,Curatenie apartament
Plata POS Shell Romania Pipera (RO),Transport,Shell Romania
POS Cafenea Aviatorilor Downtown RO,Restaurants,Cafenea Aviatorilor
Plata POS PAYSLIP ACME SRL Vitan #001,Salary,Payslip ACME SRL
POS VIRAMENT BCR CATRE BRD EU #001,Transfer,Virament BCR catre BRD
POS Costa Coffee EU #4321,Restaurants,Costa Coffee
PMT cora Sibiu #4321,Groceries,Cora
Tradeville Romania Mall #221,Investments,Tradeville Romania
POS CEZ Vanzare Aviatorilor RID:34521,Utilities,CEZ Vanzare
PMT POS KRAKEN BUY Mall Vitan (RO),Investments,Kraken buy
Plata POS Florarie Online Sun Plaza RO,Other,Florarie Online
Cumparare BERARIA H Pipera #221,Restaurants,Beraria H
Achizitie Payroll June 2026 Vitan #4321,Salary,Payroll June 2026
Cumparare Cafenea Origo ROM (RO),Restaurants,Cafenea Origo
PMT TAROM BILET ONLINE Branch 12 RID:34521,Travel,TAROM bilet online
POS uber*trip Cotroceni #001,Transport,UBER*TRIP
Cumparare dropbox plus Sun Plaza #14,Subscriptions,Dropbox Plus
POS Tichet feribot Vitan,Travel,Tichet feribot
PURCHASE REVOLUT TOP-UP RO 12345,Transfer,Revolut top-up
PMT POS netflix standard RO #001,Subscriptions,Netflix Standard
PMT POS SUBWAY SANDWICH Brasov RO,Restaurants,SUBWAY SANDWICH
Cumparare Festival Neversea Timisoara AUT:887412,Entertainment,Festival Neversea
carturesti Park Lake,Education,Carturesti
Cumparare Strava Premium RO 12345,Subscriptions,Strava Premium
ELECTRICA FURNIZARE Branch 12 12345,Utilities,Electrica Furnizare
Achizitie etoro buy Timisoara #221,Investments,eToro buy
Adidas store AFI Cotroceni (RO),Other,Adidas store
Cumparare Macromex Constanta #221,Groceries,Macromex
PMT POS BONUS PERFORMANTA Q2 Bucharest,Salary,Bonus performanta Q2
FACTURA INTERNET Timisoara,Utilities,Factura internet
Plata cu cardul libraria diverta Drumul Taberei #221,Education,Libraria Diverta
Cumparare Brutaria Anatolia Ploiesti 12345,Groceries,Brutaria Anatolia
PMT POS Cabinet Cardiologie Constanta 12345,Health,Cabinet Cardiologie
Achizitie ÎNTREȚINERE CASA Park Lake (RO),Housing,Întreținere casa
Achizitie Saxo Bank trade Constanta AUT:887412,Investments,Saxo Bank trade
POS STEAM WALLET Floreasca 12345,Entertainment,Steam Wallet
PMT REVOLUT INVEST EU #14,Investments,Revolut Invest
POS calvin klein store Mall Vitan #001,Other,Calvin Klein store
PMT POS Surfshark VPN Mall Vitan #001,Subscriptions,Surfshark VPN
PMT amazon.com Ploiesti #14,Other,Amazon.com
PMT POS Termoenergetica Sud Promenada #221,Utilities,Termoenergetica Sud
POS transfer card to card Constanta #4321,Transfer,Transfer card to card
PMT CEZ Romania Downtown #221,Utilities,CEZ Romania
PURCHASE VELORENT Downtown,Transport,VeloRent
Plata POS Enel Energie Mall #001,Utilities,Enel Energie
Plata POS Dr. Dent Iasi,Health,Dr. Dent
Plata cu cardul Lufthansa ROM RO,Travel,Lufthansa
Cumparare Yoga clasa Promenada #001,Health,Yoga clasa
PMT Add money Revolut Center AUT:887412,Transfer,Add money Revolut
POS Anthropic API Oradea AUT:887412,Subscriptions,Anthropic API
PURCHASE Aquapark Therme Online #4321,Entertainment,Aquapark Therme
CAZARE CAMIN STUDENTI Pipera,Education,Cazare camin studenti
Cumparare Babbel Learning Center,Education,Babbel Learning
POS Cabinet Familie Dr. Popescu Timisoara RO,Health,Cabinet Familie Dr. Popescu
POS E.ON Energie Romania Brasov #4321,Utilities,E.ON Energie Romania
PMT itp service RO #4321,Transport,ITP Service
Achizitie Foto Studio Premium Store 04 AUT:887412,Other,Foto Studio Premium
PMT PSN STORE Oradea AUT:887412,Entertainment,PSN Store
PURCHASE teatrul bulandra AFI Cotroceni RID:34521,Entertainment,Teatrul Bulandra
Plata POS Salvati Copiii donatie Timisoara (RO),Other,Salvati Copiii donatie
Plata POS Lensa.ro Mall AUT:887412,Health,Lensa.ro
XTB deposit Downtown RID:34521,Investments,XTB deposit
Cumparare Vel Pitar Mall Vitan (RO),Groceries,Vel Pitar
BCR transfer extern Pipera RID:34521,Transfer,BCR transfer extern
PURCHASE Lentile contact Online RO #001,Health,Lentile contact Online
Cumparare omv Brasov RO,Transport,OMV
coffee shop bohemia Bucuresti AUT:887412,Restaurants,Coffee Shop Bohemia
Cumparare INTRETINERE Brasov (RO),Housing,Intretinere
Achizitie TERMOENERGETICA SUD RO AUT:887412,Utilities,Termoenergetica Sud
PMT POS Petrom Statie Store 04 (RO),Transport,Petrom Statie
PMT POS Pluralsight Center AUT:887412,Education,Pluralsight
Cumparare RENT JULY Bucuresti RID:34521,Housing,RENT JULY
PURCHASE Cora Mall RO,Groceries,Cora
PURCHASE OTP BANK SCHIMB Baneasa #4321,Transfer,OTP Bank schimb
Plata cu cardul Spotify Premium Store 04 (RO),Subscriptions,Spotify Premium
POS LC Waikiki Sun Plaza (RO),Other,LC Waikiki
Plata cu cardul STARBUCKS COFFEE Sun Plaza,Restaurants,STARBUCKS COFFEE
Plata cu cardul curs corporate training Vitan,Education,Curs Corporate Training
Plata POS billa Mall (RO),Groceries,Billa
PURCHASE plata contract drepturi autor AFI Cotroceni #4321,Salary,Plata contract drepturi autor
POS BURGERKING Online 12345,Restaurants,BURGERKING
POS Magazin Mixt Constanta #001,Groceries,Magazin Mixt
PURCHASE Libraria Diverta Oradea (RO),Education,Libraria Diverta
Plata cu cardul Întreținere casa Iasi #14,Housing,Întreținere casa
Plata cu cardul Netflix Cluj #001,Subscriptions,Netflix
PURCHASE getyourguide tur Cluj,Travel,GetYourGuide tur
Achizitie Medium membership Bucuresti AUT:887412,Subscriptions,Medium membership
Plata cu cardul Vueling Ploiesti #221,Travel,Vueling
Achizitie eToro deposit Ploiesti 12345,Investments,eToro deposit
Achizitie Lukoil RO AUT:887412,Transport,Lukoil
PMT ENGIE ROMANIA Baneasa RID:34521,Utilities,Engie Romania
Plata cu cardul CHIRIE STUDIO Store 04 #221,Housing,Chirie studio
POS Claude Pro Oradea,Subscriptions,Claude Pro
FIVERR PAYOUT Store 04 #221,Salary,Fiverr payout
PURCHASE Asociatie Proprietari Bloc 12 Bucharest,Housing,Asociatie Proprietari Bloc 12
Cumparare SALVATI COPIII DONATIE Bucuresti,Other,Salvati Copiii donatie
PMT POS Eurowings ROM (RO),Travel,Eurowings
PURCHASE Pluralsight Online RID:34521,Education,Pluralsight
PMT udemy course Mall #221,Education,Udemy Course
PURCHASE Tichete masa Up Constanta AUT:887412,Salary,Tichete masa Up
Pizzeria Bonita Aviatorilor RID:34521,Restaurants,Pizzeria Bonita
Plata POS wizz air Pipera RID:34521,Travel,Wizz Air
POS CINEMA CITY PROMENADA RO #221,Entertainment,Cinema City Promenada
PMT Vel Pitar Constanta RO,Groceries,Vel Pitar
POS Grammarly Premium Cotroceni #001,Subscriptions,Grammarly Premium
Achizitie Headspace Cluj RO,Subscriptions,Headspace
smashburger Cluj #001,Restaurants,Smashburger
stb bucuresti Brasov #001,Transport,STB Bucuresti
Plata cu cardul SOCAR RO AUT:887412,Transport,SOCAR
Plata cu cardul Electrician apartament Mall AUT:887412,Housing,Electrician apartament
Cumparare SALARIU NET MAI Online #001,Salary,Salariu Net Mai
PMT RATB Online AUT:887412,Transport,RATB
Plata cu cardul Pilates studio Cluj (RO),Health,Pilates studio
Plata cu cardul Carrefour Market Mall Vitan #001,Groceries,Carrefour Market
PURCHASE ENEL*FACT Baneasa RID:34521,Utilities,ENEL*FACT
Plata cu cardul HelpNet Vitan #001,Health,HelpNet
PMT POS PENSIUNE SIBIEL Downtown #001,Travel,Pensiune Sibiel
POS Vueling Center 12345,Travel,Vueling
Achizitie BOWLING MEGA MALL Branch 12 #4321,Entertainment,Bowling Mega Mall
Achizitie Airbnb Stay Brasov AUT:887412,Travel,Airbnb Stay
CHICK-FIL-A Galati #221,Restaurants,Chick-fil-A
Achizitie Amazon order Ploiesti #14,Other,Amazon order
Plata cu cardul ÎNTREȚINERE APARTAMENT RO #221,Housing,Întreținere apartament
Plata POS Internet la Domiciliu Sibiu 12345,Utilities,Internet la Domiciliu
POS MEDIC DE FAMILIE Online AUT:887412,Health,Medic de familie
POS rent june Drumul Taberei #221,Housing,RENT JUNE
POS Acuarela Cafe Store 04 #14,Restaurants,Acuarela Cafe
PURCHASE ORIGO COFFEE Cluj #221,Restaurants,Origo Coffee
POS CAMERA DIN FATA Aviatorilor #221,Restaurants,Camera din Fata
PMT figma pro Oradea #14,Subscriptions,Figma Pro
PURCHASE metrorex abonament Sibiu,Transport,Metrorex Abonament
Plata cu cardul AIRBNB Branch 12 #14,Travel,Airbnb
Cumparare Binance deposit Pipera AUT:887412,Investments,Binance deposit
PURCHASE ITP Service Ploiesti 12345,Transport,ITP Service
Plata cu cardul Coursera Specialization Galati #4321,Education,Coursera Specialization
Virament BRD catre BCR Timisoara #001,Transfer,Virament BRD catre BCR
PMT POS edX MicroMasters Store 04 RID:34521,Education,edX MicroMasters
Cumparare RTEC CONSTANTA Iasi RO,Transport,RTEC Constanta
Bolt Bucharest #4321,Transport,Bolt
Achizitie HORNBACH MAGAZIN Mall AUT:887412,Other,Hornbach magazin
PMT JD Sports Downtown #221,Other,JD Sports
teatrul comedie Branch 12 #4321,Entertainment,Teatrul Comedie
Plata POS PAYPAL TRANSFER RO,Transfer,PayPal transfer
Achizitie vietnameza pipera Aviatorilor #221,Restaurants,Vietnameza Pipera
Achizitie Wolt EU 12345,Restaurants,Wolt
PURCHASE mcdonalds Center #4321,Restaurants,McDonalds
Steak House Bucuresti AFI Cotroceni #001,Restaurants,Steak House Bucuresti
Achizitie linea closer to the moon Mall AUT:887412,Restaurants,Linea Closer to the Moon
Microsoft 365 Family EU RID:34521,Subscriptions,Microsoft 365 Family
PMT ENERGIEA BAR Online RO,Restaurants,Energiea Bar
Plata cu cardul Festival Electric Castle Floreasca,Entertainment,Festival Electric Castle
YOUTUBE MUSIC Timisoara RID:34521,Subscriptions,YouTube Music
Plata POS Panera Bread Center RO,Restaurants,Panera Bread
PMT POS migros Bucuresti,Groceries,Migros
PMT POS Brutaria Anatolia Promenada #14,Groceries,Brutaria Anatolia
Achizitie Compensatie sport 7card Bucharest,Salary,Compensatie sport 7card
AWS Free Tier Drumul Taberei #221,Subscriptions,AWS Free Tier
Cumparare WORKSHOP UX Oradea #14,Education,Workshop UX
POS Schimb EUR-RON BCR Online RID:34521,Transfer,Schimb EUR-RON BCR
Achizitie Spitalul Floreasca Drumul Taberei #001,Health,Spitalul Floreasca
Achizitie Compensatie sport 7card Downtown AUT:887412,Salary,Compensatie sport 7card
PMT POS UBER Brasov,Transport,Uber
Plata POS bolt.eu AFI Cotroceni (RO),Transport,Bolt.eu
Achizitie Carrefour Drumul Taberei RID:34521,Groceries,Carrefour
POS Airbnb Cotroceni,Travel,Airbnb
Plata POS ONLYFANS SUBSCRIPTION Galati 12345,Subscriptions,OnlyFans subscription
Cumparare Coffee Project AFI Cotroceni #14,Restaurants,Coffee Project
PMT POS avis rent Brasov 12345,Travel,Avis Rent
PMT SALARIU ORE SUPLIMENTARE Downtown #4321,Salary,Salariu ore suplimentare
PURCHASE Donatie ONG Branch 12 RID:34521,Other,Donatie ONG
PURCHASE opensea purchase nft EU,Investments,OpenSea purchase NFT
Plata cu cardul Pizza Hut Brasov (RO),Restaurants,Pizza Hut
Revolut stocks Branch 12 #221,Investments,Revolut stocks
Plata POS ADOBE PHOTOSHOP Baneasa 12345,Subscriptions,Adobe Photoshop
Achizitie Salariu Net Iunie Sibiu #001,Salary,Salariu Net Iunie
Achizitie IKEA BUCURESTI Vitan RID:34521,Other,IKEA Bucuresti
POS wolt scooter Baneasa 12345,Transport,Wolt Scooter
PMT Autostrada A2 Bucuresti (RO),Transport,Autostrada A2
Plata cu cardul PETROM Online #221,Transport,Petrom
PURCHASE carrefour express ROM #14,Groceries,Carrefour Express
Lime Scooter Bucharest #4321,Transport,Lime Scooter
Achizitie Sushi Now Oradea #221,Restaurants,Sushi Now
PMT POS trading 212 invest Sun Plaza 12345,Investments,Trading 212 Invest
PMT POS Agoda Bucuresti,Travel,Agoda
Plata cu cardul La Placinte RO,Restaurants,La Placinte
POS REVOLUT INVEST Store 04 RO,Investments,Revolut Invest
Plata POS CABINET ORTOPEDIE Downtown #221,Health,Cabinet Ortopedie
POS headspace Baneasa AUT:887412,Subscriptions,Headspace
Coinbase deposit RO AUT:887412,Investments,Coinbase deposit
PMT VIRAMENT SALARIU SRL Baneasa RID:34521,Salary,VIRAMENT SALARIU SRL
PMT 1PASSWORD FAMILY Branch 12 (RO),Subscriptions,1Password Family
POS hotel athenee palace AFI Cotroceni (RO),Travel,Hotel Athenee Palace
PMT POS APPLE MUSIC Drumul Taberei RID:34521,Subscriptions,Apple Music
Plata cu cardul tarom flight Galati,Transport,Tarom flight
PMT Spar RO #221,Groceries,Spar
Achizitie BURGERKING Iasi AUT:887412,Restaurants,BURGERKING
Plata POS PENSIUNE SINAIA Bucuresti #4321,Travel,Pensiune Sinaia
Reteaua Regina Maria Mall Vitan RID:34521,Health,Reteaua Regina Maria
frontendmasters RO #221,Education,FrontendMasters
Plata cu cardul ADD MONEY REVOLUT Aviatorilor 12345,Transfer,Add money Revolut
Plata POS MEDICOVER RO #14,Health,Medicover
emirates Iasi 12345,Travel,Emirates
Cumparare Coinbase deposit Drumul Taberei (RO),Investments,Coinbase deposit
Plata POS Hostel Friends Park Lake #4321,Travel,Hostel Friends
PMT POS SALARIU NET MAI Drumul Taberei 12345,Salary,Salariu Net Mai
Achizitie Concert Sala Polivalenta Downtown,Entertainment,Concert Sala Polivalenta
Plata cu cardul HIPMENU Pipera #001,Restaurants,Hipmenu
Plata cu cardul zara online Floreasca,Other,Zara online
Pensiune Sibiel Mall 12345,Travel,Pensiune Sibiel
POS PANERA BREAD AFI Cotroceni #4321,Restaurants,Panera Bread
PURCHASE m60 coffee Bucuresti,Restaurants,M60 Coffee
PURCHASE Cazare camin studenti EU RO,Education,Cazare camin studenti
Plata POS Lufthansa Group Pipera,Travel,Lufthansa Group
babbel subscription Bucharest,Subscriptions,Babbel subscription
PMT POS Croitorie Express Mall RO,Other,Croitorie Express
PURCHASE popeyes louisiana kitchen Store 04 #14,Restaurants,Popeyes Louisiana Kitchen
bistro french Brasov 12345,Restaurants,Bistro French
Cumparare AWS billing Floreasca #14,Subscriptions,AWS billing
POS vila predeal Bucuresti RO,Travel,Vila Predeal
LEM'S MOBILIER Sibiu 12345,Other,Lem's mobilier
Plata POS CADOU ONLINE Sun Plaza RO,Other,Cadou online
PMT STARBUCKS COFFEE Mall (RO),Restaurants,STARBUCKS COFFEE
PMT POS hanu lui manuc Mall Vitan (RO),Restaurants,Hanu lui Manuc
PMT POS khan academy Constanta RO,Education,Khan Academy
Plata cu cardul Incasare de la Ion Center,Transfer,Incasare de la Ion
PMT POS Pensiune Bran Baneasa #001,Travel,Pensiune Bran
PMT PILATES STUDIO Bucharest #001,Health,Pilates studio
Achizitie STB BUCURESTI Vitan RID:34521,Transport,STB Bucuresti
Plata cu cardul curtea veche bistro Center,Restaurants,Curtea Veche Bistro
PMT POS etf vuaa Constanta RO,Investments,ETF VUAA
Plata cu cardul RTEC CONSTANTA Sun Plaza #14,Transport,RTEC Constanta
Plata POS UPC Romania Aviatorilor RO,Utilities,UPC Romania
POS DigitalOcean Droplet Center 12345,Subscriptions,DigitalOcean Droplet
SALARY EMPLOYER ROM,Salary,SALARY EMPLOYER
Plata POS icloud storage 200gb Vitan RO,Subscriptions,iCloud Storage 200GB
PMT HOTEL CARO ROM RID:34521,Travel,Hotel Caro
PMT jysk mobilier Branch 12 (RO),Other,JYSK mobilier
POS Bio Romania Cluj RO,Groceries,Bio Romania
PMT POS EQUITY BUY NVDA Baneasa,Investments,Equity buy NVDA
Plata cu cardul CFR BILET ONLINE Bucharest #001,Transport,CFR Bilet Online
ASE TAXA MASTER Cotroceni RID:34521,Education,ASE Taxa Master
Cumparare SOCAR Pipera #4321,Transport,SOCAR
Achizitie VATRA RESTAURANT Vitan,Restaurants,Vatra Restaurant
Achizitie Steak House Bucuresti Sibiu #001,Restaurants,Steak House Bucuresti
PURCHASE Schimb EUR-RON BCR Baneasa AUT:887412,Transfer,Schimb EUR-RON BCR
Plata cu cardul Service Laptop Iasi RO,Other,Service Laptop
PMT POS TFL OYSTER Center #4321,Transport,TfL Oyster
PMT POS Wok to Walk Store 04 #221,Restaurants,Wok to Walk
Plata cu cardul Altex.ro Branch 12 #4321,Other,Altex.ro
POS Dunkin Donuts Galati #221,Restaurants,Dunkin Donuts
Plata cu cardul Lem's mobilier Aviatorilor AUT:887412,Other,Lem's mobilier
Cumparare Uniswap swap Bucharest #4321,Investments,Uniswap swap
Achizitie Dominos Pizza Sibiu RO,Restaurants,Dominos Pizza
Plata cu cardul brd transfer extern Baneasa,Transfer,BRD transfer extern
Plata cu cardul Emirates Vitan #4321,Travel,Emirates
PMT POS EON.RO FACTURA Oradea (RO),Utilities,EON.RO factura
PURCHASE PATREON MEMBERSHIP Ploiesti #221,Subscriptions,Patreon membership
Plata POS Payroll April 2026 ROM #4321,Salary,Payroll April 2026
Cumparare STB Bucuresti Oradea AUT:887412,Transport,STB Bucuresti
PURCHASE ELECTRICA FURNIZARE Baneasa (RO),Utilities,Electrica Furnizare
Plata POS INTERNET LA DOMICILIU Mall Vitan 12345,Utilities,Internet la Domiciliu
PURCHASE DigitalOcean Droplet Floreasca (RO),Subscriptions,DigitalOcean Droplet
POS CONCERT MIHAI MARGINEANU Center 12345,Entertainment,Concert Mihai Margineanu
Plata cu cardul UNISWAP SWAP Galati #221,Investments,Uniswap swap
POS Citire contor Galati,Utilities,Citire contor
PMT POS BT Capital Invest Ploiesti RID:34521,Investments,BT Capital Invest
PMT POS Parcare Piata Victoriei AFI Cotroceni RID:34521,Transport,Parcare Piata Victoriei
POS Coinbase deposit Bucharest,Investments,Coinbase deposit
POS ENEL*FACT Sibiu 12345,Utilities,ENEL*FACT
Plata POS Asociatie locatari sect 1 Mall Vitan RID:34521,Housing,Asociatie locatari sect 1
PMT Argint investitie Galati #14,Investments,Argint investitie
Tichet feribot Downtown #001,Travel,Tichet feribot
etoro deposit Store 04 RID:34521,Investments,eToro deposit
Achizitie Rompetrol Statie Center (RO),Transport,Rompetrol Statie
Achizitie PHARMACY ROK Mall Vitan #4321,Health,Pharmacy ROK
PMT POS COINBASE DEPOSIT Iasi #001,Investments,Coinbase deposit
bonus performanta q1 RO 12345,Salary,Bonus performanta Q1
Plata cu cardul Property Manager fees Galati #001,Housing,Property Manager fees
Plata cu cardul MINI MARKET PIPERA Center #001,Groceries,Mini Market Pipera
POS Achizitie diversa Online RID:34521,Other,Achizitie diversa
Plata POS OLX Imobiliare EU,Housing,OLX Imobiliare
PURCHASE TARGUL DE LEGUME Pipera,Groceries,Targul de Legume
PMT MEDICOVER Constanta #4321,Health,Medicover
PURCHASE Saxo Bank deposit ROM (RO),Investments,Saxo Bank deposit
POS FRESHMARKET Timisoara RO,Groceries,FreshMarket
Cumparare Surfshark VPN Park Lake RO,Subscriptions,Surfshark VPN
BOOTCAMP DATA SCIENCE Center #14,Education,Bootcamp Data Science
Achizitie tucanocoffee Bucharest RO,Restaurants,TucanoCoffee
Achizitie Casa Inteligenta administrare Center RID:34521,Housing,Casa Inteligenta administrare
Cumparare STB BUCURESTI Online #14,Transport,STB Bucuresti
PURCHASE FREENOW Iasi,Transport,FreeNow
Cumparare apple music Timisoara #001,Subscriptions,Apple Music
POS Aldi Center RO,Groceries,Aldi
PMT Burger Van Aviatorilor #4321,Restaurants,Burger Van
lifeclub sala Constanta #14,Health,Lifeclub Sala
PMT POS Google Storage Baneasa #221,Subscriptions,Google Storage
PURCHASE Schimb valutar BCR Floreasca #221,Transfer,Schimb valutar BCR
PMT Chipotle Mexican Grill Store 04,Restaurants,Chipotle Mexican Grill
PMT POS Rosetta Stone RO #001,Education,Rosetta Stone
PMT POS P2P crypto exchange Constanta,Investments,P2P crypto exchange
Plata cu cardul Bere si grill Iasi RO,Restaurants,Bere si grill
Plata POS WOLT ROM,Restaurants,Wolt
VIRAMENT BCR CATRE BRD Sun Plaza #14,Transfer,Virament BCR catre BRD
Cumparare CLOUDFLARE PRO Ploiesti #001,Subscriptions,Cloudflare Pro
POS FESTIVAL NEVERSEA Brasov (RO),Entertainment,Festival Neversea
Plata POS engie fact Brasov RO,Utilities,ENGIE FACT
PURCHASE Mega Bio Baneasa #4321,Groceries,Mega Bio
PMT MEGA BIO Sibiu 12345,Groceries,Mega Bio
Plata cu cardul Bursa de studii Cluj #001,Education,Bursa de studii
PMT STB BUCURESTI Cluj RID:34521,Transport,STB Bucuresti
Plata POS mini market pipera Cotroceni RO,Groceries,Mini Market Pipera
Achizitie KARAOKE SING CITY Online (RO),Entertainment,Karaoke Sing City
PURCHASE Cosmetic & Food Shop Brasov #14,Groceries,Cosmetic & Food Shop
PMT POS coop Vitan #4321,Groceries,Coop
Plata POS mol group Mall RO,Transport,MOL Group
Cumparare TAZZ Mall AUT:887412,Restaurants,Tazz
POS PUMA STORE Iasi #001,Other,Puma store
PMT MARIONNAUD Drumul Taberei #001,Other,Marionnaud
PMT Netlify Pro Mall Vitan #001,Subscriptions,Netlify Pro
PMT POS loft cafe Galati (RO),Restaurants,Loft Cafe
ENTERPRISE CAR RENTAL Online #001,Travel,Enterprise Car Rental
Plata POS HBO Max RO Drumul Taberei RID:34521,Subscriptions,HBO Max RO
Plata POS bere si grill Store 04 RID:34521,Restaurants,Bere si grill
POS ryanair Drumul Taberei,Travel,Ryanair
Plata cu cardul CEC BANK TRANSFER Sibiu AUT:887412,Transfer,CEC Bank transfer
SUSHI NOW Oradea #14,Restaurants,Sushi Now
POS medlife constanta Brasov,Health,MedLife Constanta
PURCHASE medium membership Timisoara (RO),Subscriptions,Medium membership
Plata cu cardul Carte tehnica online Park Lake 12345,Education,Carte tehnica online
PMT POS pret a manger Online,Restaurants,Pret a Manger
Autostrada A2 Downtown RID:34521,Transport,Autostrada A2
Achizitie piata matache Iasi (RO),Groceries,Piata Matache
GitHub Copilot Bucharest (RO),Subscriptions,GitHub Copilot
PURCHASE hanu lui manuc Ploiesti #221,Restaurants,Hanu lui Manuc
Plata cu cardul Fiverr payout Mall #221,Salary,Fiverr payout
PMT VILA CARPATI Floreasca (RO),Travel,Vila Carpati
TOP-UP REVOLUT Floreasca #221,Transfer,Top-up Revolut
Cumparare El Torito Mexican Ploiesti RID:34521,Restaurants,El Torito Mexican
Plata cu cardul universitatea bucuresti Constanta RID:34521,Education,Universitatea Bucuresti
Plata cu cardul BOWLING COSMOS Store 04 RID:34521,Entertainment,Bowling Cosmos
PURCHASE INTERSPORT Oradea #14,Other,Intersport
PURCHASE Steam Store Bucuresti #001,Entertainment,Steam Store
PMT sushi master Center #001,Restaurants,Sushi Master
Plata cu cardul Pubul Trafic Brasov (RO),Restaurants,Pubul Trafic
Achizitie CORA Online 12345,Groceries,Cora
Cumparare TAROM FLIGHT Aviatorilor RID:34521,Transport,Tarom flight
PURCHASE CAUCIUCURI PREMIUM Cluj RID:34521,Transport,Cauciucuri Premium
Achizitie SALARY TRANSFER Sun Plaza (RO),Salary,SALARY TRANSFER
POS STB Abonament Online RO RID:34521,Transport,STB Abonament Online
PMT McDonald's EU #14,Restaurants,McDonald's
LUKOIL Brasov #001,Transport,Lukoil
PMT Rosetta Stone Iasi #14,Education,Rosetta Stone
Achizitie Steam Baneasa RID:34521,Entertainment,Steam
PMT POS socar Drumul Taberei #14,Transport,SOCAR
Cumparare ETF EUNL Constanta #14,Investments,ETF EUNL
Plata POS rebu bucuresti Online RO,Utilities,REBU Bucuresti
PURCHASE Asigurare calatorie Allianz Mall,Travel,Asigurare calatorie Allianz
Achizitie INSTALATOR URGENTA Mall Vitan #4321,Housing,Instalator urgenta
Cumparare HOTEL INTERCONTINENTAL Aviatorilor RID:34521,Travel,Hotel Intercontinental
Carrefour City Downtown RID:34521,Groceries,Carrefour City
Plata cu cardul storia.ro listare Promenada RO,Housing,Storia.ro listare
PMT POS carte tehnica online Online #4321,Education,Carte tehnica online
Achizitie VIETNAMEZA PIPERA Baneasa,Restaurants,Vietnameza Pipera
POS FESTIVAL AWAKE Mall AUT:887412,Entertainment,Festival Awake
POS TOUR GHIDAT ROMA Park Lake RO,Travel,Tour ghidat Roma
GOG.com Bucuresti AUT:887412,Entertainment,GOG.com
Cumparare Digi Romania Cotroceni RO,Utilities,Digi Romania
PMT Chirie luna mai ROM (RO),Housing,Chirie luna mai
PURCHASE AWS FREE TIER Pipera AUT:887412,Subscriptions,AWS Free Tier
Plata POS Transfer ING to Revolut ROM #221,Transfer,Transfer ING to Revolut
tarom bilet online Baneasa #4321,Travel,TAROM bilet online
POS Greggs Mall #001,Restaurants,Greggs
SALARY TRANSFER Pipera RO,Salary,SALARY TRANSFER
Cumparare FESTIVAL UNTOLD Ploiesti #14,Entertainment,Festival Untold
PMT POS Airbnb Stay Mall Vitan RO,Travel,Airbnb Stay
Cumparare MORTGAGE PAYMENT Online #4321,Housing,Mortgage payment
PMT POS ITP Service Downtown AUT:887412,Transport,ITP Service
Cumparare TAROM Center 12345,Travel,TAROM
POS Bringo Promenada #14,Restaurants,Bringo
Achizitie Salubrizare Bucuresti EU,Utilities,Salubrizare Bucuresti
PMT Kayak Bucuresti #001,Travel,Kayak
PMT AeroFlot Park Lake RID:34521,Travel,AeroFlot
PMT Policlinica Titu Maiorescu Cotroceni RID:34521,Health,Policlinica Titu Maiorescu
vodafone romania Online #4321,Utilities,Vodafone Romania
Plata POS karaoke sing city Store 04 #221,Entertainment,Karaoke Sing City
PMT patiseria simigerie Bucharest,Groceries,Patiseria Simigerie
PMT POS AeroItalia Iasi,Travel,AeroItalia
PMT POS 1PASSWORD Mall Vitan RID:34521,Subscriptions,1Password
Plata cu cardul KARAOKE BAR AVANT Bucharest #221,Entertainment,Karaoke Bar Avant
PMT petrom statie Bucuresti RO,Transport,Petrom Statie
PURCHASE Orange Fix Bucuresti #001,Utilities,Orange Fix
Plata cu cardul UPC Romania Pipera #001,Utilities,UPC Romania
PURCHASE COURSERA SPECIALIZATION Floreasca 12345,Education,Coursera Specialization
Achizitie ALBINUTA MAGAZIN Downtown AUT:887412,Groceries,Albinuta Magazin
SHAKE SHACK Downtown 12345,Restaurants,Shake Shack
Plata cu cardul festival electric castle Sibiu #14,Entertainment,Festival Electric Castle
PURCHASE Trading212 deposit Vitan #001,Investments,Trading212 deposit
PURCHASE Asociatie Proprietari Bloc 5 Constanta #4321,Housing,Asociatie Proprietari Bloc 5
PURCHASE alimentaraxpress RO #221,Groceries,AlimentaraXpress
PMT POS Top-up Revolut Branch 12,Transfer,Top-up Revolut
Plata cu cardul COURSERA PLUS ANNUAL Downtown RO,Subscriptions,Coursera Plus annual
Cumparare LinkedIn Learning ROM #14,Education,LinkedIn Learning
PMT Lufthansa Group Sibiu (RO),Travel,Lufthansa Group
PMT HIDROELECTRICA Bucharest #14,Utilities,Hidroelectrica
PMT POS DUNKIN DONUTS Aviatorilor 12345,Restaurants,Dunkin Donuts
Plata cu cardul Bolt.eu Cluj,Transport,Bolt.eu
Cumparare LUFTHANSA Center (RO),Travel,Lufthansa
PURCHASE STB Sibiu RO,Transport,STB
PMT LEROY MERLIN Park Lake #4321,Other,Leroy Merlin
PMT POS SEPHORA Branch 12 #221,Other,Sephora
Plata cu cardul ASIGURARE CALATORIE ALLIANZ Mall #14,Travel,Asigurare calatorie Allianz
Plata cu cardul otp virament Baneasa #221,Transfer,OTP virament
PURCHASE ANNABELLA EU #4321,Groceries,Annabella
Cumparare MoneyGram receive Branch 12 #14,Transfer,MoneyGram receive
PMT POS BikeRO Floreasca #001,Transport,BikeRO
Plata cu cardul BRD transfer extern Pipera AUT:887412,Transfer,BRD transfer extern
Achizitie Cabinet Familie Dr. Popescu Brasov #14,Health,Cabinet Familie Dr. Popescu
POS Colegiul National Lazar RO RO,Education,Colegiul National Lazar
PMT DeepL Pro Constanta #001,Subscriptions,DeepL Pro
PURCHASE Gaze Naturale Romania Online 12345,Utilities,Gaze Naturale Romania
POS concert mihai margineanu Galati #4321,Entertainment,Concert Mihai Margineanu
Achizitie YOUTUBE PREMIUM Oradea #001,Subscriptions,YouTube Premium
POS BONUS PERFORMANTA Q1 Aviatorilor #221,Salary,Bonus performanta Q1
PMT plata freelance proiect Brasov 12345,Salary,Plata freelance proiect
PMT XBOX LIVE Center #4321,Entertainment,Xbox Live
PURCHASE ExpressVPN RO #14,Subscriptions,ExpressVPN
Cumparare Emag.ro EU (RO),Other,Emag.ro
PMT HEADSPACE Constanta RO,Subscriptions,Headspace
PMT POS Marketul de Cartier Downtown #14,Groceries,Marketul de Cartier
Achizitie LA PLACINTE Drumul Taberei #001,Restaurants,La Placinte
Plata cu cardul Pensiune Bran Baneasa #001,Travel,Pensiune Bran
POS WizzAir Bilet Baneasa #001,Travel,WizzAir Bilet
PMT DM Drogerie Markt Baneasa AUT:887412,Groceries,DM Drogerie Markt
Achizitie Binance Spot Mall Vitan RID:34521,Investments,Binance Spot
Cumparare PET SHOP ANIMAX Online (RO),Other,Pet Shop Animax
Achizitie Payroll May 2026 Branch 12 #4321,Salary,Payroll May 2026
TRADING 212 DEPOSIT Ploiesti #221,Investments,Trading 212 deposit
PMT Parcare Piata Victoriei Mall #001,Transport,Parcare Piata Victoriei
PMT POS AlimentaraXpress Store 04 #4321,Groceries,AlimentaraXpress
PMT Claude Pro Galati #221,Subscriptions,Claude Pro
Hotels.com ROM 12345,Travel,Hotels.com
IABILET Constanta AUT:887412,Entertainment,iaBilet
PURCHASE Douglas magazin Ploiesti (RO),Other,Douglas magazin
POS Bolt.eu Park Lake RID:34521,Transport,Bolt.eu
PMT VACCINARE CENTRUL MEDICAL Online RID:34521,Health,Vaccinare Centrul Medical
PMT petexpert Online #001,Other,Petexpert
PMT EasyJet Aviatorilor #221,Travel,EasyJet
Cumparare VIVRE.RO Promenada 12345,Other,Vivre.ro
Cabinet Cardiologie Branch 12 RID:34521,Health,Cabinet Cardiologie
PMT Geam Auto Service Online #4321,Other,Geam Auto Service
Cumparare Amazon order Brasov,Other,Amazon order
PMT ExpressVPN Cluj RO,Subscriptions,ExpressVPN
Plata POS tichete masa sodexo Center 12345,Salary,Tichete masa Sodexo
Achizitie TAXI CRIS Aviatorilor #001,Transport,Taxi Cris
Achizitie DISNEY+ Cluj RID:34521,Subscriptions,Disney+
PURCHASE virament salariu net ROM #4321,Salary,VIRAMENT SALARIU NET
POS CFR BILET ONLINE Mall AUT:887412,Transport,CFR Bilet Online
Plata cu cardul FACTURA CURENT Center #221,Utilities,Factura curent
bonus performanta q1 Park Lake RID:34521,Salary,Bonus performanta Q1
POS LIDL Pipera (RO),Groceries,Lidl
PMT COLEGIUL MIHAI VITEAZUL Mall #001,Education,Colegiul Mihai Viteazul
Plata cu cardul Raja Constanta Branch 12 (RO),Utilities,Raja Constanta
PMT POS ENTERPRISE CAR RENTAL Constanta (RO),Travel,Enterprise Car Rental
Plata cu cardul EQUITY BUY MSFT Oradea (RO),Investments,Equity buy MSFT
PMT FASHION DAYS Baneasa RO,Other,Fashion Days
Achizitie UPC Romania Baneasa,Utilities,UPC Romania
PMT Dr Dentist Bucharest #001,Health,Dr Dentist
PMT POS Profi City RO #14,Groceries,Profi City
Plata cu cardul CARTURESTI ONLINE Sun Plaza RO,Education,Carturesti Online
PMT tfl oyster Park Lake #221,Transport,TfL Oyster
PMT POS vulcanizare auto Aviatorilor (RO),Transport,Vulcanizare Auto
POS Uber Eats Sun Plaza #4321,Restaurants,Uber Eats
PMT APA REGNAULT Constanta (RO),Utilities,Apa Regnault
Plata cu cardul Pharmacy ROK Iasi RO,Health,Pharmacy ROK
Achizitie TICHET CULTURAL EDENRED Sibiu,Other,Tichet cultural Edenred
PURCHASE Pizzeria Presto Timisoara #001,Restaurants,Pizzeria Presto
POS GOOGLE ONE Drumul Taberei RID:34521,Subscriptions,Google One
PMT POS Card cadou eMAG AFI Cotroceni 12345,Other,Card cadou eMAG
PMT POS MIGROS Galati (RO),Groceries,Migros
PMT POS Curatatorie 5aSec Online #221,Other,Curatatorie 5aSec
PURCHASE FreshMarket Mall #221,Groceries,FreshMarket
Achizitie pet shop animalier RO #001,Other,Pet Shop Animalier
Plata cu cardul BONUS ANUAL Promenada #14,Salary,Bonus anual
PMT POS PIZZERIA BONITA Downtown 12345,Restaurants,Pizzeria Bonita
Plata cu cardul MENTENANTA LIFT RO #14,Housing,Mentenanta lift
PURCHASE Asociatie Proprietari Bloc 5 Cluj RID:34521,Housing,Asociatie Proprietari Bloc 5
Plata cu cardul Cel.ro AFI Cotroceni RO,Other,Cel.ro
POS scoala generala 4 Vitan RID:34521,Education,Scoala Generala 4
5TOGO ROM RID:34521,Restaurants,5toGo
POS fashion days Cluj #4321,Other,Fashion Days
PURCHASE Deposit rent Brasov #001,Housing,Deposit rent
PMT FASHION DAYS Branch 12 #001,Other,Fashion Days
TAROM bilet online Cotroceni RID:34521,Travel,TAROM bilet online
Cumparare youtube tv Aviatorilor 12345,Subscriptions,YouTube TV
HOTELS.COM Pipera,Travel,Hotels.com
Plata POS DataCamp Branch 12 #4321,Education,DataCamp
Cumparare Booking RO Promenada RO,Travel,Booking RO
PMT POS Fashion Days AFI Cotroceni #221,Other,Fashion Days
POS Carrefour Market Sun Plaza (RO),Groceries,Carrefour Market
Achizitie taxi pelicanul Drumul Taberei #14,Transport,Taxi Pelicanul
PMT bilete fotbal steaua Online 12345,Entertainment,Bilete fotbal Steaua
Plata cu cardul mcdonalds Baneasa #4321,Restaurants,McDonalds
PMT POS Tichete vacanta Downtown RO,Salary,Tichete vacanta
PMT Sixt Rent a Car Store 04 #221,Travel,Sixt Rent a Car
PMT Pret a Manger RO #001,Restaurants,Pret a Manger
POS PENNY Bucuresti RO,Groceries,Penny
Achizitie GOOGLE ONE Store 04,Subscriptions,Google One
POS COOP Ploiesti RO,Groceries,Coop
Cumparare ESCAPE ROOM LOGICA Drumul Taberei,Entertainment,Escape Room Logica
STB Bucharest,Transport,STB
Plata cu cardul rcs-rds Promenada #001,Utilities,RCS-RDS
PURCHASE Plata diversa Aviatorilor #4321,Other,Plata diversa
PURCHASE Mortgage payment Mall Vitan RO,Housing,Mortgage payment
Cumparare Xbox Live Bucuresti (RO),Entertainment,Xbox Live
Pharmacy 24/7 RO #4321,Health,Pharmacy 24/7
Cumparare Reparatii electrocasnice EU #221,Other,Reparatii electrocasnice
Cumparare BCR transfer extern Brasov #4321,Transfer,BCR transfer extern
Plata cu cardul IABILET CONCERT Branch 12 AUT:887412,Entertainment,iaBilet concert
PMT magazinul de cartier Vitan #4321,Groceries,Magazinul de Cartier
Cumparare FreshMarket Timisoara #001,Groceries,FreshMarket
PMT Engie Romania Oradea 12345,Utilities,Engie Romania
PURCHASE Cabinet Ortopedie Pipera (RO),Health,Cabinet Ortopedie
PURCHASE achizitie diversa Ploiesti 12345,Other,Achizitie diversa
HOSTELWORLD Store 04 (RO),Travel,Hostelworld
Cumparare magazin mixt ROM #4321,Groceries,Magazin Mixt
POS Cofetaria Boema Branch 12,Other,Cofetaria Boema
Plata cu cardul Anthropic API Downtown RO,Subscriptions,Anthropic API
PMT Optimall optica Store 04 #14,Health,Optimall optica
Achizitie Codecademy Vitan RID:34521,Education,Codecademy
Cumparare EDO SUSHI Downtown 12345,Restaurants,Edo Sushi
PMT AEROFLOT Sun Plaza,Travel,AeroFlot
Plata POS Fiverr payout Branch 12 #221,Salary,Fiverr payout
Plata POS KLM Cluj AUT:887412,Travel,KLM
Hardee's Ploiesti,Restaurants,Hardee's
Cumparare HIDROELECTRICA VANZARE Bucharest RO,Utilities,Hidroelectrica vanzare
PURCHASE cazare camin studenti Online #221,Education,Cazare camin studenti
PMT POS House Oradea RO,Other,House
Plata POS glovo Drumul Taberei #14,Restaurants,Glovo
PURCHASE PIATA AMZEI Cluj RO,Groceries,Piata Amzei
PMT POS RCS RDS Downtown #4321,Utilities,RCS RDS
PURCHASE TV Cablu Romtelecom Downtown (RO),Utilities,TV Cablu Romtelecom
Cumparare Sanador Diagnostic Sun Plaza 12345,Health,Sanador Diagnostic
Plata POS terasa vara herastrau Cluj #4321,Restaurants,Terasa Vara Herastrau
PURCHASE Piata Matache Constanta #001,Groceries,Piata Matache
PURCHASE DIRECT DEPOSIT ACME ROM (RO),Salary,Direct Deposit ACME
Parcare Aeroport Otopeni AFI Cotroceni #4321,Transport,Parcare Aeroport Otopeni
PMT POS ZEN SUSHI AFI Cotroceni #001,Restaurants,Zen Sushi
Plata cu cardul RCS-RDS Branch 12 (RO),Utilities,RCS-RDS
Plata cu cardul EDITURA POLIROM CARTE Aviatorilor #14,Education,Editura Polirom carte
Achizitie COOP Brasov,Groceries,Coop
Cumparare Salariu ACME SRL Sun Plaza #4321,Salary,Salariu ACME SRL
Plata cu cardul Nike store Downtown (RO),Other,Nike store
Cumparare Hostelworld Cotroceni RID:34521,Travel,Hostelworld
PURCHASE termoficare cet ROM RID:34521,Utilities,Termoficare CET
POS Service Auto Andrei Branch 12,Transport,Service Auto Andrei
Plata cu cardul MEDLIFE CONSTANTA Vitan #221,Health,MedLife Constanta
POS Întreținere apartament Cluj #001,Housing,Întreținere apartament
PURCHASE Aldi Vitan #221,Groceries,Aldi
SUSHI MASTER AFI Cotroceni #001,Restaurants,Sushi Master
Achizitie Bijuterii B&D Downtown #001,Other,Bijuterii B&D
PMT Agoda Vitan RO,Travel,Agoda
Plata POS WAGE TRANSFER RO 12345,Salary,Wage Transfer
Cumparare CABINET FAMILIE DR. POPESCU Floreasca (RO),Health,Cabinet Familie Dr. Popescu
PMT POS AUTOSTRADA A2 Aviatorilor RID:34521,Transport,Autostrada A2
PMT POS bonus performanta q2 Downtown #4321,Salary,Bonus performanta Q2
PURCHASE Camera din Fata Oradea #001,Restaurants,Camera din Fata
Cumparare ANSWEAR.RO Bucuresti 12345,Other,Answear.ro
BOOKING.COM HOTEL Brasov #001,Travel,Booking.com Hotel
Plata cu cardul virament salariu net Bucharest #14,Salary,VIRAMENT SALARIU NET
Epic Games Store Cotroceni,Entertainment,Epic Games Store
Achizitie MASTERCLASS ANNUAL Branch 12 RID:34521,Subscriptions,MasterClass annual
PMT lukoil Pipera #001,Transport,Lukoil
Plata POS asociatie locatari Store 04 #001,Housing,Asociatie locatari
POS SERVICE LAPTOP EU #14,Other,Service Laptop
POS Subway Ploiesti #14,Restaurants,Subway
Cumparare ALIMENTARAXPRESS Park Lake #14,Groceries,AlimentaraXpress
PURCHASE Vaccinare Centrul Medical Sun Plaza #001,Health,Vaccinare Centrul Medical
POS Salariu Net Aprilie Center #221,Salary,Salariu Net Aprilie
PURCHASE ProtonVPN Downtown #14,Subscriptions,ProtonVPN
PURCHASE Lidl Mall Vitan #14,Groceries,Lidl
POS Babbel Learning Vitan #001,Education,Babbel Learning
Plata cu cardul Asociatie Proprietari Bloc 12 Bucharest #4321,Housing,Asociatie Proprietari Bloc 12
Plata cu cardul Decathlon Ploiesti RO,Other,Decathlon
Plata POS top-up revolut Iasi RID:34521,Transfer,Top-up Revolut
Plata POS brd transfer extern Bucuresti #14,Transfer,BRD transfer extern
Pull&Bear EU RO,Other,Pull&Bear
Plata cu cardul eurowings ROM #4321,Travel,Eurowings
PMT lentile contact online Online #4321,Health,Lentile contact Online
Chef Burger Galati RO,Restaurants,Chef Burger
BONUS ANUAL Drumul Taberei 12345,Salary,Bonus anual
PMT Hotel Crowne Plaza RO #14,Travel,Hotel Crowne Plaza
vila carpati Drumul Taberei (RO),Travel,Vila Carpati
POS eToro deposit ROM #001,Investments,eToro deposit
Plata cu cardul BILET FILARMONICA Park Lake #14,Entertainment,Bilet Filarmonica
Cumparare bt transfer Timisoara,Transfer,BT transfer
Cumparare virament bcr catre brd Brasov AUT:887412,Transfer,Virament BCR catre BRD
Achizitie Taco Bell Store 04 AUT:887412,Restaurants,Taco Bell
PMT POS BRILLIANT.ORG Center (RO),Education,Brilliant.org
POS mango shop EU (RO),Other,Mango shop
Uniqlo Branch 12 AUT:887412,Other,Uniqlo
PMT POS WORKSHOP UX Bucuresti #4321,Education,Workshop UX
POS Burgerista Oradea #4321,Restaurants,Burgerista
PMT POS ASOCIATIE PROPRIETARI BLOC 12 Bucuresti,Housing,Asociatie Proprietari Bloc 12
Achizitie Equity buy MSFT Timisoara 12345,Investments,Equity buy MSFT
Plata POS ASE Taxa Master Cotroceni AUT:887412,Education,ASE Taxa Master
Plata POS PLURALSIGHT SKILLS Store 04 #4321,Education,Pluralsight Skills
bursa de studii Mall Vitan RO,Education,Bursa de studii
Plata POS LA BRUTARIA Online #4321,Restaurants,La Brutaria
Costa Coffee Online RID:34521,Restaurants,Costa Coffee
Achizitie Internet fibra optica Online #001,Utilities,Internet fibra optica
Cumparare Renfe Floreasca #14,Transport,Renfe
PMT POS DB BAHN Pipera #221,Transport,DB Bahn
Cumparare Pensie facultativa NN Ploiesti,Investments,Pensie facultativa NN
PURCHASE VIRAMENT BCR CATRE BRD Mall Vitan 12345,Transfer,Virament BCR catre BRD
Achizitie equity buy msft Ploiesti #4321,Investments,Equity buy MSFT
Achizitie Renfe ROM (RO),Transport,Renfe
POS ETF SXR8 Aviatorilor #4321,Investments,ETF SXR8
Achizitie YANGO ROM #14,Transport,Yango
POS Pet Shop Animalier Drumul Taberei #14,Other,Pet Shop Animalier
PMT Storia.ro listare Aviatorilor #14,Housing,Storia.ro listare
TRADEVILLE ROMANIA Baneasa #14,Investments,Tradeville Romania
PURCHASE anaida restaurant ROM RID:34521,Restaurants,Anaida Restaurant
Cumparare FARMACIA HELP Aviatorilor AUT:887412,Health,Farmacia Help
PURCHASE Apa Nova Bucuresti Branch 12 RID:34521,Utilities,Apa Nova Bucuresti
Achizitie Analize medicale EU #4321,Health,Analize medicale
Cumparare puma store Center #14,Other,Puma store
Plata POS PLATA CHIRIE IULIE Sun Plaza 12345,Housing,Plata chirie iulie
Plata cu cardul COLEGIU NATIONAL SAVA Sun Plaza RID:34521,Education,Colegiu National Sava
PMT HOSTELWORLD Mall #001,Travel,Hostelworld
Decont deplasare Sun Plaza 12345,Salary,Decont deplasare
PURCHASE OpenAI Plus Downtown,Subscriptions,OpenAI Plus
POS Teatrul Comedie Oradea #001,Entertainment,Teatrul Comedie
Plata cu cardul OPTICA OPTIBLU Bucuresti (RO),Health,Optica Optiblu
Cumparare Costa Coffee Ploiesti (RO),Restaurants,Costa Coffee
Plata cu cardul NETLIFY PRO Cotroceni #4321,Subscriptions,Netlify Pro
PURCHASE festival awake RO RID:34521,Entertainment,Festival Awake
PURCHASE Fond mutual BT Asset Mgmt Constanta,Investments,Fond mutual BT Asset Mgmt
MASTERCLASS ANNUAL Iasi,Subscriptions,MasterClass annual
PURCHASE enel energie Drumul Taberei (RO),Utilities,Enel Energie
Plata cu cardul Direct Deposit Payroll Downtown #14,Salary,Direct Deposit Payroll
PURCHASE Nike store Store 04 (RO),Other,Nike store
PURCHASE GetYourGuide tur Vitan (RO),Travel,GetYourGuide tur
Plata cu cardul TEMU ORDER Center #14,Other,Temu order
Achizitie universitatea bucuresti Park Lake #14,Education,Universitatea Bucuresti
Plata POS Mentenanta lift Cluj (RO),Housing,Mentenanta lift
Cumparare marionnaud Downtown #221,Other,Marionnaud
Plata POS Udemy Business Bucuresti 12345,Education,Udemy Business
PMT uber eats RO #4321,Restaurants,Uber Eats
POS uniqlo Constanta 12345,Other,Uniqlo
PMT POS Service Auto Premium Center (RO),Transport,Service Auto Premium
PMT Mega Bio Ploiesti AUT:887412,Groceries,Mega Bio
POS brilliant.org Constanta 12345,Education,Brilliant.org
Cumparare Equity buy MSFT Oradea 12345,Investments,Equity buy MSFT
Plata cu cardul ASE Taxa Master Iasi (RO),Education,ASE Taxa Master
PMT Service Auto Premium RO RID:34521,Transport,Service Auto Premium
Cumparare Zen Sushi Park Lake AUT:887412,Restaurants,Zen Sushi
PURCHASE Property Manager fees Mall #221,Housing,Property Manager fees
Plata cu cardul OMV EU #221,Transport,OMV
DIANA EXPRESS Iasi #001,Groceries,Diana Express
Plata cu cardul MedLife Constanta Sun Plaza #221,Health,MedLife Constanta
Plata cu cardul Dentist Brilliant RO #14,Health,Dentist Brilliant
POS PLATA CHIRIE ROM,Housing,Plata chirie
PMT Bonus performanta Q1 Bucuresti,Salary,Bonus performanta Q1
Taxi Pelicanul Pipera #221,Transport,Taxi Pelicanul
Cumparare HOUSE Bucharest RO,Other,House
Achizitie World Class Romania Timisoara 12345,Health,World Class Romania
PMT POS Inmedio Bucharest,Groceries,Inmedio
Cumparare MANGO SHOP Galati,Other,Mango shop
Plata POS AeroFlot Iasi #221,Travel,AeroFlot
airbnb EU RO,Travel,Airbnb
PMT zen sushi Promenada RID:34521,Restaurants,Zen Sushi
PURCHASE DR. DENT Aviatorilor,Health,Dr. Dent
PMT POS BURSA BUCURESTI BVB Bucharest RO,Investments,Bursa Bucuresti BVB
Achizitie OLX IMOBILIARE Baneasa RO,Housing,OLX Imobiliare
Cumparare Service Auto Andrei Online,Transport,Service Auto Andrei
POS Energiea Bar Ploiesti,Restaurants,Energiea Bar
Plata cu cardul BOLT ROMANIA Timisoara RO,Transport,Bolt Romania
Cumparare pilon iii pensie privata ROM RO,Investments,Pilon III pensie privata
Mega Bio Park Lake AUT:887412,Groceries,Mega Bio
PMT BILLA Timisoara 12345,Groceries,Billa
Plata cu cardul Krispy Kreme Online AUT:887412,Restaurants,Krispy Kreme
Achizitie nintendo eshop Drumul Taberei #001,Entertainment,Nintendo eShop
Plata POS Trattoria Buongiorno Aviatorilor RO,Restaurants,Trattoria Buongiorno
Carl's Jr Floreasca #001,Restaurants,Carl's Jr
Cumparare WORLD CLASS ROMANIA Cotroceni #001,Health,World Class Romania
Achizitie STB ABONAMENT ONLINE Bucuresti AUT:887412,Transport,STB Abonament Online
PURCHASE Optica Optiblu Mall 12345,Health,Optica Optiblu
PMT POS SHEIN ORDER Online #001,Other,Shein order
Achizitie Calvin Klein store Online 12345,Other,Calvin Klein store
PMT POS McD Baneasa 12345,Restaurants,McD
POS Joc PC Steam Branch 12 12345,Entertainment,Joc PC Steam
Plata POS Qatar Airways Mall,Travel,Qatar Airways
PMT POS MedLife Constanta ROM #4321,Health,MedLife Constanta
Plata POS JYSK MOBILIER Floreasca (RO),Other,JYSK mobilier
Cumparare udemy RO (RO),Education,Udemy
Plata cu cardul Dropbox Family Drumul Taberei 12345,Subscriptions,Dropbox Family
HBO MAX Vitan #4321,Subscriptions,HBO Max
Plata POS salariu net mai RO (RO),Salary,Salariu Net Mai
PMT POS rcs-rds Galati #4321,Utilities,RCS-RDS
Plata POS Bershka shop Store 04 12345,Other,Bershka shop
PURCHASE Etihad Airways Oradea #14,Travel,Etihad Airways
PMT Salvati Copiii donatie Ploiesti AUT:887412,Other,Salvati Copiii donatie
Plata POS FESTIVAL NEVERSEA AFI Cotroceni RID:34521,Entertainment,Festival Neversea
Achizitie ICLOUD STORAGE 200GB EU #14,Subscriptions,iCloud Storage 200GB
PMT POS Telekom Mobile Floreasca RID:34521,Utilities,Telekom Mobile
PMT equity buy nvda Mall Vitan,Investments,Equity buy NVDA
Achizitie ADMINISTRATOR BLOC 28 Galati #4321,Housing,Administrator bloc 28
PMT kaufland Bucharest,Groceries,Kaufland
Plata POS TRANSFER BCR TO ING Pipera #001,Transfer,Transfer BCR to ING
PMT POS Farmacia Sensiblu ROM #221,Health,Farmacia Sensiblu
POS RTEC CONSTANTA Drumul Taberei (RO),Transport,RTEC Constanta
Cumparare Etsy purchase Floreasca RID:34521,Other,Etsy purchase
Cumparare Frizerie Elite Galati #221,Other,Frizerie Elite
PMT POS Diurnă deplasare Constanta,Salary,Diurnă deplasare
Fresh Corner Bucuresti (RO),Groceries,Fresh Corner
VACCINARE CENTRUL MEDICAL Mall Vitan,Health,Vaccinare Centrul Medical
Stripe payout Ploiesti 12345,Salary,Stripe payout
Plata POS rent june Cotroceni AUT:887412,Housing,RENT JUNE
PMT TWITCH SUBSCRIPTION AFI Cotroceni #14,Entertainment,Twitch subscription
Plata POS paypal transfer Sibiu AUT:887412,Transfer,PayPal transfer
Plata POS frizerie old school Iasi 12345,Other,Frizerie Old School
Plata POS PRET A MANGER Park Lake 12345,Restaurants,Pret a Manger
Plata cu cardul VATRA RESTAURANT Center RO,Restaurants,Vatra Restaurant
POS Figma Pro RO #001,Subscriptions,Figma Pro
PMT SALARIU ORE SUPLIMENTARE Online (RO),Salary,Salariu ore suplimentare
PURCHASE Autostrada A1 Downtown,Transport,Autostrada A1
POS BK Sun Plaza #221,Restaurants,BK
Cumparare Cabinet Ortopedie Floreasca #4321,Health,Cabinet Ortopedie
PMT Taxi Cobalcescu Sibiu #14,Transport,Taxi Cobalcescu
PMT POS EVENTIM Center (RO),Entertainment,Eventim
POS Rata ipoteca Ploiesti,Housing,Rata ipoteca
Cumparare Magazinul de Cartier EU AUT:887412,Groceries,Magazinul de Cartier
Achizitie British Airways Mall Vitan,Travel,British Airways
PURCHASE AQUAPARK THERME Promenada RID:34521,Entertainment,Aquapark Therme
Plata cu cardul Restaurantul La Mama Sibiu #4321,Restaurants,Restaurantul La Mama
Cumparare Cofetaria Boema Store 04 #4321,Other,Cofetaria Boema
POS FAMILY MARKET Bucuresti #001,Groceries,Family Market
Plata cu cardul Casa Rusu mobilier AFI Cotroceni #4321,Other,Casa Rusu mobilier
energiea bar Mall #14,Restaurants,Energiea Bar
Achizitie ASE Taxa Master Center (RO),Education,ASE Taxa Master
Achizitie Beans & Dots EU #4321,Restaurants,Beans & Dots
POS burger king Center AUT:887412,Restaurants,Burger King
Cumparare Etihad Airways Center #221,Travel,Etihad Airways
Cumparare KINDLE UNLIMITED Bucuresti #4321,Subscriptions,Kindle Unlimited
Plata POS SALARY TRANSFER Downtown #221,Salary,SALARY TRANSFER
Plata POS Agoda Timisoara #4321,Travel,Agoda
Cumparare Orange Fix Constanta AUT:887412,Utilities,Orange Fix
Plata POS WORKSHOP UX Cluj,Education,Workshop UX
Plata POS întreținere casa Downtown RO,Housing,Întreținere casa
PMT PATREON MEMBERSHIP Oradea #001,Subscriptions,Patreon membership
Cumparare edx micromasters Mall Vitan AUT:887412,Education,edX MicroMasters
Plata cu cardul camera din fata Pipera #4321,Restaurants,Camera din Fata
PMT POS Uber Romania Branch 12 #221,Transport,Uber Romania
PURCHASE salary employer Constanta #221,Salary,SALARY EMPLOYER
POS Calm app ROM #001,Subscriptions,Calm app
PMT POS cinema 3d afi Park Lake #001,Entertainment,Cinema 3D AFI
POS CHIRIE STUDIO Mall,Housing,Chirie studio
PURCHASE Factura curent Store 04 (RO),Utilities,Factura curent
AUCHAN DRIVE Online #001,Groceries,Auchan Drive
Achizitie speakeasy Cotroceni #14,Restaurants,Speakeasy
POS TRANSFER IN LEI Aviatorilor RID:34521,Transfer,Transfer in lei
Achizitie edx micromasters Online RID:34521,Education,edX MicroMasters
Cumparare CURATENIE CASA Park Lake,Housing,Curatenie casa
PMT POS MERE PERE MAGAZIN Center 12345,Groceries,Mere Pere magazin
PMT POS ase taxa master Pipera RID:34521,Education,ASE Taxa Master
PMT Medicover Floreasca AUT:887412,Health,Medicover
Plata cu cardul sala fitness 7card Bucuresti 12345,Health,Sala fitness 7card
PMT Pizza Hut Mall Vitan #001,Restaurants,Pizza Hut
Plata POS Tour ghidat Roma Drumul Taberei #221,Travel,Tour ghidat Roma
PMT POS Arby's Sibiu #14,Restaurants,Arby's
TREEHOUSE Mall #4321,Education,Treehouse
PMT POS Equity buy NVDA Promenada RID:34521,Investments,Equity buy NVDA
Plata POS AMAZON DE Cotroceni (RO),Other,Amazon DE
Achizitie SMASHBURGER Park Lake #001,Restaurants,Smashburger
Achizitie TELEKOM MOBILE EU RO,Utilities,Telekom Mobile
PMT Salad Box Center RO,Restaurants,Salad Box
PMT POS Bonus performanta Q2 Mall Vitan #14,Salary,Bonus performanta Q2
POS TOMMY HILFIGER Oradea #001,Other,Tommy Hilfiger
POS EDITURA HUMANITAS Galati 12345,Education,Editura Humanitas
Cumparare telekom romania Sun Plaza RID:34521,Utilities,Telekom Romania
Cumparare GAZE NATURALE ROMANIA Downtown AUT:887412,Utilities,Gaze Naturale Romania
PMT Fresca Floreasca AUT:887412,Restaurants,Fresca
BITWARDEN PREMIUM Center #221,Subscriptions,Bitwarden Premium
Achizitie SUSHI NOW Aviatorilor #001,Restaurants,Sushi Now
PMT SPEAKEASY Aviatorilor AUT:887412,Restaurants,Speakeasy
PMT UPWORK PAYOUT Online RO,Salary,Upwork payout
PMT POS WHOLE FOODS MARKET Branch 12 #14,Groceries,Whole Foods Market
Cumparare pet shop animalier Online RO,Other,Pet Shop Animalier
POS Piata Amzei Store 04 (RO),Groceries,Piata Amzei
PMT POS Payslip ACME SRL Galati AUT:887412,Salary,Payslip ACME SRL
POS Mobexpert Iasi RO,Other,Mobexpert
Plata POS Cinema City AFI Online #221,Entertainment,Cinema City AFI
COFFEE SHOP BOHEMIA Promenada 12345,Restaurants,Coffee Shop Bohemia
POS Carrefour Market Timisoara #001,Groceries,Carrefour Market
SEPA Credit Transfer AFI Cotroceni #221,Transfer,SEPA Credit Transfer
POS disney plus Mall Vitan RO,Subscriptions,Disney Plus
POS medical center bucuresti ROM (RO),Health,Medical Center Bucuresti
Plata POS robinhood deposit Vitan RID:34521,Investments,Robinhood deposit
PMT POS KAUFLAND Galati (RO),Groceries,Kaufland
Cumparare METRO CASH & CARRY ROM RID:34521,Groceries,Metro Cash & Carry
Cumparare agoda Pipera (RO),Travel,Agoda
PURCHASE HBO MAX EU #221,Subscriptions,HBO Max
Cumparare Mic.ro Center RO,Groceries,Mic.ro
Cumparare Cabinet Stomatologic Smile Sun Plaza,Health,Cabinet Stomatologic Smile
Plata cu cardul McDonalds Online #4321,Restaurants,McDonalds
PURCHASE eToro buy Park Lake (RO),Investments,eToro buy
Plata POS Vila Predeal Pipera RO,Travel,Vila Predeal
Cumparare statia itp Online RID:34521,Transport,Statia ITP
Plata cu cardul virament brd catre bcr Pipera #4321,Transfer,Virament BRD catre BCR
OpenSea purchase NFT Downtown RO,Investments,OpenSea purchase NFT
Plata POS caffe del sud Vitan (RO),Restaurants,Caffe del Sud
Wolt Pipera,Restaurants,Wolt
PMT Termoficare CET Ploiesti #4321,Utilities,Termoficare CET
Plata POS Setapp Mall AUT:887412,Subscriptions,Setapp
PMT POS EQUITY BUY MSFT Floreasca #14,Investments,Equity buy MSFT
Plata cu cardul RATB Constanta (RO),Transport,RATB
Achizitie JYSK MOBILIER AFI Cotroceni (RO),Other,JYSK mobilier
PURCHASE Virament BCR catre BRD Aviatorilor #4321,Transfer,Virament BCR catre BRD
PMT POS MINI MARKET PIPERA Ploiesti (RO),Groceries,Mini Market Pipera
Plata cu cardul Grammarly Premium ROM #4321,Subscriptions,Grammarly Premium
PMT XPRESS MARKET Sibiu 12345,Groceries,XPRESS Market
Achizitie Carrefour Express Bucuresti (RO),Groceries,Carrefour Express
Plata POS Termoenergetica Pipera 12345,Utilities,Termoenergetica
Achizitie BikeRO Timisoara #001,Transport,BikeRO
Plata POS upwork payout Sun Plaza RID:34521,Salary,Upwork payout
POS CEZ Romania Center RO,Utilities,CEZ Romania
PURCHASE MENTENANTA LIFT ROM RO,Housing,Mentenanta lift
Plata cu cardul Netlify Pro Sibiu 12345,Subscriptions,Netlify Pro
Plata cu cardul asigurare travel city Ploiesti RID:34521,Travel,Asigurare travel City
POS Pret a Manger Aviatorilor 12345,Restaurants,Pret a Manger
Achizitie PUMA STORE Sun Plaza #4321,Other,Puma store
Plata cu cardul Crypto staking reward RO,Investments,Crypto staking reward
PMT POS sanador Vitan #4321,Health,Sanador
Plata cu cardul Beans & Dots Park Lake 12345,Restaurants,Beans & Dots
Achizitie binance spot EU RID:34521,Investments,Binance Spot
Plata POS RENT JULY Center #221,Housing,RENT JULY
Plata cu cardul linea closer to the moon Center AUT:887412,Restaurants,Linea Closer to the Moon
PURCHASE CROITORIE EXPRESS Oradea #221,Other,Croitorie Express
Plata cu cardul Direct Deposit Tech Constanta #14,Salary,Direct Deposit Tech
Achizitie FreeNow Bucharest #221,Transport,FreeNow
Plata cu cardul Enel Romania Cotroceni #001,Utilities,Enel Romania
Achizitie workshop ux Mall RID:34521,Education,Workshop UX
Piata Obor Cluj (RO),Groceries,Piata Obor
PMT POS BISTRO VINTAGE Sun Plaza #14,Restaurants,Bistro Vintage
PMT Termoenergetica Mall Vitan #221,Utilities,Termoenergetica
PMT POS boromir prod Promenada AUT:887412,Groceries,Boromir Prod
POS RATA CREDIT IPOTECAR Drumul Taberei #14,Housing,Rata credit ipotecar
PURCHASE CENTRUL MEDICAL AVIATORILOR Constanta RID:34521,Health,Centrul Medical Aviatorilor
Cumparare Sala Palatului concert Cluj #001,Entertainment,Sala Palatului concert
PURCHASE LA BRUTARIA Cluj #14,Restaurants,La Brutaria
PURCHASE EON.RO FACTURA Drumul Taberei #001,Utilities,EON.RO factura
Achizitie PHARMACY 24/7 Center (RO),Health,Pharmacy 24/7
Achizitie VIATOR TOUR Cluj #221,Travel,Viator tour
PURCHASE NORDVPN Oradea,Subscriptions,NordVPN
PMT POS MIC.RO Galati AUT:887412,Groceries,Mic.ro
PMT POS FACTURA APA Vitan #4321,Utilities,Factura apa
POS Wendy's Cluj #14,Restaurants,Wendy's
Pharmacy 24/7 Iasi,Health,Pharmacy 24/7
Plata POS wish.com Bucuresti #221,Other,Wish.com
PMT plata online generic Timisoara #001,Other,Plata online generic
PMT walmart grocery Galati,Groceries,Walmart Grocery
Plata cu cardul upwork payout Mall AUT:887412,Salary,Upwork payout
POS uber romania Floreasca RID:34521,Transport,Uber Romania
Plata cu cardul SHAKE SHACK Sibiu (RO),Restaurants,Shake Shack
Krispy Kreme Branch 12 (RO),Restaurants,Krispy Kreme
Achizitie Evernote Personal Ploiesti AUT:887412,Subscriptions,Evernote Personal
PMT POS TakeAway Timisoara RO,Restaurants,TakeAway
Plata cu cardul Beraria H Constanta #14,Restaurants,Beraria H
Cumparare Cabinet Dermatologie ROM RO,Health,Cabinet Dermatologie
PURCHASE brilliant.org Drumul Taberei AUT:887412,Education,Brilliant.org
PURCHASE SHAKE SHACK ROM #14,Restaurants,Shake Shack
COFFEE SHOP BOHEMIA Pipera AUT:887412,Restaurants,Coffee Shop Bohemia
PMT POS UDEMY Promenada #001,Education,Udemy
Cumparare CHEF BURGER Bucharest #001,Restaurants,Chef Burger
POS Spitalul Floreasca Aviatorilor RID:34521,Health,Spitalul Floreasca
PMT POS SALARIU NET MAI Constanta RID:34521,Salary,Salariu Net Mai
Plata cu cardul Rezervare hotel Predeal Center RO,Travel,Rezervare hotel Predeal
Achizitie Zen Sushi Center RO,Restaurants,Zen Sushi
Plata POS CALVIN KLEIN STORE Promenada #4321,Other,Calvin Klein store
POS apometru index AFI Cotroceni RID:34521,Utilities,Apometru index
POS BVB tranzactie Sibiu #4321,Investments,BVB tranzactie
Plata cu cardul Camera din Fata Branch 12,Restaurants,Camera din Fata
Plata POS NORWEGIAN AIR Timisoara AUT:887412,Travel,Norwegian Air
PMT panera bread Aviatorilor,Restaurants,Panera Bread
Plata POS amazon.com Galati RO,Other,Amazon.com
POS Brutaria Boromir Cluj,Groceries,Brutaria Boromir
PMT ROVINIETE ONLINE ROM 12345,Transport,Roviniete Online
Plata POS Shein order Mall Vitan AUT:887412,Other,Shein order
Plata cu cardul rcs rds Mall AUT:887412,Utilities,RCS RDS
medicover Cluj #001,Health,Medicover
Cumparare eventim Oradea (RO),Entertainment,Eventim
PMT Farmacia Help Bucharest AUT:887412,Health,Farmacia Help
Plata POS Termoenergetica Sud EU,Utilities,Termoenergetica Sud
PMT POS Steam Downtown 12345,Entertainment,Steam
POS restaurantul la mama Pipera 12345,Restaurants,Restaurantul La Mama
Plata POS Bootcamp Data Science Aviatorilor #001,Education,Bootcamp Data Science
Cumparare Calm app Bucharest (RO),Subscriptions,Calm app
PURCHASE VACCINARE CENTRUL MEDICAL Branch 12 RO,Health,Vaccinare Centrul Medical
PURCHASE florarie online Floreasca RID:34521,Other,Florarie Online
PMT MEDIC DE FAMILIE Mall #4321,Health,Medic de familie
ICLOUD STORAGE 200GB Vitan #4321,Subscriptions,iCloud Storage 200GB
PURCHASE Plata chirie Store 04,Housing,Plata chirie
Teatrul National AFI Cotroceni RO,Entertainment,Teatrul National
POS MOBEXPERT Oradea #4321,Other,Mobexpert
PURCHASE EUROWINGS Center #4321,Travel,Eurowings
ASIGURARE APARTAMENT Store 04 12345,Housing,Asigurare apartament
Plata cu cardul restaurantul la mama Constanta 12345,Restaurants,Restaurantul La Mama
PURCHASE KRAKEN PURCHASE EU RID:34521,Investments,Kraken purchase
PMT POS termoenergetica sud Store 04,Utilities,Termoenergetica Sud
PURCHASE UPC Romania Pipera RID:34521,Utilities,UPC Romania
Plata cu cardul Saxo Bank deposit Pipera 12345,Investments,Saxo Bank deposit
PMT spartan Sun Plaza #001,Restaurants,Spartan
Intersport EU #4321,Other,Intersport
PMT POS Incasare de la Ion Oradea #221,Transfer,Incasare de la Ion
Plata POS RATBV Brasov Bucuresti (RO),Transport,RATBV Brasov
Cumparare MERE PERE MAGAZIN Bucuresti (RO),Groceries,Mere Pere magazin
TucanoCoffee Promenada (RO),Restaurants,TucanoCoffee
Cumparare Pet Shop Animax Galati RID:34521,Other,Pet Shop Animax
PURCHASE Croitorie de Lux AFI Cotroceni #221,Other,Croitorie de Lux
Pet Shop Animalier Mall #221,Other,Pet Shop Animalier
Plata cu cardul upc romania Bucuresti 12345,Utilities,UPC Romania
POS RTEC CONSTANTA AFI Cotroceni #221,Transport,RTEC Constanta
POS REZERVARE HOTEL BRASOV Mall Vitan #221,Travel,Rezervare hotel Brasov
Plata cu cardul EXPEDIA Pipera #14,Travel,Expedia
Plata cu cardul RetiM Servicii Park Lake #221,Utilities,RetiM Servicii
PURCHASE Dunkin' Aviatorilor (RO),Restaurants,Dunkin'
POS DONATIE ONG Iasi #4321,Other,Donatie ONG
PMT Vivo Restaurant Constanta (RO),Restaurants,Vivo Restaurant
Achizitie Enel Romania Bucuresti (RO),Utilities,Enel Romania
POS SIXT RENT A CAR Store 04 RO,Travel,Sixt Rent a Car
PMT POS Hanu lui Manuc Online 12345,Restaurants,Hanu lui Manuc
PURCHASE dropbox family Baneasa 12345,Subscriptions,Dropbox Family
Cumparare Bistroteca Galati RID:34521,Restaurants,Bistroteca
PMT POS Taco Bell Store 04 #14,Restaurants,Taco Bell
Synevo Laborator Branch 12 #001,Health,Synevo Laborator
PMT Decont 7Card Baneasa #4321,Salary,Decont 7Card
POS Kindle Unlimited Park Lake #001,Subscriptions,Kindle Unlimited
Achizitie 5-to-Go Bucharest #4321,Restaurants,5-to-Go
Achizitie ETF VWCE Mall Vitan 12345,Investments,ETF VWCE
Plata cu cardul SEPA Credit Transfer Downtown (RO),Transfer,SEPA Credit Transfer
PMT La Placinte Branch 12 12345,Restaurants,La Placinte
Achizitie bolt scooter Mall #4321,Transport,Bolt Scooter
Plata POS degiro deposit Bucharest RID:34521,Investments,DEGIRO deposit
Cumparare REZERVARE AIRBNB CLUJ Ploiesti 12345,Travel,Rezervare Airbnb Cluj
Plata POS CFR Bilet Online ROM #4321,Transport,CFR Bilet Online
Achizitie Universitate Tehnica Drumul Taberei 12345,Education,Universitate Tehnica
Achizitie wordpress.com premium Bucuresti,Subscriptions,WordPress.com Premium
PETEXPERT Cotroceni (RO),Other,Petexpert
PURCHASE STEAM STORE Branch 12 RID:34521,Entertainment,Steam Store
Cumparare Uber Romania Bucharest RO,Transport,Uber Romania
Cumparare Spitalul Coltea Mall Vitan RID:34521,Health,Spitalul Coltea
PMT EDX MICROMASTERS Bucuresti #001,Education,edX MicroMasters
Plata POS Revolut top-up Bucuresti #14,Transfer,Revolut top-up
Plata POS Spalatorie Auto AFI Cotroceni 12345,Transport,Spalatorie Auto
Plata POS wok to walk Mall Vitan #001,Restaurants,Wok to Walk
Plata cu cardul Curatatorie 5aSec Iasi (RO),Other,Curatatorie 5aSec
Curatenie casa Branch 12 AUT:887412,Housing,Curatenie casa
Achizitie DIGI*FACT Branch 12 12345,Utilities,DIGI*FACT
Achizitie ITP SERVICE Sibiu #14,Transport,ITP Service
Plata POS steam store Promenada,Entertainment,Steam Store
Achizitie Pub Drumul Taberei AFI Cotroceni #14,Restaurants,Pub Drumul Taberei
POS M60 COFFEE Pipera RO,Restaurants,M60 Coffee
wizz air voucher Park Lake #221,Transport,Wizz Air voucher
PURCHASE Trader Joe's Mall #001,Groceries,Trader Joe's
POS DUNKIN' Bucharest #001,Restaurants,Dunkin'
Achizitie Patiseria Simigerie Galati #221,Groceries,Patiseria Simigerie
Plata cu cardul PROTONMAIL Cotroceni,Subscriptions,ProtonMail
PMT Asociatie Proprietari Bloc 12 Oradea #14,Housing,Asociatie Proprietari Bloc 12
XBOX LIVE Pipera #14,Entertainment,Xbox Live
PMT POS Coffee Lab Promenada AUT:887412,Restaurants,Coffee Lab
TESCO Center,Groceries,Tesco
PMT POS PIZZERIA PRESTO Mall Vitan #4321,Restaurants,Pizzeria Presto
PURCHASE AUCHAN DRIVE Park Lake RID:34521,Groceries,Auchan Drive
Plata cu cardul Floraria Mada Branch 12,Other,Floraria Mada
Parcare Aeroport Otopeni Sibiu #001,Transport,Parcare Aeroport Otopeni
PMT CHIRIE APARTAMENT Timisoara,Housing,Chirie apartament
Cumparare saxo bank trade Center,Investments,Saxo Bank trade
Plata cu cardul tour ghidat roma Oradea AUT:887412,Travel,Tour ghidat Roma
POS rent july Iasi RID:34521,Housing,RENT JULY
PMT STB ABONAMENT ONLINE ROM #14,Transport,STB Abonament Online
Achizitie pandora bijuterii Cluj RID:34521,Other,Pandora bijuterii
Achizitie adobe premiere pro home Mall #4321,Entertainment,Adobe Premiere Pro home
PURCHASE Salariu ACME SRL Constanta (RO),Salary,Salariu ACME SRL
Plata cu cardul lidl plus Downtown #4321,Groceries,Lidl Plus
MEDLIFE CONSTANTA Promenada #14,Health,MedLife Constanta
POS DeepL Pro Store 04,Subscriptions,DeepL Pro
Cumparare OTP Bank schimb Pipera #14,Transfer,OTP Bank schimb
Achizitie Panera Bread Drumul Taberei #001,Restaurants,Panera Bread
PURCHASE Squarespace Plan ROM,Subscriptions,Squarespace Plan
PMT Camin Bucuresti Galati 12345,Education,Camin Bucuresti
PMT Hotel Cismigiu Online #001,Travel,Hotel Cismigiu
bar de zi floreasca Store 04 #001,Restaurants,Bar de zi Floreasca
Achizitie SCHIMB EUR-RON BCR Bucharest #14,Transfer,Schimb EUR-RON BCR
DIANA EXPRESS Store 04 #14,Groceries,Diana Express
PMT NORDVPN Cluj #001,Subscriptions,NordVPN
Achizitie Reparatii instalatie sanitara Branch 12 #14,Housing,Reparatii instalatie sanitara
Cumparare claude pro Sibiu #001,Subscriptions,Claude Pro
Emirates EU (RO),Travel,Emirates
MERCADONA Park Lake (RO),Groceries,Mercadona
PMT POS Compensatie sport 7card Downtown RO,Salary,Compensatie sport 7card
PURCHASE decont 7card Center (RO),Salary,Decont 7Card
Wendys Store 04 #001,Restaurants,Wendys
Plata cu cardul Taxi Pelicanul Constanta,Transport,Taxi Pelicanul
Cumparare Turkish Airlines RO #001,Travel,Turkish Airlines
PURCHASE GAZE NATURALE Center (RO),Utilities,Gaze Naturale
PURCHASE tarom flight EU RID:34521,Transport,Tarom flight
Plata POS GREGGS EU RID:34521,Restaurants,Greggs
PMT trenitalia Floreasca AUT:887412,Transport,Trenitalia
LC Waikiki Timisoara RO,Other,LC Waikiki
Achizitie Administrator bloc 12 EU RO,Housing,Administrator bloc 12
POS CFR Bilet Online Online (RO),Transport,CFR Bilet Online
Plata POS ALDI Branch 12,Groceries,Aldi
POS ZARA ONLINE Iasi AUT:887412,Other,Zara online
Mega Image Shop&Go Park Lake AUT:887412,Groceries,Mega Image Shop&Go
Plata POS Termoficare CET Baneasa #14,Utilities,Termoficare CET
PMT Chirie apartament ROM,Housing,Chirie apartament
POS Pluralsight Skills Oradea 12345,Education,Pluralsight Skills
PMT POS calm app Sun Plaza #4321,Subscriptions,Calm app
REAL ESTATE REIT Branch 12 #14,Investments,Real estate REIT
Plata cu cardul rata credit ipotecar Sun Plaza RID:34521,Housing,Rata credit ipotecar
PMT VIRAMENT SALARIU SRL Branch 12 12345,Salary,VIRAMENT SALARIU SRL
PMT ENERGIEA BAR Park Lake 12345,Restaurants,Energiea Bar
PMT Diana Express Bucharest RID:34521,Groceries,Diana Express
PURCHASE Karaoke Bar Avant Store 04 (RO),Entertainment,Karaoke Bar Avant
Aquapark Therme Bucharest #001,Entertainment,Aquapark Therme
Plata POS Frizerie Elite Galati,Other,Frizerie Elite
Plata POS Surfshark VPN Floreasca #001,Subscriptions,Surfshark VPN
PMT POS GAZE NATURALE ROM #221,Utilities,Gaze Naturale
Plata POS gift card Branch 12,Other,Gift card
POS Floraria Mada Floreasca AUT:887412,Other,Floraria Mada
Achizitie M60 COFFEE Online #001,Restaurants,M60 Coffee
POS recoltare analize Branch 12 #4321,Health,Recoltare analize
PMT POS MENTENANTA LIFT Online RO,Housing,Mentenanta lift
POS WENDYS Bucharest AUT:887412,Restaurants,Wendys
Cumparare Centrul Medical Pluton Aviatorilor AUT:887412,Health,Centrul Medical Pluton
PURCHASE Smashburger AFI Cotroceni (RO),Restaurants,Smashburger
PMT PENSIE FACULTATIVA NN Vitan (RO),Investments,Pensie facultativa NN
POS CARREFOUR CITY Cluj RO,Groceries,Carrefour City
Plata cu cardul CARTURESTI RO RO,Education,Carturesti
MAGAZINUL DE CARTIER Pipera (RO),Groceries,Magazinul de Cartier
PMT POS Medium membership Iasi #001,Subscriptions,Medium membership
PMT Lensa.ro Downtown,Health,Lensa.ro
Plata POS EXCURSIE ITALIA Branch 12 #4321,Travel,Excursie Italia
Plata cu cardul Trattoria Buongiorno Sibiu #001,Restaurants,Trattoria Buongiorno
Google One Center (RO),Subscriptions,Google One
PIZZERIA PRESTO Vitan RID:34521,Restaurants,Pizzeria Presto
PMT ALTEX.RO Park Lake AUT:887412,Other,Altex.ro
POS Salvati Copiii donatie Floreasca,Other,Salvati Copiii donatie
Plata POS PHARMACY ROK Bucharest RID:34521,Health,Pharmacy ROK
PURCHASE karaoke bar avant ROM AUT:887412,Entertainment,Karaoke Bar Avant
POS Lufthansa Store 04 RO,Travel,Lufthansa
ETF SXR8 Baneasa #221,Investments,ETF SXR8
Plata POS Tichete vacanta EU #001,Salary,Tichete vacanta
Cumparare Transfer ING to Revolut Brasov 12345,Transfer,Transfer ING to Revolut
Plata POS shell romania Park Lake,Transport,Shell Romania
Plata POS IKEA BUCURESTI Timisoara,Other,IKEA Bucuresti
Achizitie Pizza Hut Aviatorilor #221,Restaurants,Pizza Hut
Plata cu cardul ALBINUTA MAGAZIN RO,Groceries,Albinuta Magazin
Achizitie FARMACIA 24H Iasi (RO),Health,Farmacia 24h
Achizitie AUCHAN DRIVE Constanta #4321,Groceries,Auchan Drive
PURCHASE Beans & Dots Sibiu,Restaurants,Beans & Dots
Plata POS Up Card Store 04,Other,Up Card
Plata cu cardul DataCamp EU 12345,Education,DataCamp
PMT POS Caru' cu Bere Mall Vitan 12345,Restaurants,Caru' cu Bere
PMT festival untold Cotroceni #4321,Entertainment,Festival Untold
sncf AFI Cotroceni RID:34521,Transport,SNCF
PMT TRANSFER BCR TO ING ROM RID:34521,Transfer,Transfer BCR to ING
Plata POS Apa Cluj EU #001,Utilities,Apa Cluj
PMT POS SPAR Oradea RO,Groceries,Spar
Achizitie Trenitalia Iasi #14,Transport,Trenitalia
Achizitie dunkin donuts EU #4321,Restaurants,Dunkin Donuts
Cumparare netflix standard Mall #14,Subscriptions,Netflix Standard
Achizitie Direct Deposit ACME Pipera #221,Salary,Direct Deposit ACME
Cumparare GOG.com Downtown #4321,Entertainment,GOG.com
PMT POS AeroFlot Vitan (RO),Travel,AeroFlot
PMT Beraria H Mall Vitan #4321,Restaurants,Beraria H
Cumparare Udemy Iasi RID:34521,Education,Udemy
Plata cu cardul EasyJet Sibiu (RO),Travel,EasyJet
PMT trading 212 deposit RO,Investments,Trading 212 deposit
PMT POS bvb tranzactie Promenada RID:34521,Investments,BVB tranzactie
Plata POS iaBilet Pipera #001,Entertainment,iaBilet
POS LIDL ROM #4321,Groceries,Lidl
TEATRUL NATIONAL Park Lake #001,Entertainment,Teatrul National
POS ROVINIETA Galati AUT:887412,Transport,Rovinieta
POS yoga clasa Downtown RID:34521,Health,Yoga clasa
POS 5 to go Cotroceni #221,Restaurants,5 to Go
Plata POS Selgros Floreasca (RO),Groceries,Selgros
Plata cu cardul apa nova bucuresti Floreasca (RO),Utilities,Apa Nova Bucuresti
POS ASOCIATIE PROPRIETARI BLOC 5 Vitan,Housing,Asociatie Proprietari Bloc 5
Cumparare WORKSHOP UX Sibiu #14,Education,Workshop UX
PMT POS DIGI*FACT EU 12345,Utilities,DIGI*FACT
Synevo Laborator Baneasa RO,Health,Synevo Laborator
ADIDAS STORE Ploiesti RO,Other,Adidas store
Plata POS Bilete fotbal Steaua Cotroceni #4321,Entertainment,Bilete fotbal Steaua
Direct Deposit Tech Constanta #14,Salary,Direct Deposit Tech
PMT wok to walk Drumul Taberei #001,Restaurants,Wok to Walk
PMT DigitalOcean Droplet Store 04 RO,Subscriptions,DigitalOcean Droplet
PURCHASE duolingo super Brasov RID:34521,Subscriptions,Duolingo Super
Cumparare Uniswap swap Mall Vitan RO,Investments,Uniswap swap
Plata cu cardul Restaurant centrul vechi Cotroceni #221,Restaurants,Restaurant centrul vechi
POS LinkedIn Premium Ploiesti #4321,Subscriptions,LinkedIn Premium
Achizitie OPENAI CHATGPT Sibiu,Subscriptions,OpenAI ChatGPT
Achizitie pandora bijuterii Sun Plaza 12345,Other,Pandora bijuterii
POS KAUFLAND ONLINE Baneasa #14,Groceries,Kaufland Online
Achizitie UBER*TRIP Online (RO),Transport,UBER*TRIP
PMT DONATIE ONG Sibiu RO,Other,Donatie ONG
POS Charles Schwab Ploiesti #221,Investments,Charles Schwab
Plata cu cardul Bonus performanta Q1 Galati,Salary,Bonus performanta Q1
PURCHASE Coursera Specialization Branch 12 #221,Education,Coursera Specialization
Cumparare plata contract drepturi autor Aviatorilor 12345,Salary,Plata contract drepturi autor
PMT MAGAZINUL DE CARTIER Cotroceni 12345,Groceries,Magazinul de Cartier
PMT POS salary transfer Oradea (RO),Salary,SALARY TRANSFER
Cumparare Supeco Ploiesti 12345,Groceries,Supeco
Transfer in EUR RO #001,Transfer,Transfer in EUR
Cumparare db bahn AFI Cotroceni #4321,Transport,DB Bahn
Achizitie Curatenie apartament AFI Cotroceni RO,Housing,Curatenie apartament
Cumparare Profi Loco Bucuresti 12345,Groceries,Profi Loco
Shake Shack Branch 12,Restaurants,Shake Shack
TAROM RO #4321,Travel,TAROM
POS Agoda Downtown,Travel,Agoda
PMT POS SALARIU NET MAI Timisoara (RO),Salary,Salariu Net Mai
PMT CARREFOUR ROM,Groceries,Carrefour
POS costa coffee ROM #001,Restaurants,Costa Coffee
engie fact Vitan #14,Utilities,ENGIE FACT
PMT POS Asigurare apartament Center #001,Housing,Asigurare apartament
PMT POS khan academy ROM 12345,Education,Khan Academy
Plata POS bijuterii b&d Timisoara #4321,Other,Bijuterii B&D
PURCHASE YANGO Aviatorilor #221,Transport,Yango
POS Escape Room Adventure Center RID:34521,Entertainment,Escape Room Adventure
Plata cu cardul SPEAKEASY Cluj RO,Restaurants,Speakeasy
Cumparare FARMACIA DONA Center #001,Health,Farmacia Dona
Plata cu cardul vrbo Downtown (RO),Travel,Vrbo
POS Hotels.com Bucuresti #4321,Travel,Hotels.com
MEDICOVER ROMANIA Aviatorilor 12345,Health,Medicover Romania
Cumparare Bumble Premium Online 12345,Subscriptions,Bumble Premium
Plata cu cardul cez romania Store 04,Utilities,CEZ Romania
PURCHASE Taxi Pelicanul Bucuresti RID:34521,Transport,Taxi Pelicanul
Achizitie FIDELITY INVEST Bucharest,Investments,Fidelity Invest
PMT POS STARBUCKS COFFEE AFI Cotroceni #4321,Restaurants,STARBUCKS COFFEE
Plata POS OpenSea purchase NFT Store 04 RO,Investments,OpenSea purchase NFT
PMT POS Bistro Vintage Galati AUT:887412,Restaurants,Bistro Vintage
PMT SEPA CREDIT TRANSFER Store 04 #001,Transfer,SEPA Credit Transfer
PMT Aquatim Timisoara Brasov (RO),Utilities,Aquatim Timisoara
lidl plus Branch 12 AUT:887412,Groceries,Lidl Plus
PMT QATAR AIRWAYS Oradea #14,Travel,Qatar Airways
POS Bitwarden Premium Pipera #001,Subscriptions,Bitwarden Premium
Cumparare Farmacia Tei Branch 12 #4321,Health,Farmacia Tei
Cumparare WizzAir Bilet Branch 12 (RO),Travel,WizzAir Bilet
POS BURGERISTA Bucuresti #14,Restaurants,Burgerista
Plata POS Khan Academy Baneasa #221,Education,Khan Academy
Plata cu cardul tarom Brasov (RO),Travel,TAROM
Plata POS Universitatea Cluj EU,Education,Universitatea Cluj
PMT terasa vara herastrau Floreasca RO,Restaurants,Terasa Vara Herastrau
POS PENNY Sun Plaza #14,Groceries,Penny
PMT POS Cabinet Veterinar Pet Doctor Brasov AUT:887412,Other,Cabinet Veterinar Pet Doctor
Plata POS FARMACIA TEI Bucharest #001,Health,Farmacia Tei
Achizitie WIZZ AIR ROM #001,Travel,Wizz Air
PMT OPTICA QUATTRO AFI Cotroceni RO,Health,Optica Quattro
Plata POS KRAKEN BUY Cotroceni #14,Investments,Kraken buy
PMT Babbel Learning Baneasa RO,Education,Babbel Learning
Plata cu cardul medic de familie Bucharest #14,Health,Medic de familie
Plata cu cardul CRUCEA ROSIE DONATIE Online #4321,Other,Crucea Rosie donatie
POS Brutaria Anatolia Ploiesti RO,Groceries,Brutaria Anatolia
PIATA OBOR AFI Cotroceni #14,Groceries,Piata Obor
PMT Discord Nitro Timisoara #14,Entertainment,Discord Nitro
Achizitie Mere Pere magazin Downtown RO,Groceries,Mere Pere magazin
POS Leroy Merlin Floreasca,Other,Leroy Merlin
COFFEE SHOP BOHEMIA Constanta 12345,Restaurants,Coffee Shop Bohemia
POS digi romania Timisoara 12345,Utilities,Digi Romania
PMT POS hardee's Downtown #4321,Restaurants,Hardee's
Plata cu cardul BK Ploiesti 12345,Restaurants,BK
PMT Farmacia 24h Floreasca #4321,Health,Farmacia 24h
PURCHASE Inchiriere masina Sixt Sun Plaza RID:34521,Travel,Inchiriere masina Sixt
PLATA CHIRIE Store 04 12345,Housing,Plata chirie
Plata cu cardul Hipmenu Store 04 RID:34521,Restaurants,Hipmenu
PMT POS Deutsche Bahn Drumul Taberei AUT:887412,Transport,Deutsche Bahn
Plata cu cardul RETIM SERVICII Store 04 #221,Utilities,RetiM Servicii
PMT POS orange prepay Park Lake AUT:887412,Utilities,Orange PrePay
PMT POS SERVICE LAPTOP EU #221,Other,Service Laptop
POS gazprom Vitan (RO),Transport,Gazprom
Plata POS Opera Nationala Cotroceni 12345,Entertainment,Opera Nationala
Cabinet Ortopedie Vitan #14,Health,Cabinet Ortopedie
Achizitie Optimall optica Downtown RID:34521,Health,Optimall optica
PMT policlinica titu maiorescu Brasov (RO),Health,Policlinica Titu Maiorescu
Achizitie SUPECO Bucharest,Groceries,Supeco
Salariu luna mai Pipera 12345,Salary,Salariu luna mai
Achizitie ARBY'S Online RO,Restaurants,Arby's
Achizitie EASYJET Downtown RO,Travel,EasyJet
Internet fibra optica Mall #001,Utilities,Internet fibra optica
PURCHASE MOL Group Constanta 12345,Transport,MOL Group
OTP virament Sibiu #001,Transfer,OTP virament
Plata POS OpenAI ChatGPT Mall Vitan #221,Subscriptions,OpenAI ChatGPT
Plata cu cardul mentenanta lift AFI Cotroceni #14,Housing,Mentenanta lift
Uniswap swap Vitan RO,Investments,Uniswap swap
PMT POS Booking RO Sun Plaza AUT:887412,Travel,Booking RO
Achizitie Qatar Airways ROM,Travel,Qatar Airways
PURCHASE rat sibiu Bucharest #14,Transport,RAT Sibiu
PMT kindle unlimited Drumul Taberei #4321,Subscriptions,Kindle Unlimited
Achizitie wizz air Online RO,Travel,Wizz Air
ASOCIATIE LOCATARI Store 04 #14,Housing,Asociatie locatari
UPC ROMANIA Mall Vitan #221,Utilities,UPC Romania
PMT POS SPOTIFY FAMILY Bucuresti #001,Subscriptions,Spotify Family
Achizitie DECONT SALARIAL Cluj #4321,Salary,Decont salarial
PMT POS ADD MONEY REVOLUT Aviatorilor #4321,Transfer,Add money Revolut
PMT POS hotel marriott bucuresti Store 04 12345,Travel,Hotel Marriott Bucuresti
Cumparare LUFTHANSA GROUP Bucuresti #4321,Travel,Lufthansa Group
Plata POS CHIRIE LUNA IUNIE Park Lake RID:34521,Housing,Chirie luna iunie
PURCHASE MAILCHIMP STANDARD Iasi (RO),Subscriptions,Mailchimp Standard
Achizitie Nintendo eShop Promenada RID:34521,Entertainment,Nintendo eShop
Cumparare Vietnameza Pipera Brasov #221,Restaurants,Vietnameza Pipera
Plata cu cardul Chirie luna mai Center RID:34521,Housing,Chirie luna mai
PMT Uber Online RID:34521,Transport,Uber
Plata POS INSTALATOR URGENTA Brasov AUT:887412,Housing,Instalator urgenta
farmacia dona Floreasca RID:34521,Health,Farmacia Dona
POS CABINET CARDIOLOGIE Mall Vitan #221,Health,Cabinet Cardiologie
Cumparare BIJUTERII B&D Iasi,Other,Bijuterii B&D
Achizitie APA NOVA BUCURESTI Center #001,Utilities,Apa Nova Bucuresti
Plata POS Intretinere Center #001,Housing,Intretinere
Sushi Now Sibiu #4321,Restaurants,Sushi Now
POS Compensatie sport 7card Brasov #4321,Salary,Compensatie sport 7card
PMT POS cez vanzare Store 04 AUT:887412,Utilities,CEZ Vanzare
Achizitie Chirie studio Cotroceni #14,Housing,Chirie studio
PMT HOTEL INTERCONTINENTAL Aviatorilor (RO),Travel,Hotel Intercontinental
Plata POS Lentile contact Online Downtown,Health,Lentile contact Online
Enterprise Car Rental Constanta AUT:887412,Travel,Enterprise Car Rental
Plata POS Etsy purchase Mall #221,Other,Etsy purchase
PMT POS Bank to bank SWIFT Cotroceni 12345,Transfer,Bank to bank SWIFT
Plata POS BUMBLE PREMIUM Drumul Taberei 12345,Subscriptions,Bumble Premium
Plata POS Smashburger Promenada (RO),Restaurants,Smashburger
PURCHASE Spartan Galati RID:34521,Restaurants,Spartan
PMT SPEAKEASY Oradea #001,Restaurants,Speakeasy
PMT POS vulcanizare auto Cotroceni (RO),Transport,Vulcanizare Auto
Plata cu cardul COSMETIC & FOOD SHOP Brasov (RO),Groceries,Cosmetic & Food Shop
PMT park lake bowling Bucharest,Entertainment,Park Lake bowling
Cumparare penny market Baneasa RID:34521,Groceries,Penny Market
PURCHASE BILET MASTER Mall RID:34521,Entertainment,Bilet Master
Cumparare Vel Pitar Pipera AUT:887412,Groceries,Vel Pitar
Plata cu cardul Hotels.com Mall,Travel,Hotels.com
Cumparare TucanoCoffee AFI Cotroceni RO,Restaurants,TucanoCoffee
Aliexpress order Vitan AUT:887412,Other,Aliexpress order
PMT PANDORA BIJUTERII Store 04 RO,Other,Pandora bijuterii
POS Tichete masa Up AFI Cotroceni RID:34521,Salary,Tichete masa Up
POS Binance deposit Bucharest #4321,Investments,Binance deposit
Plata POS Rata ipoteca Cotroceni #221,Housing,Rata ipoteca
PMT DROPBOX PLUS Mall RID:34521,Subscriptions,Dropbox Plus
PMT MoneyGram receive Baneasa AUT:887412,Transfer,MoneyGram receive
Cumparare Supeco EU,Groceries,Supeco
Plata cu cardul LA DOI PASI Online #001,Groceries,La Doi Pasi
Plata cu cardul Cursuri online IT ROM #14,Education,Cursuri online IT
Achizitie Synevo Drumul Taberei #14,Health,Synevo
POS Coursera Bucuresti #4321,Education,Coursera
PURCHASE Payroll April 2026 Pipera #221,Salary,Payroll April 2026
POS SPOTIFY FAMILY Bucuresti AUT:887412,Subscriptions,Spotify Family
Plata POS Kaufland Downtown AUT:887412,Groceries,Kaufland
Achizitie PIZZERIA BONITA Pipera #14,Restaurants,Pizzeria Bonita
PMT POS BILET AVION ONLINE Constanta 12345,Travel,Bilet avion online
PMT Carrefour Express RO #4321,Groceries,Carrefour Express
Plata cu cardul statia itp Iasi RO,Transport,Statia ITP
POS stripe internal transfer Mall (RO),Transfer,Stripe internal transfer
PURCHASE codecademy Bucharest RO,Education,Codecademy
Cumparare TRATTORIA IL CALCIO Floreasca #4321,Restaurants,Trattoria il Calcio
PMT POS BONUS PERFORMANTA Q2 Branch 12 RO,Salary,Bonus performanta Q2
POS MAILCHIMP STANDARD Promenada,Subscriptions,Mailchimp Standard
Plata POS Orange Romania Fixed Aviatorilor AUT:887412,Utilities,Orange Romania Fixed
PMT reteaua regina maria Online RO,Health,Reteaua Regina Maria
PMT Zen Sushi Downtown #221,Restaurants,Zen Sushi
Plata POS stock purchase msft Mall Vitan (RO),Investments,Stock purchase MSFT
Achizitie robinhood deposit Constanta RID:34521,Investments,Robinhood deposit
POS VIRAMENT BRD CATRE BCR Galati RO,Transfer,Virament BRD catre BCR
PMT CARWASH EXPRESS Branch 12 (RO),Transport,Carwash Express
POS iCloud Branch 12 RID:34521,Subscriptions,iCloud
Plata POS TEATRUL COMEDIE Bucuresti AUT:887412,Entertainment,Teatrul Comedie
Plata cu cardul raiffeisen virament Drumul Taberei #001,Transfer,Raiffeisen virament
Plata cu cardul XPRESS Market Constanta RO,Groceries,XPRESS Market
PMT cofetaria boema Promenada AUT:887412,Other,Cofetaria Boema
Plata cu cardul KAUFLAND ONLINE Sibiu #4321,Groceries,Kaufland Online
Plata POS discord nitro Mall RID:34521,Entertainment,Discord Nitro
BT Capital Invest Sun Plaza RO,Investments,BT Capital Invest
Cumparare BURSA DE STUDII ROM,Education,Bursa de studii
Achizitie Cel.ro Store 04 #4321,Other,Cel.ro
PMT POS Plata chirie Store 04 RO,Housing,Plata chirie
PMT p2p crypto exchange ROM #14,Investments,P2P crypto exchange
PMT Duolingo Super Online (RO),Subscriptions,Duolingo Super
Plata POS HBO Max Bucuresti,Subscriptions,HBO Max
PMT Spalatorie Auto Galati RID:34521,Transport,Spalatorie Auto
Plata POS apa regnault Branch 12 (RO),Utilities,Apa Regnault
PURCHASE Pluralsight Skills Store 04 #14,Education,Pluralsight Skills
Plata cu cardul P2P PAYMENT ANA Online RO,Transfer,P2P payment Ana
Plata cu cardul ASIGURARE CASA ALLIANZ ROM #221,Housing,Asigurare casa Allianz
Plata cu cardul NEW YORKER Ploiesti #221,Other,New Yorker
POS BISTROTECA Store 04 12345,Restaurants,Bistroteca
Achizitie Lidl Plus Bucharest RID:34521,Groceries,Lidl Plus
Plata POS Colegiul National Lazar AFI Cotroceni #14,Education,Colegiul National Lazar
POS temu order Branch 12 #14,Other,Temu order
POS Payslip ACME SRL Bucuresti RID:34521,Salary,Payslip ACME SRL
Plata POS Real estate REIT Sun Plaza #4321,Investments,Real estate REIT
PMT Rezervare hotel Predeal Timisoara RID:34521,Travel,Rezervare hotel Predeal
Plata cu cardul Eco Market Aviatorilor 12345,Groceries,Eco Market
Achizitie ETF SPY Bucuresti AUT:887412,Investments,ETF SPY
Plata cu cardul BOLT*RIDE Floreasca,Transport,BOLT*RIDE
PMT linear app Ploiesti AUT:887412,Subscriptions,Linear App
Eurowings Aviatorilor #14,Travel,Eurowings
Cumparare salvati copiii donatie Center,Other,Salvati Copiii donatie
Plata POS CABLU TV + INTERNET RO RID:34521,Utilities,Cablu TV + Internet
PURCHASE eMAG Timisoara #221,Other,eMAG
PURCHASE ANALIZE MEDICALE Bucuresti (RO),Health,Analize medicale
POS SUBWAY SANDWICH Mall Vitan #221,Restaurants,SUBWAY SANDWICH
PURCHASE CHIRIE LUNA IULIE Oradea #001,Housing,Chirie luna iulie
Achizitie Google One Ploiesti #14,Subscriptions,Google One
bilet filarmonica Ploiesti #001,Entertainment,Bilet Filarmonica
PMT POS TAROM BILET ONLINE Sibiu,Travel,TAROM bilet online
Booking.com Hotel Baneasa RID:34521,Travel,Booking.com Hotel
BONUS PERFORMANTA Q2 Drumul Taberei,Salary,Bonus performanta Q2
Achizitie Turkish Airlines Galati #221,Travel,Turkish Airlines
Întreținere apartament Vitan #221,Housing,Întreținere apartament
Plata POS Optica Quattro Cotroceni,Health,Optica Quattro
Achizitie GitHub Pro Downtown RID:34521,Subscriptions,GitHub Pro
PMT Apa Regnault Timisoara 12345,Utilities,Apa Regnault
POS Steam Wallet Promenada #221,Entertainment,Steam Wallet
PMT PAYSLIP ACME SRL Ploiesti #001,Salary,Payslip ACME SRL
Achizitie METROUL BUCURESTI Timisoara #221,Transport,Metroul Bucuresti
PURCHASE Concert Mihai Margineanu Branch 12 #221,Entertainment,Concert Mihai Margineanu
POS TICHET CULTURAL EDENRED Mall 12345,Other,Tichet cultural Edenred
PMT CFR CALATORI Floreasca,Transport,CFR Calatori
PMT MOL Romania Sibiu AUT:887412,Transport,MOL Romania
PMT POS PAYPAL TRANSFER Center (RO),Transfer,PayPal transfer
Tichete vacanta Mall Vitan,Salary,Tichete vacanta
Achizitie Escape Room Logica Pipera #14,Entertainment,Escape Room Logica
Plata cu cardul Epic Games Sun Plaza 12345,Entertainment,Epic Games
PURCHASE CAMIN BUCURESTI Sun Plaza AUT:887412,Education,Camin Bucuresti
Plata cu cardul Farmacia 24h Iasi,Health,Farmacia 24h
Plata POS BOLT ROMANIA Oradea #4321,Transport,Bolt Romania
PMT edx Sun Plaza 12345,Education,edX
PMT BILET MASTER ROM,Entertainment,Bilet Master
Cumparare Achizitie aplicatie ROM #4321,Other,Achizitie aplicatie
Achizitie Orange Fix Mall #221,Utilities,Orange Fix
Plata POS INCHIRIERE MASINA SIXT Iasi AUT:887412,Travel,Inchiriere masina Sixt
Plata POS Încasare salariu Maria Bucuresti AUT:887412,Transfer,Încasare salariu Maria
Cumparare Salon Beauty Lounge Drumul Taberei RO,Other,Salon Beauty Lounge
Plata cu cardul GARANTIE CHIRIE ROM RID:34521,Housing,Garantie chirie
Plata POS Hotel Hilton Sibiu Bucuresti #001,Travel,Hotel Hilton Sibiu
Cumparare GetYourGuide tur Branch 12 RO,Travel,GetYourGuide tur
Plata POS WORLD CLASS ROMANIA Aviatorilor #4321,Health,World Class Romania
PURCHASE payroll april 2026 Oradea 12345,Salary,Payroll April 2026
POS spotify Drumul Taberei #14,Subscriptions,Spotify
POS ETF VUAA Mall #14,Investments,ETF VUAA
Plata cu cardul PUBUL TRAFIC Store 04 #001,Restaurants,Pubul Trafic
Plata cu cardul Twitch subscription Aviatorilor RID:34521,Entertainment,Twitch subscription
Cumparare carrefour.ro online Bucuresti #4321,Groceries,Carrefour.ro online
PMT edx Mall Vitan #14,Education,edX
Achizitie ABOUT YOU Branch 12 #001,Other,About You
Taxi Cobalcescu EU AUT:887412,Transport,Taxi Cobalcescu
PMT Mini Market Pipera Center 12345,Groceries,Mini Market Pipera
PMT Bio Romania Cluj AUT:887412,Groceries,Bio Romania
POS bilete fotbal dinamo Galati #4321,Entertainment,Bilete fotbal Dinamo
Plata cu cardul teatrul national Drumul Taberei #4321,Entertainment,Teatrul National
PURCHASE HANU LUI MANUC Downtown RID:34521,Restaurants,Hanu lui Manuc
Achizitie magazinul de cartier Sun Plaza (RO),Groceries,Magazinul de Cartier
FIDELITY INVEST Galati 12345,Investments,Fidelity Invest
POS geam auto service Mall (RO),Other,Geam Auto Service
Achizitie Geam Auto Service Ploiesti 12345,Other,Geam Auto Service
Plata POS METROREX ABONAMENT Online #14,Transport,Metrorex Abonament
PURCHASE Hidroelectrica vanzare Branch 12 #001,Utilities,Hidroelectrica vanzare
Plata POS wendy's Iasi (RO),Restaurants,Wendy's
Cumparare CHARLES SCHWAB Vitan AUT:887412,Investments,Charles Schwab
Digi Romania Bucuresti #001,Utilities,Digi Romania
PMT POS ASIGURARE CASA ALLIANZ Brasov 12345,Housing,Asigurare casa Allianz
PMT Enel Energie Cluj #221,Utilities,Enel Energie
PMT Disney+ Floreasca AUT:887412,Subscriptions,Disney+
Cumparare KFC Mall RID:34521,Restaurants,KFC
KENTUCKY FRIED CHICKEN AFI Cotroceni #001,Restaurants,Kentucky Fried Chicken
PURCHASE caffe del sud Park Lake #221,Restaurants,Caffe del Sud
Plata POS TESCO Constanta #14,Groceries,Tesco
PURCHASE RATBV BRASOV RO 12345,Transport,RATBV Brasov
Cumparare Salariu Net Mai Floreasca 12345,Salary,Salariu Net Mai
Plata cu cardul Curtea Veche Bistro Oradea #4321,Restaurants,Curtea Veche Bistro
macromex Mall Vitan #221,Groceries,Macromex
PMT RENT JUNE Store 04 #14,Housing,RENT JUNE
Achizitie Booking.com Drumul Taberei (RO),Travel,Booking.com
Codecademy Oradea #14,Education,Codecademy
Plata POS YouTube TV Bucharest AUT:887412,Subscriptions,YouTube TV
PURCHASE Rompetrol Statie Cotroceni RO,Transport,Rompetrol Statie
PMT POS Autostrada A1 ROM 12345,Transport,Autostrada A1
Plata cu cardul cabinet ortopedie Oradea #001,Health,Cabinet Ortopedie
Plata POS LA DOI PASI AFI Cotroceni RID:34521,Groceries,La Doi Pasi
POS COMPARI.RO Downtown,Other,Compari.ro
CURSURI ONLINE IT Vitan RID:34521,Education,Cursuri online IT
PMT Netlify Pro Baneasa #221,Subscriptions,Netlify Pro
Achizitie AWS billing Sun Plaza RO,Subscriptions,AWS billing
PURCHASE Electrica Distributie Promenada 12345,Utilities,Electrica Distributie
PMT DM Drumul Taberei #4321,Groceries,DM
Plata cu cardul SPAR Online AUT:887412,Groceries,Spar
POS cec bank transfer Timisoara (RO),Transfer,CEC Bank transfer
Plata cu cardul CLAUDE.AI Bucharest RO,Subscriptions,Claude.ai
Cumparare cora Ploiesti #14,Groceries,Cora
Plata cu cardul Service Telefon ROM #221,Other,Service Telefon
PURCHASE ORIGO COFFEE Constanta RID:34521,Restaurants,Origo Coffee
PURCHASE Burgerista Iasi #221,Restaurants,Burgerista
Cumparare BRUTARIA BOROMIR ROM (RO),Groceries,Brutaria Boromir
PMT PARCARE AEROPORT OTOPENI Promenada (RO),Transport,Parcare Aeroport Otopeni
Cumparare HARDEE'S Store 04 AUT:887412,Restaurants,Hardee's
Cumparare REPARATII ELECTROCASNICE Mall Vitan #4321,Other,Reparatii electrocasnice
POS city tour lisbon Sibiu RID:34521,Travel,City tour Lisbon
Cumparare Tichete masa Sodexo Promenada AUT:887412,Salary,Tichete masa Sodexo
PMT CEL.RO Mall Vitan 12345,Other,Cel.ro
PMT POS PENSIUNE SINAIA Timisoara 12345,Travel,Pensiune Sinaia
Achizitie P2P payment Ana Mall,Transfer,P2P payment Ana
Plata POS Pharmacy 24/7 Sun Plaza AUT:887412,Health,Pharmacy 24/7
Achizitie TICHET FERIBOT AFI Cotroceni #001,Travel,Tichet feribot
PMT POS 5-TO-GO Bucharest (RO),Restaurants,5-to-Go
Plata cu cardul VILA CARPATI Baneasa #4321,Travel,Vila Carpati
Plata cu cardul BINANCE SPOT ROM RID:34521,Investments,Binance Spot
Achizitie Scoala Generala 4 Oradea #221,Education,Scoala Generala 4
Coursera Specialization Iasi RID:34521,Education,Coursera Specialization
PMT Cinema City EU #4321,Entertainment,Cinema City
Cumparare WISE TRANSFER RO (RO),Transfer,Wise transfer
IABILET CONCERT Branch 12 AUT:887412,Entertainment,iaBilet concert
Plata POS Salubritate URBAN RO RO,Utilities,Salubritate URBAN
PURCHASE metamask transaction Galati AUT:887412,Investments,MetaMask transaction
Plata cu cardul TIM HORTONS Pipera,Restaurants,Tim Hortons
PMT Fizioterapie sedinta Iasi,Health,Fizioterapie sedinta
PURCHASE krispy kreme Online RO,Restaurants,Krispy Kreme
DECONT 7CARD Sun Plaza RO,Salary,Decont 7Card
APPLE.COM/BILL Downtown AUT:887412,Subscriptions,Apple.com/bill
PMT POS BONUS ANUAL Bucuresti #4321,Salary,Bonus anual
Plata POS STEAK HOUSE BUCURESTI Mall #221,Restaurants,Steak House Bucuresti
Plata cu cardul Pizzeria 4 Amici Park Lake 12345,Restaurants,Pizzeria 4 Amici
Achizitie Patiserie Parisul Floreasca (RO),Other,Patiserie Parisul
BRD transfer extern Downtown (RO),Transfer,BRD transfer extern
PURCHASE OTP Bank schimb Branch 12 (RO),Transfer,OTP Bank schimb
PURCHASE evernote personal Mall Vitan RO,Subscriptions,Evernote Personal
Plata POS Chick-fil-A Center AUT:887412,Restaurants,Chick-fil-A
PMT POS bikero Mall Vitan RID:34521,Transport,BikeRO
Plata cu cardul taxa scolarizare master Promenada #14,Education,Taxa scolarizare master
Cumparare Profi Iasi 12345,Groceries,Profi
Plata POS Bursa Bucuresti BVB Iasi #4321,Investments,Bursa Bucuresti BVB
FESTIVAL UNTOLD Brasov,Entertainment,Festival Untold
Cumparare Cel.ro Bucharest #001,Other,Cel.ro
Achizitie MASTERCLASS COURSE Constanta RO,Education,MasterClass course
Plata cu cardul Gazprom Brasov (RO),Transport,Gazprom
Cumparare calvin klein store Sibiu #4321,Other,Calvin Klein store
PMT POS Rezervare hotel Predeal Sibiu #4321,Travel,Rezervare hotel Predeal
POS coffee lab Online 12345,Restaurants,Coffee Lab
PURCHASE LA DOI PASI Sun Plaza 12345,Groceries,La Doi Pasi
PMT degiro transfer Online RID:34521,Investments,DEGIRO transfer
Cumparare OpenAI Plus Mall Vitan AUT:887412,Subscriptions,OpenAI Plus
PURCHASE Western Union transfer ROM RO,Transfer,Western Union transfer
Cumparare SALVATI COPIII DONATIE Online #001,Other,Salvati Copiii donatie
PMT card preplatit up Sun Plaza RO,Other,Card preplatit Up
Plata cu cardul Donatie ONG Promenada #001,Other,Donatie ONG
Cumparare VIVO RESTAURANT Ploiesti RO,Restaurants,Vivo Restaurant
Floraria Mada Cluj AUT:887412,Other,Floraria Mada
Cumparare AIRBNB STAY Online RO,Travel,Airbnb Stay
Plata cu cardul Synevo Labs Vitan RID:34521,Health,Synevo Labs
PMT POS Opera Bucuresti Cotroceni RO,Entertainment,Opera Bucuresti
Achizitie GitHub Copilot Oradea #001,Subscriptions,GitHub Copilot
Cumparare PARKING MALL ROM #14,Transport,Parking Mall
Achizitie Hertz Rent a Car Ploiesti #001,Travel,Hertz Rent a Car
Cumparare IBERIA Iasi #001,Travel,Iberia
PURCHASE BONUS PERFORMANTA Q1 Sibiu #221,Salary,Bonus performanta Q1
EVENTIM BILET Bucuresti #4321,Entertainment,Eventim Bilet
POS salvati copiii donatie Galati #001,Other,Salvati Copiii donatie
POS Evomag Online,Other,Evomag
Plata cu cardul New Yorker Sibiu #001,Other,New Yorker
CRYPTO STAKING REWARD Promenada RO,Investments,Crypto staking reward
PMT POS COLEGIU NATIONAL SAVA Timisoara 12345,Education,Colegiu National Sava
Plata POS Carturesti Timisoara RO,Education,Carturesti
Cumparare TICHETE MASA UP Ploiesti #221,Salary,Tichete masa Up
Plata POS netflix standard Center (RO),Subscriptions,Netflix Standard
Achizitie Trattoria il Calcio Cotroceni #14,Restaurants,Trattoria il Calcio
Plata POS sixt rent a car Ploiesti,Travel,Sixt Rent a Car
MANGO SHOP Center #4321,Other,Mango shop
PMT piata matache AFI Cotroceni #221,Groceries,Piata Matache
Cumparare WORLD CLASS ROMANIA EU,Health,World Class Romania
POS m60 coffee Online,Restaurants,M60 Coffee
Achizitie OMV PETROLSTATION Mall #4321,Transport,OMV PetrolStation
Achizitie Chirie luna iunie Cluj RO,Housing,Chirie luna iunie
Plata POS Netlify Pro Baneasa #221,Subscriptions,Netlify Pro
TD Ameritrade ROM,Investments,TD Ameritrade
Plata POS Robinhood deposit Timisoara RID:34521,Investments,Robinhood deposit
PMT Festival Untold AFI Cotroceni #221,Entertainment,Festival Untold
Asociatie locatari sect 1 Floreasca RO,Housing,Asociatie locatari sect 1
Plata cu cardul Lufthansa Downtown #001,Travel,Lufthansa
Achizitie ATELIER FOTO ANDREI Park Lake RID:34521,Other,Atelier Foto Andrei
PURCHASE Banca Transilvania transfer Brasov AUT:887412,Transfer,Banca Transilvania transfer
Taxi Cris ROM,Transport,Taxi Cris
PMT CABINET DERMATOLOGIE Online 12345,Health,Cabinet Dermatologie
POS GARANTIE CHIRIE Store 04 RO,Housing,Garantie chirie
PMT Festival Awake Constanta #001,Entertainment,Festival Awake
Achizitie Electrica Furnizare RO #4321,Utilities,Electrica Furnizare
PMT POS ase taxa master ROM #001,Education,ASE Taxa Master
PMT POS Wizz Air voucher RO AUT:887412,Transport,Wizz Air voucher
PMT POS Factura internet Mall Vitan 12345,Utilities,Factura internet
PMT POS pub drumul taberei Mall Vitan #221,Restaurants,Pub Drumul Taberei
Plata POS Aliexpress order Floreasca AUT:887412,Other,Aliexpress order
POS Vulcanizare Auto Ploiesti RID:34521,Transport,Vulcanizare Auto
Achizitie UPWORK PAYOUT Online,Salary,Upwork payout
Plata cu cardul ROVINIETE ONLINE Online,Transport,Roviniete Online
FARMACIA HELP Brasov AUT:887412,Health,Farmacia Help
Up Card Sibiu,Other,Up Card
Plata cu cardul FOTO STUDIO PREMIUM Baneasa (RO),Other,Foto Studio Premium
PURCHASE Spitalul Sf. Pantelimon Center (RO),Health,Spitalul Sf. Pantelimon
DISNEY+ Center (RO),Subscriptions,Disney+
Plata cu cardul Service Laptop Promenada #4321,Other,Service Laptop
PMT POS Încasare salariu Maria AFI Cotroceni (RO),Transfer,Încasare salariu Maria
PMT POS Loft Cafe Galati #001,Restaurants,Loft Cafe
PURCHASE Synevo Pipera #14,Health,Synevo
PMT POS Cosmetic & Food Shop Promenada,Groceries,Cosmetic & Food Shop
PMT Centrul Medical Aviatorilor Bucuresti #14,Health,Centrul Medical Aviatorilor
Achizitie Bonus performanta Q2 Cluj #14,Salary,Bonus performanta Q2
Plata POS Auto Service Pitesti Sun Plaza RO,Transport,Auto Service Pitesti
PURCHASE STARBUCKS COFFEE Baneasa,Restaurants,STARBUCKS COFFEE
Cumparare Chipotle Mexican Grill Pipera 12345,Restaurants,Chipotle Mexican Grill
POS crypto airdrop Mall Vitan 12345,Investments,Crypto airdrop
PMT COOP Mall Vitan #4321,Groceries,Coop
PMT POS transfer bcr to ing Cluj #4321,Transfer,Transfer BCR to ING
Plata cu cardul NOTION AI Online,Subscriptions,Notion AI
Cumparare Dropbox Family Center,Subscriptions,Dropbox Family
Cumparare PETROM STATIE Floreasca RID:34521,Transport,Petrom Statie
Plata POS ENEL*FACT Sibiu RO,Utilities,ENEL*FACT
PMT POS BIO ROMANIA Galati RID:34521,Groceries,Bio Romania
Plata cu cardul BLACK CAB Mall Vitan #14,Transport,Black Cab
PURCHASE Caru' cu Bere Branch 12 #001,Restaurants,Caru' cu Bere
Achizitie Saxo Bank trade Branch 12 #221,Investments,Saxo Bank trade
POS mini market pipera Drumul Taberei RID:34521,Groceries,Mini Market Pipera
Cumparare Kraken purchase Floreasca RID:34521,Investments,Kraken purchase
hard rock cafe Mall Vitan #14,Restaurants,Hard Rock Cafe
PURCHASE BISTRO VINTAGE Park Lake,Restaurants,Bistro Vintage
POS Apometru index AFI Cotroceni #4321,Utilities,Apometru index
Plata POS MADO PASTRY & COFFEE Park Lake #4321,Restaurants,Mado Pastry & Coffee
Achizitie UPWORK PAYOUT Galati #14,Salary,Upwork payout
PMT POS P2P crypto exchange Mall Vitan AUT:887412,Investments,P2P crypto exchange
POS Service Telefon Park Lake (RO),Other,Service Telefon
PURCHASE Bilet avion online EU RO,Travel,Bilet avion online
Achizitie ORANGE ROMANIA Branch 12 AUT:887412,Utilities,Orange Romania
POS Claude Pro Cluj #221,Subscriptions,Claude Pro
CHIRIE LUNA IULIE Mall #221,Housing,Chirie luna iulie
Cumparare krispy kreme Bucuresti 12345,Restaurants,Krispy Kreme
Achizitie REZERVARE HOTEL BRASOV Vitan #001,Travel,Rezervare hotel Brasov
PMT POS niro market Drumul Taberei #001,Groceries,Niro Market
Plata POS Google One Cluj #001,Subscriptions,Google One
Achizitie Mentenanta lift Branch 12 #4321,Housing,Mentenanta lift
Achizitie FREENOW RO AUT:887412,Transport,FreeNow
Plata POS Onorariu consultanta Online #4321,Salary,Onorariu consultanta
PURCHASE Trader Joe's Bucuresti (RO),Groceries,Trader Joe's
KENTUCKY FRIED CHICKEN Downtown #221,Restaurants,Kentucky Fried Chicken
SUSHI NOW Sun Plaza #14,Restaurants,Sushi Now
POS BlackRock iShares Drumul Taberei RO,Investments,BlackRock iShares
PMT POS Costa Coffee Cotroceni 12345,Restaurants,Costa Coffee
PURCHASE Turkish Airlines Ploiesti RID:34521,Travel,Turkish Airlines
Plata POS pub drumul taberei Brasov #221,Restaurants,Pub Drumul Taberei
Achizitie BOLT SCOOTER Brasov #221,Transport,Bolt Scooter
Achizitie MEDICOVER ROMANIA Mall #4321,Health,Medicover Romania
PMT POS Hotel Hilton Sibiu Constanta #4321,Travel,Hotel Hilton Sibiu
SINSAY Cluj AUT:887412,Other,Sinsay
POS burger van EU,Restaurants,Burger Van
POS CROITORIE DE LUX Store 04 #001,Other,Croitorie de Lux
P2P crypto exchange Sibiu #001,Investments,P2P crypto exchange
Plata POS hotel crowne plaza RO RO,Travel,Hotel Crowne Plaza
POS SCHIMB VALUTAR BCR Branch 12 AUT:887412,Transfer,Schimb valutar BCR
PMT POS 1PASSWORD FAMILY Brasov AUT:887412,Subscriptions,1Password Family
Plata cu cardul PayPal transfer Online RO,Transfer,PayPal transfer
parcare aeroport otopeni Online (RO),Transport,Parcare Aeroport Otopeni
Cumparare Fond mutual BT Asset Mgmt Mall Vitan #001,Investments,Fond mutual BT Asset Mgmt
POS SERVICE GSM Downtown #14,Other,Service GSM
PMT POS INSTALATOR URGENTA Timisoara #4321,Housing,Instalator urgenta
Plata cu cardul UPC ROMANIA Downtown #4321,Utilities,UPC Romania
Achizitie macromex Bucharest RO,Groceries,Macromex
POS About You Vitan AUT:887412,Other,About You
PMT DIRECT DEPOSIT TECH RO #221,Salary,Direct Deposit Tech
PMT OPERA BUCURESTI Online #221,Entertainment,Opera Bucuresti
Claude.ai Mall (RO),Subscriptions,Claude.ai
POS IMOBILIARE.RO LISTARE Pipera AUT:887412,Housing,Imobiliare.ro listare
PMT POS ROBLOX SUBSCRIPTION Downtown RO,Entertainment,Roblox subscription
PMT POS ING HOME'BANK TRANSFER Branch 12 #14,Transfer,ING Home'Bank transfer
PURCHASE PENSIUNE SINAIA Cotroceni RID:34521,Travel,Pensiune Sinaia
Plata POS RATBV Brasov Branch 12 AUT:887412,Transport,RATBV Brasov
Plata cu cardul LENTILE CONTACT ONLINE Ploiesti RO,Health,Lentile contact Online
CADOU ONLINE Center 12345,Other,Cadou online
PMT Iberia Center #221,Travel,Iberia
CFR CALATORI RO RID:34521,Transport,CFR Calatori
PMT FreeNow Mall #001,Transport,FreeNow
Cumparare British Airways Galati (RO),Travel,British Airways
POS enel*fact Center (RO),Utilities,ENEL*FACT
Plata POS Trattoria il Calcio Online #221,Restaurants,Trattoria il Calcio
Plata POS HOSTEL FRIENDS AFI Cotroceni RID:34521,Travel,Hostel Friends
POS Salad Box Sun Plaza #221,Restaurants,Salad Box
Achizitie Bolt Scooter Online AUT:887412,Transport,Bolt Scooter
Cumparare OpenAI ChatGPT Branch 12 RO,Subscriptions,OpenAI ChatGPT
Plata cu cardul asigurare apartament Galati,Housing,Asigurare apartament
ADIDAS STORE Vitan RID:34521,Other,Adidas store
PURCHASE CARD CADOU EMAG Bucharest 12345,Other,Card cadou eMAG
PMT POS întreținere casa Aviatorilor RID:34521,Housing,Întreținere casa
PURCHASE Tour ghidat Roma Aviatorilor 12345,Travel,Tour ghidat Roma
PURCHASE RENT MAY Sun Plaza #221,Housing,RENT MAY
Plata cu cardul Claude Pro Bucharest 12345,Subscriptions,Claude Pro
POS SERVICE LAPTOP Online #001,Other,Service Laptop
PURCHASE Incasare de la Ion Brasov RO,Transfer,Incasare de la Ion
BOOTCAMP CODING Sun Plaza #001,Education,Bootcamp Coding
Plata cu cardul JD Sports Mall #001,Other,JD Sports
Plata POS CINEMA CITY Online #001,Entertainment,Cinema City
PMT POS Norwegian Air Pipera RO,Travel,Norwegian Air
PURCHASE Cabinet Dermatologie Downtown #221,Health,Cabinet Dermatologie
PIZZERIA PRESTO Cluj RID:34521,Restaurants,Pizzeria Presto
Carwash Express Oradea AUT:887412,Transport,Carwash Express
Achizitie decont salarial ROM 12345,Salary,Decont salarial
Cumparare AUTO SERVICE PITESTI Cluj #14,Transport,Auto Service Pitesti
PURCHASE BURSA DE STUDII Downtown RO,Education,Bursa de studii
ase bucuresti AFI Cotroceni AUT:887412,Education,ASE Bucuresti
opera bucuresti Store 04 #221,Entertainment,Opera Bucuresti
Cumparare RATBV Brasov Floreasca #001,Transport,RATBV Brasov
Achizitie Direct Deposit Payroll Mall RO,Salary,Direct Deposit Payroll
Achizitie billa Brasov RO,Groceries,Billa
PURCHASE teatrul national Aviatorilor #4321,Entertainment,Teatrul National
Cumparare FACTURA INTERNET Galati RID:34521,Utilities,Factura internet
PMT WORDPRESS.COM PREMIUM Center,Subscriptions,WordPress.com Premium
PMT metamask transaction Promenada 12345,Investments,MetaMask transaction
Profi Mall Vitan RO,Groceries,Profi
Plata cu cardul APPLE MUSIC Pipera #221,Subscriptions,Apple Music
PMT POS Profi Vitan RO,Groceries,Profi
PURCHASE DIRECT DEPOSIT TECH AFI Cotroceni #001,Salary,Direct Deposit Tech
Plata cu cardul RATA IPOTECA Bucuresti RO,Housing,Rata ipoteca
PMT POS stb bucuresti Timisoara AUT:887412,Transport,STB Bucuresti
Plata POS ROVINIETE ONLINE Promenada,Transport,Roviniete Online
Plata cu cardul Pizza Hut Mall Vitan,Restaurants,Pizza Hut
SCHIMB VALUTAR BCR Bucharest (RO),Transfer,Schimb valutar BCR
domino's Mall 12345,Restaurants,Domino's
Plata POS Tichete masa Sodexo Sun Plaza AUT:887412,Salary,Tichete masa Sodexo
POS STARBUCKS COFFEE EU AUT:887412,Restaurants,STARBUCKS COFFEE
Plata POS Cabinet Stomatologic Smile RO,Health,Cabinet Stomatologic Smile
Achizitie MOL GROUP EU 12345,Transport,MOL Group
Cumparare BOWLING COSMOS Iasi (RO),Entertainment,Bowling Cosmos
PURCHASE TRANSFER IN EUR Branch 12 AUT:887412,Transfer,Transfer in EUR
Plata cu cardul steam wallet Branch 12 #001,Entertainment,Steam Wallet
Plata POS Autostrada A1 Store 04 #14,Transport,Autostrada A1
Achizitie Patiserie Boulangerie Mall (RO),Other,Patiserie Boulangerie
POS Salariu luna iunie Sun Plaza (RO),Salary,Salariu luna iunie
Plata POS OMV PetrolStation Bucuresti #14,Transport,OMV PetrolStation
add money revolut Vitan #001,Transfer,Add money Revolut
google storage Bucharest #14,Subscriptions,Google Storage
PURCHASE ENGIE FACT Bucuresti #4321,Utilities,ENGIE FACT
POS MCDS Downtown #4321,Restaurants,MCDS
Plata POS Speakeasy Ploiesti #4321,Restaurants,Speakeasy
Plata cu cardul SPITALUL ELIAS Center #4321,Health,Spitalul Elias
Plata cu cardul IKEA BUCURESTI Online RID:34521,Other,IKEA Bucuresti
Cumparare YOUTUBE MUSIC ROM RID:34521,Subscriptions,YouTube Music
SUBWAY SANDWICH Baneasa AUT:887412,Restaurants,SUBWAY SANDWICH
Plata POS PATREON MEMBERSHIP Pipera,Subscriptions,Patreon membership
Plata cu cardul libraria humanitas Downtown #221,Education,Libraria Humanitas
POS Discord Nitro Bucharest RO,Entertainment,Discord Nitro
PMT Carrefour City Center #14,Groceries,Carrefour City
PMT CABINET FAMILIE DR. POPESCU Brasov (RO),Health,Cabinet Familie Dr. Popescu
PMT POS office 365 Vitan (RO),Subscriptions,Office 365
Cumparare Clinica Polisano Promenada #001,Health,Clinica Polisano
Achizitie Salariu luna iunie Pipera #4321,Salary,Salariu luna iunie
Achizitie aliexpress order Downtown #001,Other,Aliexpress order
PMT POS Asigurare casa Allianz Bucharest RID:34521,Housing,Asigurare casa Allianz
PURCHASE Trivago Aviatorilor #4321,Travel,Trivago
PMT LUFTHANSA Branch 12 RID:34521,Travel,Lufthansa
Plata cu cardul TAXI CRIS Mall Vitan RID:34521,Transport,Taxi Cris
PMT Bringo ROM AUT:887412,Restaurants,Bringo
Cumparare eToro buy Branch 12,Investments,eToro buy
Plata POS TRATTORIA BUONGIORNO Online #221,Restaurants,Trattoria Buongiorno
Achizitie CAUCIUCURI PREMIUM Mall #001,Transport,Cauciucuri Premium
PMT CEZ Vanzare Brasov #4321,Utilities,CEZ Vanzare
POS Apa Cluj Ploiesti #14,Utilities,Apa Cluj
Cumparare Bricolaj Dedeman EU,Other,Bricolaj Dedeman
Plata POS rcs-rds Store 04 (RO),Utilities,RCS-RDS
POS AWS billing Iasi (RO),Subscriptions,AWS billing
Cinema City AFI Iasi AUT:887412,Entertainment,Cinema City AFI
Plata cu cardul Bolt Food Center 12345,Restaurants,Bolt Food
Achizitie carrefour.ro online EU 12345,Groceries,Carrefour.ro online
PURCHASE EXCURSIE ITALIA Vitan #221,Travel,Excursie Italia
APPLE.COM/BILL Oradea RID:34521,Subscriptions,Apple.com/bill
Achizitie ROYALTY PAYMENT AMAZON Mall Vitan #14,Salary,Royalty payment Amazon
Plata POS Pilates studio Sibiu RO,Health,Pilates studio
POS PAYPAL PAYOUT Center,Transfer,PayPal payout
Cumparare Diurnă deplasare Timisoara RID:34521,Salary,Diurnă deplasare
Achizitie caru' cu bere Cluj #001,Restaurants,Caru' cu Bere
Cumparare Wise FX Vitan RO,Transfer,Wise FX
Plata POS Casa Inteligenta administrare Center #14,Housing,Casa Inteligenta administrare
Plata cu cardul TELEKOM ROMANIA Center,Utilities,Telekom Romania
PURCHASE Biletul Sportiv Mall RO,Entertainment,Biletul Sportiv
Achizitie Pizzeria Presto AFI Cotroceni,Restaurants,Pizzeria Presto
POS Salon Coafor Mall #14,Other,Salon Coafor
Plata cu cardul Lensa.ro RO,Health,Lensa.ro
Plata cu cardul Audible Downtown RO,Subscriptions,Audible
Plata POS Metrorex Abonament Bucuresti #001,Transport,Metrorex Abonament
YouTube Premium Bucharest #4321,Subscriptions,YouTube Premium
Plata POS wok to walk Brasov AUT:887412,Restaurants,Wok to Walk
PURCHASE ALIMENTARAXPRESS Bucharest #14,Groceries,AlimentaraXpress
PMT TAXI PELICANUL ROM #4321,Transport,Taxi Pelicanul
PMT New Yorker ROM RID:34521,Other,New Yorker
Achizitie COFETARIA DELICE Brasov (RO),Other,Cofetaria Delice
PURCHASE eventim bilet Sibiu AUT:887412,Entertainment,Eventim Bilet
Plata POS Raiffeisen virament Iasi #001,Transfer,Raiffeisen virament
POS profi Mall Vitan 12345,Groceries,Profi
Cumparare Burger Van Galati #14,Restaurants,Burger Van
PMT Evomag Drumul Taberei (RO),Other,Evomag
Plata cu cardul wolt Vitan #221,Restaurants,Wolt
PMT ratbv brasov RO (RO),Transport,RATBV Brasov
Cumparare sushi now Sun Plaza (RO),Restaurants,Sushi Now
Plata POS Transfer in lei Pipera RID:34521,Transfer,Transfer in lei
Cumparare CURATATORIE CHIMICA Cotroceni (RO),Other,Curatatorie chimica
Achizitie Airbnb EU AUT:887412,Travel,Airbnb
Plata POS SPALATORIE AUTO Sibiu 12345,Transport,Spalatorie Auto
POS Camera din Fata Drumul Taberei RID:34521,Restaurants,Camera din Fata
Cumparare PROFI Galati #221,Groceries,Profi
Achizitie Libraria Humanitas Bucharest #4321,Education,Libraria Humanitas
Plata POS Mado Pastry & Coffee Store 04 #4321,Restaurants,Mado Pastry & Coffee
Plata cu cardul Hanu lui Manuc EU RO,Restaurants,Hanu lui Manuc
Plata POS ENGIE GAZNATURALE EU RO,Utilities,Engie GazNaturale
Plata POS Taco Bell Brasov (RO),Restaurants,Taco Bell
PMT Caru' cu Bere Iasi RID:34521,Restaurants,Caru' cu Bere
Plata POS Taxa scolarizare licenta Sibiu #4321,Education,Taxa scolarizare licenta
PMT POS DATACAMP PREMIUM ROM #221,Education,DataCamp Premium
Plata cu cardul Spotify Iasi RO,Subscriptions,Spotify
PMT sala palatului concert Promenada (RO),Entertainment,Sala Palatului concert
Plata POS rompetrol statie Mall RID:34521,Transport,Rompetrol Statie
Achizitie M60 Coffee Mall #4321,Restaurants,M60 Coffee
taxi cris Pipera #221,Transport,Taxi Cris
Plata POS MedLife AFI Cotroceni (RO),Health,MedLife
POS Festival Electric Castle Sun Plaza AUT:887412,Entertainment,Festival Electric Castle
Cumparare COLEGIUL MIHAI VITEAZUL Mall #14,Education,Colegiul Mihai Viteazul
Achizitie PIZZERIA BONITA Mall RO,Restaurants,Pizzeria Bonita
POS COMPENSATIE SPORT 7CARD Bucuresti #001,Salary,Compensatie sport 7card
PMT MAGAZIN ANIMALE COMPANIE Promenada,Other,Magazin Animale Companie
Cumparare Epic Games Store Promenada (RO),Entertainment,Epic Games Store
Plata POS Diurnă deplasare Galati RO,Salary,Diurnă deplasare
PMT CLOUDFLARE PRO Floreasca (RO),Subscriptions,Cloudflare Pro
Nintendo eShop Brasov 12345,Entertainment,Nintendo eShop
PURCHASE 1password Online,Subscriptions,1Password
POS Booking.com Online #4321,Travel,Booking.com
Plata POS ENGIE FACT Park Lake #221,Utilities,ENGIE FACT
Plata cu cardul COFFEE SHOP BOHEMIA Mall Vitan 12345,Restaurants,Coffee Shop Bohemia
PURCHASE storia.ro listare Downtown #14,Housing,Storia.ro listare
MINI MARKET PIPERA Cluj RO,Groceries,Mini Market Pipera
PMT POS Asociatie locatari Center AUT:887412,Housing,Asociatie locatari
Achizitie Booking.com Downtown RO,Travel,Booking.com
diurnă deplasare ROM #4321,Salary,Diurnă deplasare
Plata POS Facultatea de Informatica Cluj #4321,Education,Facultatea de Informatica
Achizitie chirie luna iunie Baneasa AUT:887412,Housing,Chirie luna iunie
PURCHASE Hidroelectrica vanzare Bucuresti (RO),Utilities,Hidroelectrica vanzare
DROPBOX PLUS Bucharest #4321,Subscriptions,Dropbox Plus
POS OMV Galati RID:34521,Transport,OMV
Bilete fotbal Steaua RO #001,Entertainment,Bilete fotbal Steaua
Plata POS RATBV Brasov Drumul Taberei RID:34521,Transport,RATBV Brasov
cinema city afi Bucharest #4321,Entertainment,Cinema City AFI
Plata cu cardul Metroul Bucuresti Park Lake #221,Transport,Metroul Bucuresti
PURCHASE Compensatie sport 7card Downtown #001,Salary,Compensatie sport 7card
POS Hipmenu RO RID:34521,Restaurants,Hipmenu
Plata cu cardul DataCamp Premium Cluj 12345,Education,DataCamp Premium
PMT Steam Wallet Constanta (RO),Entertainment,Steam Wallet
ONORARIU CONSULTANTA EU RO,Salary,Onorariu consultanta
Uber Eats Constanta RO,Restaurants,Uber Eats
Plata POS CITY TOUR LISBON Galati 12345,Travel,City tour Lisbon
Plata cu cardul Direct Deposit Payroll Oradea (RO),Salary,Direct Deposit Payroll
POS Vel Pitar Floreasca #221,Groceries,Vel Pitar
Plata POS Payroll May 2026 Store 04 (RO),Salary,Payroll May 2026
PMT Migros EU 12345,Groceries,Migros
Achizitie avans chirie Vitan 12345,Housing,Avans chirie
PURCHASE cfr bilet online Timisoara RO,Transport,CFR Bilet Online
Achizitie p2p payment ana Brasov AUT:887412,Transfer,P2P payment Ana
Plata cu cardul Tichete vacanta Bucuresti #4321,Salary,Tichete vacanta
PMT POS Chirie luna mai Center (RO),Housing,Chirie luna mai
Achizitie FIGMA PROFESSIONAL Park Lake #221,Subscriptions,Figma Professional
Plata cu cardul SALARIU NET MAI Sun Plaza RO,Salary,Salariu Net Mai
gaze naturale romania Bucharest #14,Utilities,Gaze Naturale Romania
POS DOMO ROMANIA Aviatorilor #001,Other,Domo Romania
Plata POS decont deplasare Brasov RID:34521,Salary,Decont deplasare
PURCHASE Asigurare casa Allianz Park Lake 12345,Housing,Asigurare casa Allianz
Cumparare Autostrada A1 Promenada (RO),Transport,Autostrada A1
PMT POS Chirie luna iunie Baneasa,Housing,Chirie luna iunie
POS Caru' cu Bere Bucharest #4321,Restaurants,Caru' cu Bere
Plata POS VULCANIZARE AUTO ROM (RO),Transport,Vulcanizare Auto
POS EMAG Drumul Taberei,Other,eMAG
PURCHASE Cinema City Vitan #221,Entertainment,Cinema City
PMT POS DM Bucuresti #001,Groceries,DM
Cumparare XPRESS Market Brasov #14,Groceries,XPRESS Market
Cumparare Rezervare hotel Predeal Mall,Travel,Rezervare hotel Predeal
Cumparare Optica Optiblu Center AUT:887412,Health,Optica Optiblu
Achizitie Tim Hortons RO #221,Restaurants,Tim Hortons
Cumparare Farmacia 24h Iasi #001,Health,Farmacia 24h
Cumparare NINTENDO ESHOP Online 12345,Entertainment,Nintendo eShop
Achizitie editura humanitas Floreasca #14,Education,Editura Humanitas
PMT POS Chef Burger Branch 12,Restaurants,Chef Burger
POS Reparatii instalatie sanitara Online 12345,Housing,Reparatii instalatie sanitara
PMT POS ING HOME'BANK TRANSFER Floreasca RO,Transfer,ING Home'Bank transfer
Plata cu cardul LIBRARIA MIHAI EMINESCU Mall Vitan #221,Education,Libraria Mihai Eminescu
Tarom flight Sibiu (RO),Transport,Tarom flight
PMT POS Service Telefon Constanta,Other,Service Telefon
Plata cu cardul Frontend Masters subscription Aviatorilor #14,Education,Frontend Masters subscription
Achizitie UBER AFI Cotroceni AUT:887412,Transport,Uber
NETFLIX RO #4321,Subscriptions,Netflix
POS TAXI COBALCESCU Downtown #001,Transport,Taxi Cobalcescu
Revolut top-up Timisoara (RO),Transfer,Revolut top-up
PMT Schimb valutar Raiffeisen Park Lake #001,Transfer,Schimb valutar Raiffeisen
Plata cu cardul edX Microsoft Sun Plaza RID:34521,Education,edX Microsoft
POS Pensie facultativa NN EU RO,Investments,Pensie facultativa NN
Cumparare Pub Drumul Taberei Brasov #001,Restaurants,Pub Drumul Taberei
POS ALBINUTA MAGAZIN Cluj,Groceries,Albinuta Magazin
PMT CHARLES SCHWAB ROM,Investments,Charles Schwab
Casa Inteligenta administrare Cluj RO,Housing,Casa Inteligenta administrare
PURCHASE adidas store Cotroceni #14,Other,Adidas store
PURCHASE Avans chirie Bucharest RID:34521,Housing,Avans chirie
PMT mcdonald's Branch 12,Restaurants,McDonald's
PURCHASE Vivre.ro ROM,Other,Vivre.ro
Plata POS RAMSES SUSHI Bucuresti 12345,Restaurants,Ramses Sushi
PMT POS Patiserie Boulangerie Sun Plaza RO,Other,Patiserie Boulangerie
PMT rompetrol Downtown (RO),Transport,Rompetrol
Achizitie COURSERA SPECIALIZATION Baneasa 12345,Education,Coursera Specialization
PMT POS BEANS & DOTS Online RID:34521,Restaurants,Beans & Dots
Plata POS Transfer Revolut to BCR Floreasca (RO),Transfer,Transfer Revolut to BCR
PMT STEAM Constanta RID:34521,Entertainment,Steam
parcare aeroport otopeni Pipera #221,Transport,Parcare Aeroport Otopeni
PURCHASE h&m magazin Downtown #001,Other,H&M magazin
Plata POS BVB tranzactie Park Lake #001,Investments,BVB tranzactie
PMT Yango Vitan #001,Transport,Yango
PMT Apple.com/bill Branch 12 RID:34521,Subscriptions,Apple.com/bill
Achizitie marketul de cartier Promenada AUT:887412,Groceries,Marketul de Cartier
Plata cu cardul Adobe Premiere Pro home Brasov RID:34521,Entertainment,Adobe Premiere Pro home
Plata cu cardul Apple One RO,Subscriptions,Apple One
Cumparare Bitwarden Premium Promenada RO,Subscriptions,Bitwarden Premium
PMT Sala Palatului concert Promenada #221,Entertainment,Sala Palatului concert
Plata cu cardul ASIGURARE TRAVEL CITY Sun Plaza,Travel,Asigurare travel City
Roviniete Online Mall RID:34521,Transport,Roviniete Online
Plata cu cardul EMAG Cotroceni #001,Other,eMAG
POS Orange Romania AFI Cotroceni AUT:887412,Utilities,Orange Romania
PMT POS max.com Baneasa (RO),Subscriptions,Max.com
Cumparare Starbucks Branch 12 (RO),Restaurants,Starbucks
Plata cu cardul service gsm AFI Cotroceni #221,Other,Service GSM
Achizitie OpenAI ChatGPT Center #001,Subscriptions,OpenAI ChatGPT
Cumparare TELEKOM MOBILE Store 04 #221,Utilities,Telekom Mobile
Renfe Timisoara #4321,Transport,Renfe
PURCHASE emirates Aviatorilor AUT:887412,Travel,Emirates
Achizitie Farmacia Catena Bucharest #001,Health,Farmacia Catena
Plata POS wendys Timisoara RO,Restaurants,Wendys
COURSERA SPECIALIZATION Park Lake 12345,Education,Coursera Specialization
BT transfer Pipera #14,Transfer,BT transfer
POS bank to bank swift Branch 12 (RO),Transfer,Bank to bank SWIFT
PMT POS MetaMask transaction Oradea AUT:887412,Investments,MetaMask transaction
PMT ALTEX.RO Vitan,Other,Altex.ro
Compensatie sport 7card Downtown RO,Salary,Compensatie sport 7card
POS ProtonMail Constanta 12345,Subscriptions,ProtonMail
Cumparare Fiverr payout Branch 12 (RO),Salary,Fiverr payout
GREGGS EU 12345,Restaurants,Greggs
PMT POS sepa credit transfer Online #4321,Transfer,SEPA Credit Transfer
PMT POS farmacia 24h Galati #221,Health,Farmacia 24h
POS Amazon.com Baneasa #001,Other,Amazon.com
Plata POS BURGER VAN Drumul Taberei AUT:887412,Restaurants,Burger Van
Plata cu cardul GetYourGuide tur Pipera #221,Travel,GetYourGuide tur
PMT POS Pizza Hut Mall #221,Restaurants,Pizza Hut
PMT POS PATREON MEMBERSHIP Branch 12 RO,Subscriptions,Patreon membership
Plata POS lufthansa Ploiesti #14,Travel,Lufthansa
PURCHASE SURFSHARK VPN AFI Cotroceni #4321,Subscriptions,Surfshark VPN
PURCHASE AeroItalia Timisoara #001,Travel,AeroItalia
PMT FRIZERIE OLD SCHOOL Center #221,Other,Frizerie Old School
Cumparare PLATA ONLINE GENERIC ROM #221,Other,Plata online generic
PMT Loft Cafe EU #4321,Restaurants,Loft Cafe
Plata POS icloud storage 200gb Store 04 #14,Subscriptions,iCloud Storage 200GB
Plata POS Sushi to Go Bucharest RO,Restaurants,Sushi to Go
PMT POS STB Bucuresti Park Lake RO,Transport,STB Bucuresti
Frontend Masters subscription Oradea #14,Education,Frontend Masters subscription
PMT POS CABINET STOMATOLOGIC BRIGHT Floreasca #001,Health,Cabinet Stomatologic Bright
Achizitie SOCAR Mall #14,Transport,SOCAR
Plata POS REGINA MARIA Mall RID:34521,Health,Regina Maria
Cumparare MORTGAGE PAYMENT Pipera #4321,Housing,Mortgage payment
Achizitie VERCEL PRO Mall Vitan AUT:887412,Subscriptions,Vercel Pro
Plata cu cardul Bootcamp Data Science Drumul Taberei AUT:887412,Education,Bootcamp Data Science
ORANGE FIX Drumul Taberei 12345,Utilities,Orange Fix
Achizitie LUKOIL Constanta #4321,Transport,Lukoil
Plata cu cardul Springtime EU RID:34521,Restaurants,Springtime
Achizitie Salariu ACME SRL Drumul Taberei #001,Salary,Salariu ACME SRL
PURCHASE AeroFlot EU AUT:887412,Travel,AeroFlot
Achizitie Escape Room Adventure Park Lake RID:34521,Entertainment,Escape Room Adventure
PMT POS ORANGE FIX Aviatorilor RID:34521,Utilities,Orange Fix
PMT Udemy Bucharest,Education,Udemy
Plata cu cardul up card Cotroceni #221,Other,Up Card
Cumparare libraria mihai eminescu ROM,Education,Libraria Mihai Eminescu
Plata POS MOL Romania Brasov RO,Transport,MOL Romania
Plata cu cardul iaBilet concert Bucharest #4321,Entertainment,iaBilet concert
Plata POS Patiserie Parisul Online #001,Other,Patiserie Parisul
PMT Chirie apartament Pipera 12345,Housing,Chirie apartament
PMT ORANGE ROMANIA Cluj (RO),Utilities,Orange Romania
Plata POS FARMACIA TEI Aviatorilor,Health,Farmacia Tei
Plata POS XTB DEPOSIT Floreasca #14,Investments,XTB deposit
PMT PAYSLIP ACME SRL Downtown 12345,Salary,Payslip ACME SRL
POS BRICOLAJ DEDEMAN Mall Vitan RO,Other,Bricolaj Dedeman
PMT POS METROUL BUCURESTI Center #14,Transport,Metroul Bucuresti
Plata cu cardul BURGER KING EU RID:34521,Restaurants,Burger King
PMT Beraria H Drumul Taberei (RO),Restaurants,Beraria H
PMT orange romania fixed Drumul Taberei RO,Utilities,Orange Romania Fixed
POS linear app RO,Subscriptions,Linear App
PMT POS Orange PrePay Galati #221,Utilities,Orange PrePay
BAUMAX RO #001,Other,BAUMAX
Plata POS RAMSES SUSHI RO,Restaurants,Ramses Sushi
PURCHASE BURGER KING Drumul Taberei RID:34521,Restaurants,Burger King
PMT CINEMA CITY PROMENADA Vitan #001,Entertainment,Cinema City Promenada
PURCHASE bolt food Park Lake #221,Restaurants,Bolt Food
POS rezervare airbnb cluj Baneasa 12345,Travel,Rezervare Airbnb Cluj
Plata cu cardul Hotel Marriott Bucuresti EU RO,Travel,Hotel Marriott Bucuresti
POS Spalatorie Auto Mall Vitan (RO),Transport,Spalatorie Auto
PMT Hotel Caro Drumul Taberei AUT:887412,Travel,Hotel Caro
POS SALARY EMPLOYER Drumul Taberei #4321,Salary,SALARY EMPLOYER
PMT POS cfr bilet online EU #221,Transport,CFR Bilet Online
PMT CAMIN BUCURESTI Online RO,Education,Camin Bucuresti
Plata cu cardul salariu acme srl Branch 12 (RO),Salary,Salariu ACME SRL
Plata POS Dr Dentist Downtown AUT:887412,Health,Dr Dentist
Plata cu cardul Hotel Marriott Bucuresti Galati #001,Travel,Hotel Marriott Bucuresti
Plata cu cardul Gazprom Downtown RO,Transport,Gazprom
PMT FMI UBB Sun Plaza #4321,Education,FMI UBB
SPOTIFY FAMILY ROM #001,Subscriptions,Spotify Family
PMT POS pret a manger Mall 12345,Restaurants,Pret a Manger
PMT POS CINEMA CITY AFI Mall Vitan #221,Entertainment,Cinema City AFI
PMT POS Vietnameza Pipera Park Lake #4321,Restaurants,Vietnameza Pipera
Plata cu cardul Evernote Personal Sibiu,Subscriptions,Evernote Personal
PURCHASE p2p crypto exchange Cotroceni,Investments,P2P crypto exchange
Plata POS Orange Romania Mall (RO),Utilities,Orange Romania
Plata cu cardul Sixt Rent a Car Promenada RO,Travel,Sixt Rent a Car
Achizitie WHOLE FOODS MARKET Branch 12 #221,Groceries,Whole Foods Market
POS Cosmetic & Food Shop Floreasca RID:34521,Groceries,Cosmetic & Food Shop
PURCHASE Pensiune Bran Drumul Taberei #221,Travel,Pensiune Bran
POS Penny Floreasca RO,Groceries,Penny
Plata cu cardul La Brutaria Promenada #14,Restaurants,La Brutaria
PURCHASE Cinemax Iulius Mall Promenada #14,Entertainment,Cinemax Iulius Mall
Bursa Bucuresti BVB Bucharest,Investments,Bursa Bucuresti BVB
Plata cu cardul Service GSM Mall (RO),Other,Service GSM
PURCHASE Burger Van ROM #14,Restaurants,Burger Van
Plata cu cardul FIDELITY INVEST Downtown #4321,Investments,Fidelity Invest
Mega Image Shop&Go Store 04 (RO),Groceries,Mega Image Shop&Go
PURCHASE UBER Ploiesti #221,Transport,Uber
Plata POS Payroll June 2026 Online RID:34521,Salary,Payroll June 2026
POS MAILCHIMP STANDARD Drumul Taberei #14,Subscriptions,Mailchimp Standard
POS KARAOKE BAR AVANT Cluj #221,Entertainment,Karaoke Bar Avant
Auchan Online RO,Groceries,Auchan
Plata cu cardul Caffe del Sud Vitan #001,Restaurants,Caffe del Sud
Plata POS APA NOVA Baneasa RO,Utilities,Apa Nova
Achizitie Asigurare travel City Cotroceni RO,Travel,Asigurare travel City
Achizitie mega bio Floreasca 12345,Groceries,Mega Bio
POS Comision agentie imobiliara Cotroceni RID:34521,Housing,Comision agentie imobiliara
POS DataCamp Park Lake #4321,Education,DataCamp
PURCHASE INCASARE DE LA MARIA ROM #14,Transfer,Incasare de la Maria
PMT POS RAIFFEISEN VIRAMENT Aviatorilor #4321,Transfer,Raiffeisen virament
PMT BT transfer Oradea 12345,Transfer,BT transfer
Plata cu cardul Schimb valutar Raiffeisen Mall Vitan RO,Transfer,Schimb valutar Raiffeisen
Plata cu cardul Macromex Cotroceni #4321,Groceries,Macromex
Plata POS MAGAZIN MIXT Oradea AUT:887412,Groceries,Magazin Mixt
Achizitie UBER*TRIP Oradea (RO),Transport,UBER*TRIP
FIVERR PAYOUT EU #001,Salary,Fiverr payout
PMT ISERVICE APPLE Promenada RO,Other,iService Apple
Cumparare Taxa scolarizare licenta Center #221,Education,Taxa scolarizare licenta
PMT POS Dropbox Family Store 04 (RO),Subscriptions,Dropbox Family
Cumparare AVIS RENT Store 04 12345,Travel,Avis Rent
Plata POS CEC BANK TRANSFER Center #001,Transfer,CEC Bank transfer
Plata cu cardul MARIONNAUD Park Lake AUT:887412,Other,Marionnaud
Plata POS BANCA TRANSILVANIA TRANSFER RO #001,Transfer,Banca Transilvania transfer
Plata cu cardul Macromex Center AUT:887412,Groceries,Macromex
Cumparare ShopMagazin Sibiu #14,Groceries,ShopMagazin
Achizitie Plata chirie Bucuresti,Housing,Plata chirie
Plata POS RENT JULY ROM #001,Housing,RENT JULY
Cumparare STOCK PURCHASE MSFT Branch 12 RID:34521,Investments,Stock purchase MSFT
WALMART GROCERY Drumul Taberei #14,Groceries,Walmart Grocery
PMT Curatenie apartament Sun Plaza,Housing,Curatenie apartament
POS PLATA CHIRIE Pipera 12345,Housing,Plata chirie
Cumparare CHIRIE LUNA IULIE Store 04 #001,Housing,Chirie luna iulie
Cumparare udemy course Oradea #221,Education,Udemy Course
Cumparare LICEUL CANTEMIR ROM,Education,Liceul Cantemir
Cumparare TARGUL DE LEGUME Timisoara RO,Groceries,Targul de Legume
PMT Burger King Mall #221,Restaurants,Burger King
PURCHASE Tarom flight Bucharest (RO),Transport,Tarom flight
PURCHASE Netflix Premium Branch 12 12345,Subscriptions,Netflix Premium
PURCHASE Asigurare calatorie Allianz Aviatorilor #14,Travel,Asigurare calatorie Allianz
POS BEANS & DOTS Downtown AUT:887412,Restaurants,Beans & Dots
Achizitie VIRAMENT SALARIU SRL ROM #14,Salary,VIRAMENT SALARIU SRL
Cumparare La Doi Pasi Timisoara #001,Groceries,La Doi Pasi
Plata cu cardul Cinema City EU RID:34521,Entertainment,Cinema City
Plata POS ELECTRICA DISTRIBUTIE EU RO,Utilities,Electrica Distributie
PMT POS chirie luna mai Drumul Taberei #14,Housing,Chirie luna mai
Achizitie CAMIN BUCURESTI Store 04 12345,Education,Camin Bucuresti
5TOGO Center RO,Restaurants,5toGo
Cumparare db bahn Drumul Taberei #14,Transport,DB Bahn
Plata POS garantie chirie Mall Vitan (RO),Housing,Garantie chirie
POS VIRAMENT SALARIU NET Constanta AUT:887412,Salary,VIRAMENT SALARIU NET
POS AEROITALIA Galati #4321,Travel,AeroItalia
AU BON PAIN Center AUT:887412,Restaurants,Au Bon Pain
Plata cu cardul VIRAMENT SALARIU SRL Branch 12 (RO),Salary,VIRAMENT SALARIU SRL
Achizitie Salariu Net Aprilie Online #221,Salary,Salariu Net Aprilie
Achizitie STARBUCKS Iasi #14,Restaurants,Starbucks
PMT Codecademy Sibiu 12345,Education,Codecademy
POS Kraken buy Oradea #4321,Investments,Kraken buy
PMT POS Synevo Labs Online #4321,Health,Synevo Labs
PMT POS Bursa Bucuresti BVB Center #14,Investments,Bursa Bucuresti BVB
PMT pizzeria 4 amici RO RID:34521,Restaurants,Pizzeria 4 Amici
Plata cu cardul Vulcanizare Auto EU 12345,Transport,Vulcanizare Auto
Plata cu cardul orange romania fixed Center #4321,Utilities,Orange Romania Fixed
Cumparare Kayak EU AUT:887412,Travel,Kayak
Achizitie Bowling Mega Mall Store 04 #14,Entertainment,Bowling Mega Mall
Plata cu cardul Mic.ro Timisoara 12345,Groceries,Mic.ro
PMT salubrizare bucuresti Iasi #221,Utilities,Salubrizare Bucuresti
Plata cu cardul carrefour market Mall Vitan AUT:887412,Groceries,Carrefour Market
Plata POS XTB deposit Pipera AUT:887412,Investments,XTB deposit
PMT RATA CREDIT IPOTECAR Cluj 12345,Housing,Rata credit ipotecar
PMT POS colegiul mihai viteazul Baneasa,Education,Colegiul Mihai Viteazul
PMT Netflix Standard Brasov #001,Subscriptions,Netflix Standard
Plata cu cardul Frizerie Elite RO RID:34521,Other,Frizerie Elite
PMT POS PLATA CHIRIE IULIE Pipera (RO),Housing,Plata chirie iulie
Plata cu cardul STARBUCKS Bucharest AUT:887412,Restaurants,Starbucks
PURCHASE pensiune sinaia Cluj #4321,Travel,Pensiune Sinaia
Cumparare ROMPETROL STATIE Center #001,Transport,Rompetrol Statie
Plata cu cardul Hostelworld ROM #221,Travel,Hostelworld
Plata POS virament bcr catre brd Cluj,Transfer,Virament BCR catre BRD
Plata cu cardul hervis sports Store 04 12345,Other,Hervis Sports
POS Duolingo Super Cotroceni #221,Subscriptions,Duolingo Super
Plata cu cardul British Airways Online #001,Travel,British Airways
Achizitie VULCANIZARE AUTO Mall Vitan AUT:887412,Transport,Vulcanizare Auto
PMT ITP SERVICE Bucharest (RO),Transport,ITP Service
Cumparare hotel athenee palace ROM (RO),Travel,Hotel Athenee Palace
POS achizitie aplicatie ROM RID:34521,Other,Achizitie aplicatie
Achizitie enel romania EU #14,Utilities,Enel Romania
Achizitie EON.RO FACTURA Pipera AUT:887412,Utilities,EON.RO factura
Plata cu cardul Etsy purchase Online RID:34521,Other,Etsy purchase
PURCHASE mado pastry & coffee Floreasca,Restaurants,Mado Pastry & Coffee
Achizitie BLUE AIR Timisoara AUT:887412,Travel,Blue Air
Plata cu cardul Property Manager fees Floreasca 12345,Housing,Property Manager fees
Factura apa RO RID:34521,Utilities,Factura apa
PURCHASE REPARATII INSTALATIE SANITARA Branch 12 RO,Housing,Reparatii instalatie sanitara
asigurare locuinta Center AUT:887412,Housing,Asigurare locuinta
PMT POS Subway EU #14,Restaurants,Subway
Cumparare Western Union transfer Online AUT:887412,Transfer,Western Union transfer
PMT POS Plata chirie iulie Aviatorilor RID:34521,Housing,Plata chirie iulie
PMT POS cofetaria boema Galati RID:34521,Other,Cofetaria Boema
PURCHASE APA NOVA BUCURESTI EU #14,Utilities,Apa Nova Bucuresti
PMT OBB Austria Park Lake (RO),Transport,OBB Austria
Cumparare Bonus performanta Q2 Timisoara #001,Salary,Bonus performanta Q2
PMT POS Treehouse Constanta 12345,Education,Treehouse
PMT POS mega image shop&go Online #4321,Groceries,Mega Image Shop&Go
Achizitie TAROM ROM #4321,Travel,TAROM
Plata POS Stripe payout Center 12345,Salary,Stripe payout
POS digi romania Aviatorilor RO,Utilities,Digi Romania
PMT POS Office 365 Aviatorilor (RO),Subscriptions,Office 365
Achizitie RTEC Constanta Mall #001,Transport,RTEC Constanta
Plata cu cardul Bilete fotbal Dinamo Sibiu,Entertainment,Bilete fotbal Dinamo
Plata POS temu order Store 04 RID:34521,Other,Temu order
Plata POS Spitalul Coltea Downtown #221,Health,Spitalul Coltea
Plata POS Chirie luna iunie Center AUT:887412,Housing,Chirie luna iunie
PMT POS XBOX GAME PASS Bucuresti RO,Entertainment,Xbox Game Pass
PMT POS 1PASSWORD FAMILY Mall AUT:887412,Subscriptions,1Password Family
Plata POS CRYPTO AIRDROP Constanta (RO),Investments,Crypto airdrop
Achizitie mentenanta lift EU (RO),Housing,Mentenanta lift
Cumparare CURATENIE APARTAMENT Constanta #4321,Housing,Curatenie apartament
Plata POS Marketul de Cartier Iasi RID:34521,Groceries,Marketul de Cartier
POS FMI UBB Pipera,Education,FMI UBB
Cumparare AeroItalia AFI Cotroceni #4321,Travel,AeroItalia
Mercadona Mall #221,Groceries,Mercadona
Plata cu cardul domino's Drumul Taberei #001,Restaurants,Domino's
PMT POS iaBilet concert RO #4321,Entertainment,iaBilet concert
Plata POS Opera Nationala Aviatorilor #001,Entertainment,Opera Nationala
PMT POS colegiul national lazar Vitan RO,Education,Colegiul National Lazar
POS Optica Optiblu Floreasca (RO),Health,Optica Optiblu
Tradeville Romania RO RID:34521,Investments,Tradeville Romania
Plata cu cardul brutaria anatolia ROM 12345,Groceries,Brutaria Anatolia
PMT POS RENT MAY Baneasa #14,Housing,RENT MAY
Plata cu cardul 5-TO-GO Mall #4321,Restaurants,5-to-Go
PMT Apa Nova Bucuresti Pipera #221,Utilities,Apa Nova Bucuresti
PMT POS AU BON PAIN Drumul Taberei #221,Restaurants,Au Bon Pain
PMT POS COFFEE PROJECT Store 04 #14,Restaurants,Coffee Project
Plata POS GAZPROM Galati #221,Transport,Gazprom
Cumparare Bonus anual Iasi #4321,Salary,Bonus anual
Achizitie PIZZERIA PRESTO Mall (RO),Restaurants,Pizzeria Presto
PMT Editura Polirom carte Drumul Taberei #4321,Education,Editura Polirom carte
PURCHASE speakeasy RO 12345,Restaurants,Speakeasy
Parcare Aeroport Otopeni Timisoara (RO),Transport,Parcare Aeroport Otopeni
Achizitie hotel athenee palace Center #14,Travel,Hotel Athenee Palace
POS yango Promenada RO,Transport,Yango
Plata POS Starbucks AFI Cotroceni (RO),Restaurants,Starbucks
Plata cu cardul Apa Nova Aviatorilor #001,Utilities,Apa Nova
Plata cu cardul Editura Humanitas Store 04 #14,Education,Editura Humanitas
Plata cu cardul BK Promenada #001,Restaurants,BK
PURCHASE GITHUB PRO Baneasa #221,Subscriptions,GitHub Pro
Plata POS Magazin Mixt Store 04 AUT:887412,Groceries,Magazin Mixt
PMT RADET BUCURESTI Brasov RID:34521,Utilities,Radet Bucuresti
POS DRUMURI NATIONALE Baneasa RID:34521,Transport,Drumuri Nationale
POS Hidroelectrica Mall #001,Utilities,Hidroelectrica
PMT Rezervare Airbnb Cluj Iasi #221,Travel,Rezervare Airbnb Cluj
Achizitie Western Union transfer Timisoara #14,Transfer,Western Union transfer
PMT POS Speakeasy Center #14,Restaurants,Speakeasy
Plata POS Revolut transfer to friend EU #4321,Transfer,Revolut transfer to friend
Cumparare Up Card Online AUT:887412,Other,Up Card
enel energie Center AUT:887412,Utilities,Enel Energie
PMT POS migros Store 04 AUT:887412,Groceries,Migros
Achizitie Cabinet Familie Dr. Popescu Oradea (RO),Health,Cabinet Familie Dr. Popescu
Plata POS TRADING212 DEPOSIT Iasi #001,Investments,Trading212 deposit
PMT BurgerFest Timisoara RO,Restaurants,BurgerFest
Cumparare Hotel Crowne Plaza Mall Vitan #4321,Travel,Hotel Crowne Plaza
Plata cu cardul BlackRock iShares Branch 12 #4321,Investments,BlackRock iShares
PURCHASE Strava Premium Pipera #001,Subscriptions,Strava Premium
PMT DONATIE ONG Timisoara #001,Other,Donatie ONG
Cumparare rat sibiu RO #001,Transport,RAT Sibiu
POS Domino's AFI Cotroceni,Restaurants,Domino's
Cumparare Enterprise Car Rental ROM #4321,Travel,Enterprise Car Rental
PURCHASE WALMART GROCERY Constanta,Groceries,Walmart Grocery
PURCHASE Citire contor Store 04 (RO),Utilities,Citire contor
Cumparare UBER EATS Promenada (RO),Restaurants,Uber Eats
PMT SYNEVO Promenada #221,Health,Synevo
Cumparare DB Bahn Promenada (RO),Transport,DB Bahn
Hipmenu Baneasa AUT:887412,Restaurants,Hipmenu
PURCHASE TICHETE CADOU EDENRED Cotroceni #001,Salary,Tichete cadou Edenred
LEM'S MOBILIER Promenada #14,Other,Lem's mobilier
ROVINIETA Mall #4321,Transport,Rovinieta
Achizitie playstation network RO #001,Entertainment,PlayStation Network
Plata POS REVOLUT TOP-UP Pipera 12345,Transfer,Revolut top-up
Plata cu cardul OTP Bank schimb RO #4321,Transfer,OTP Bank schimb
Plata POS fmi bucuresti Aviatorilor #14,Education,FMI Bucuresti
Plata POS BISTROTECA Bucuresti #001,Restaurants,Bistroteca
Achizitie achizitie aplicatie Branch 12 12345,Other,Achizitie aplicatie
Achizitie omv petrolstation Downtown AUT:887412,Transport,OMV PetrolStation
Achizitie Vanguard ETF Store 04 (RO),Investments,Vanguard ETF
POS BERE SI GRILL Oradea RO,Restaurants,Bere si grill
Cumparare WISE FX Downtown 12345,Transfer,Wise FX
Plata cu cardul douglas magazin Mall Vitan AUT:887412,Other,Douglas magazin
Cumparare Apa Cluj RO #14,Utilities,Apa Cluj
POS Tinder Gold Online AUT:887412,Subscriptions,Tinder Gold
POS BABBEL SUBSCRIPTION Vitan,Subscriptions,Babbel subscription
Achizitie COLEGIUL NATIONAL LAZAR Ploiesti #221,Education,Colegiul National Lazar
Agoda Vitan RO,Travel,Agoda
PURCHASE asociatie proprietari bloc 12 Center RID:34521,Housing,Asociatie Proprietari Bloc 12
Plata cu cardul WALMART GROCERY Galati #4321,Groceries,Walmart Grocery
PMT Spotify Family Vitan #001,Subscriptions,Spotify Family
Plata POS webull deposit Store 04 #14,Investments,Webull deposit
POS Emag.ro Cotroceni,Other,Emag.ro
Plata cu cardul coinbase buy Bucharest #001,Investments,Coinbase buy
Restaurant Hanu' Berarilor Mall Vitan #14,Restaurants,Restaurant Hanu' Berarilor
Achizitie SERVICE LAPTOP Sibiu #14,Other,Service Laptop
PMT POS Rompetrol Statie Promenada #001,Transport,Rompetrol Statie
PURCHASE Vrbo Store 04 RO,Travel,Vrbo
Plata cu cardul tesco Bucharest #221,Groceries,Tesco
Achizitie vietnam restaurant Cluj 12345,Restaurants,Vietnam Restaurant
POS yango Sun Plaza #4321,Transport,Yango
PMT ProtonVPN Sibiu,Subscriptions,ProtonVPN
Plata POS vila predeal Baneasa RO,Travel,Vila Predeal
PMT POS SPRINGTIME Galati 12345,Restaurants,Springtime
Cumparare asigurare apartament Ploiesti RO,Housing,Asigurare apartament
Plata cu cardul Payroll June 2026 Mall #14,Salary,Payroll June 2026
Cumparare Amazon.com Oradea #4321,Other,Amazon.com
Cumparare Rata credit ipotecar Downtown #14,Housing,Rata credit ipotecar
PMT AVANS CHIRIE Branch 12 RID:34521,Housing,Avans chirie
PMT Auchan Drive RO AUT:887412,Groceries,Auchan Drive
Plata cu cardul STRIPE PAYOUT Baneasa RID:34521,Salary,Stripe payout
Plata cu cardul Aquapark Therme Iasi (RO),Entertainment,Aquapark Therme
PMT POS AWS Free Tier Center #4321,Subscriptions,AWS Free Tier
Wise transfer Park Lake,Transfer,Wise transfer
PMT Smashburger ROM #4321,Restaurants,Smashburger
Cumparare Notion Family Cotroceni #001,Subscriptions,Notion Family
PMT brutaria boromir Online 12345,Groceries,Brutaria Boromir
Cumparare AIRBNB STAY Store 04 AUT:887412,Travel,Airbnb Stay
PURCHASE TRANSFER ING TO REVOLUT Online,Transfer,Transfer ING to Revolut
PMT EXCURSIE ITALIA Drumul Taberei 12345,Travel,Excursie Italia
POS Optimall optica Sibiu 12345,Health,Optimall optica
PMT TRANSFER CONT CURENT Mall Vitan AUT:887412,Transfer,Transfer cont curent
ICLOUD Downtown #14,Subscriptions,iCloud
PMT POS metrorex abonament Bucuresti #4321,Transport,Metrorex Abonament
POS RATBV BRASOV EU AUT:887412,Transport,RATBV Brasov
Plata POS CORA Ploiesti,Groceries,Cora
PMT POS YouTube Premium Aviatorilor #001,Subscriptions,YouTube Premium
PMT POS SALARIU LUNA MAI Cluj (RO),Salary,Salariu luna mai
PURCHASE petrom statie Branch 12 #4321,Transport,Petrom Statie
Cumparare Plata diversa Store 04 AUT:887412,Other,Plata diversa
PURCHASE Khan Academy Cluj AUT:887412,Education,Khan Academy
POS concert sala polivalenta Cotroceni RID:34521,Entertainment,Concert Sala Polivalenta
Plata POS ENERGIEA BAR Floreasca #001,Restaurants,Energiea Bar
Plata POS AUTO SERVICE PITESTI Iasi,Transport,Auto Service Pitesti
PURCHASE BLUE AIR AFI Cotroceni #14,Travel,Blue Air
PMT POS YOUTUBE PREMIUM Branch 12 #14,Subscriptions,YouTube Premium
Plata cu cardul hornbach magazin Center 12345,Other,Hornbach magazin
PMT POS eToro deposit Downtown #001,Investments,eToro deposit
Electrician apartament Aviatorilor #001,Housing,Electrician apartament
PURCHASE INTERACTIVE BROKERS ROM AUT:887412,Investments,Interactive Brokers
POS Glovo Timisoara 12345,Restaurants,Glovo
Achizitie Hotel Marriott Bucuresti Pipera AUT:887412,Travel,Hotel Marriott Bucuresti
Orange Fix AFI Cotroceni RID:34521,Utilities,Orange Fix
PMT POS comision agentie imobiliara Branch 12 RO,Housing,Comision agentie imobiliara
Cumparare apa nova Mall Vitan #4321,Utilities,Apa Nova
PURCHASE TIM HORTONS Floreasca,Restaurants,Tim Hortons
POS Diurnă deplasare Iasi #001,Salary,Diurnă deplasare
PMT FIZIOTERAPIE SEDINTA Center #4321,Health,Fizioterapie sedinta
PMT POS ING HOME'BANK TRANSFER Mall RID:34521,Transfer,ING Home'Bank transfer
ELECTRICA DISTRIBUTIE Online #4321,Utilities,Electrica Distributie
PMT POS TRATTORIA IL CALCIO Center AUT:887412,Restaurants,Trattoria il Calcio
Achizitie aquatim timisoara Bucuresti 12345,Utilities,Aquatim Timisoara
Plata POS DeepL Pro Online 12345,Subscriptions,DeepL Pro
Plata POS Epic Games Online,Entertainment,Epic Games
Achizitie Babbel Learning Sun Plaza #001,Education,Babbel Learning
PMT BILET FILARMONICA Store 04 (RO),Entertainment,Bilet Filarmonica
Cumparare shein order Store 04 #221,Other,Shein order
Plata POS REPARATII INSTALATIE SANITARA Cotroceni (RO),Housing,Reparatii instalatie sanitara
DEPOSIT RENT Brasov #221,Housing,Deposit rent
Plata POS MOL Romania Timisoara #14,Transport,MOL Romania
Plata POS PETEXPERT Bucharest #001,Other,Petexpert
PROTONVPN Sun Plaza (RO),Subscriptions,ProtonVPN
Plata cu cardul LENSA.RO Promenada AUT:887412,Health,Lensa.ro
PURCHASE Binance deposit Cotroceni #221,Investments,Binance deposit
Achizitie RADET BUCURESTI Vitan (RO),Utilities,Radet Bucuresti
Plata cu cardul Sinsay Sibiu #4321,Other,Sinsay
Achizitie Asociatie locatari sect 1 Branch 12 #001,Housing,Asociatie locatari sect 1
Achizitie BOLT*RIDE Center AUT:887412,Transport,BOLT*RIDE
PURCHASE Opera Nationala Iasi #001,Entertainment,Opera Nationala
PMT POS MEMRISE Cotroceni RO,Education,Memrise
Achizitie plata freelance proiect Bucharest RO,Salary,Plata freelance proiect
PURCHASE ase bucuresti Galati 12345,Education,ASE Bucuresti
PURCHASE MoneyGram receive Aviatorilor (RO),Transfer,MoneyGram receive
PMT decathlon EU #221,Other,Decathlon
Plata cu cardul Hotel Athenee Palace Oradea AUT:887412,Travel,Hotel Athenee Palace
Plata POS Logoped sedinta Oradea 12345,Health,Logoped sedinta
PURCHASE CONCERT MIHAI MARGINEANU Branch 12 RID:34521,Entertainment,Concert Mihai Margineanu
Plata POS Bursa Bucuresti BVB EU 12345,Investments,Bursa Bucuresti BVB
PMT kindle unlimited RO 12345,Subscriptions,Kindle Unlimited
PMT POS c&a fashion RO RO,Other,C&A fashion
Caffe del Sud Pipera 12345,Restaurants,Caffe del Sud
kaufland ROM #221,Groceries,Kaufland
Cumparare Royalty payment Amazon Sun Plaza #001,Salary,Royalty payment Amazon
PURCHASE Costa Coffee Bucuresti AUT:887412,Restaurants,Costa Coffee
PMT POS WIZZAIR BILET Floreasca #001,Travel,WizzAir Bilet
PMT TakeAway Mall RID:34521,Restaurants,TakeAway
POS electrician apartament EU #221,Housing,Electrician apartament
Cumparare tradeville romania Center (RO),Investments,Tradeville Romania
Plata POS TfL Oyster Iasi AUT:887412,Transport,TfL Oyster
Plata POS Gold purchase BNR Mall RID:34521,Investments,Gold purchase BNR
POS PSN STORE Timisoara RID:34521,Entertainment,PSN Store
PMT POS Tichete masa Sodexo Baneasa,Salary,Tichete masa Sodexo
Achizitie TICHETE MASA UP Pipera 12345,Salary,Tichete masa Up
PMT MCDS Vitan AUT:887412,Restaurants,MCDS
Plata POS linear app Floreasca,Subscriptions,Linear App
POS spotify Branch 12 12345,Subscriptions,Spotify
Cumparare chirie luna mai Mall #14,Housing,Chirie luna mai
GREGGS Mall RID:34521,Restaurants,Greggs
Achizitie Vila Predeal Cluj,Travel,Vila Predeal
Achizitie Wok to Walk RO AUT:887412,Restaurants,Wok to Walk
PURCHASE klm Branch 12 #001,Travel,KLM
Cumparare VULCANIZARE AUTO Center,Transport,Vulcanizare Auto
Plata POS manual editura niculescu Vitan #221,Education,Manual Editura Niculescu
Achizitie FMI Bucuresti Constanta #4321,Education,FMI Bucuresti
PMT ETF VWCE ROM #14,Investments,ETF VWCE
Metrorex EU RO,Transport,Metrorex
edo sushi Pipera #14,Restaurants,Edo Sushi
Plata cu cardul UNIQLO Store 04,Other,Uniqlo
PURCHASE PLATA CHIRIE IUNIE Drumul Taberei #14,Housing,Plata chirie iunie
Cumparare sushi now Floreasca (RO),Restaurants,Sushi Now
PURCHASE apa cluj Center RO,Utilities,Apa Cluj
Plata POS P2P PAYMENT ANDREI Brasov AUT:887412,Transfer,P2P payment Andrei
PMT POS PHARMACY 24/7 ROM #4321,Health,Pharmacy 24/7
PMT POS Diana Express Vitan,Groceries,Diana Express
Plata cu cardul profi city Store 04 RID:34521,Groceries,Profi City
Plata cu cardul tim hortons Sun Plaza AUT:887412,Restaurants,Tim Hortons
POS ASOCIATIE PROPRIETARI BLOC 12 Branch 12 AUT:887412,Housing,Asociatie Proprietari Bloc 12
PURCHASE Mini Market Pipera Vitan RID:34521,Groceries,Mini Market Pipera
PMT POS WIZZ AIR Online #001,Travel,Wizz Air
Plata cu cardul salariu acme srl Sun Plaza #001,Salary,Salariu ACME SRL
PMT POS xtb invest Pipera,Investments,XTB invest
Plata POS Chirie studio Oradea #221,Housing,Chirie studio
Plata POS tucanocoffee Center,Restaurants,TucanoCoffee
Achizitie Carrefour City ROM #221,Groceries,Carrefour City
Plata cu cardul FRIZERIE ELITE Aviatorilor #4321,Other,Frizerie Elite
PMT POS ELECTRICA DISTRIBUTIE Mall 12345,Utilities,Electrica Distributie
Cumparare cursuri online it ROM RO,Education,Cursuri online IT
PURCHASE COURSERA PLUS Brasov #4321,Education,Coursera Plus
POS kfc Cotroceni AUT:887412,Restaurants,KFC
Cumparare khan academy Pipera #001,Education,Khan Academy
Cumparare Cel.ro Cluj 12345,Other,Cel.ro
POS uber Vitan 12345,Transport,Uber
Plata cu cardul McDonald's Constanta #001,Restaurants,McDonald's
POS Tim Hortons Online RID:34521,Restaurants,Tim Hortons
Steam Wallet RO RO,Entertainment,Steam Wallet
Metro Cash & Carry Cotroceni #4321,Groceries,Metro Cash & Carry
PMT POS Trivago Center 12345,Travel,Trivago
Achizitie REBU Bucuresti Sibiu RID:34521,Utilities,REBU Bucuresti
Joc PC Steam Bucharest #221,Entertainment,Joc PC Steam
PMT POS BURSA DE STUDII Iasi RID:34521,Education,Bursa de studii
Achizitie Plata chirie iulie Constanta RO,Housing,Plata chirie iulie
Cumparare vietnameza pipera Constanta #001,Restaurants,Vietnameza Pipera
PMT 5toGo Sun Plaza RID:34521,Restaurants,5toGo
PMT POS FMI Bucuresti Baneasa (RO),Education,FMI Bucuresti
FARMACIA DONA Bucharest #001,Health,Farmacia Dona
Achizitie Temu order Park Lake RID:34521,Other,Temu order
POS DIANA EXPRESS Sun Plaza 12345,Groceries,Diana Express
kraken purchase Sibiu RO,Investments,Kraken purchase
PMT POS TV CABLU ROMTELECOM Branch 12 RID:34521,Utilities,TV Cablu Romtelecom
POS OBB AUSTRIA Baneasa #001,Transport,OBB Austria
PURCHASE Avis Rent Mall Vitan 12345,Travel,Avis Rent
hotel caro ROM #14,Travel,Hotel Caro
Plata POS fidelity invest Bucharest 12345,Investments,Fidelity Invest
METROUL BUCURESTI Online,Transport,Metroul Bucuresti
Plata cu cardul Cabinet Stomatologic Smile Downtown #221,Health,Cabinet Stomatologic Smile
PMT FOND MUTUAL BT ASSET MGMT Center AUT:887412,Investments,Fond mutual BT Asset Mgmt
Achizitie bank to bank swift Online RO,Transfer,Bank to bank SWIFT
Achizitie Teatrul Comedie EU RO,Entertainment,Teatrul Comedie
FMI Bucuresti Store 04 12345,Education,FMI Bucuresti
PURCHASE hotel marriott bucuresti Aviatorilor AUT:887412,Travel,Hotel Marriott Bucuresti
PMT sala fitness 7card RO AUT:887412,Health,Sala fitness 7card
PMT POS KAYAK AFI Cotroceni RO,Travel,Kayak
Festival Awake Store 04 #221,Entertainment,Festival Awake
Plata cu cardul WizzAir Bilet Branch 12,Travel,WizzAir Bilet
Achizitie AWS billing AFI Cotroceni 12345,Subscriptions,AWS billing
Achizitie ETSY PURCHASE Galati AUT:887412,Other,Etsy purchase
Cumparare Payslip Tech Corp RO #14,Salary,Payslip Tech Corp
Plata POS AeroItalia Baneasa AUT:887412,Travel,AeroItalia
Achizitie Rata ipoteca Park Lake #4321,Housing,Rata ipoteca
Cumparare cafenea origo Center (RO),Restaurants,Cafenea Origo
MoneyGram receive EU #4321,Transfer,MoneyGram receive
PMT Chick-fil-A Drumul Taberei #14,Restaurants,Chick-fil-A
Cumparare NETFLIX AFI Cotroceni 12345,Subscriptions,Netflix
PMT Raja Constanta Constanta RO,Utilities,Raja Constanta
Plata POS Trenitalia Drumul Taberei #221,Transport,Trenitalia
Plata POS Cafenea Aviatorilor EU RO,Restaurants,Cafenea Aviatorilor
POS CITY TOUR LISBON Aviatorilor (RO),Travel,City tour Lisbon
Achizitie HOTEL INTERCONTINENTAL Branch 12 #221,Travel,Hotel Intercontinental
PURCHASE freenow Constanta #001,Transport,FreeNow
PMT POS BINANCE DEPOSIT Ploiesti RID:34521,Investments,Binance deposit
Plata POS analize medicale Cotroceni RID:34521,Health,Analize medicale
Plata POS ADOBE PHOTOSHOP Timisoara RID:34521,Subscriptions,Adobe Photoshop
Cumparare MAX.COM Oradea #221,Subscriptions,Max.com
Cumparare Coursera Plus annual Mall AUT:887412,Subscriptions,Coursera Plus annual
Plata cu cardul Deposit rent Cluj #001,Housing,Deposit rent
PMT YOUTUBE MUSIC Sun Plaza 12345,Subscriptions,YouTube Music
PMT POS SALARIU NET MAI Vitan #14,Salary,Salariu Net Mai
PMT El Torito Mexican Vitan 12345,Restaurants,El Torito Mexican
PURCHASE Khan Academy Iasi RO,Education,Khan Academy
Plata POS Carrefour.ro online Sibiu RO,Groceries,Carrefour.ro online
PMT POS HOSTELWORLD EU,Travel,Hostelworld
PMT CAFENEA ORIGO Vitan AUT:887412,Restaurants,Cafenea Origo
POS BILET AVION ONLINE RO (RO),Travel,Bilet avion online
PURCHASE Restaurant Hanu' Berarilor Bucuresti #221,Restaurants,Restaurant Hanu' Berarilor
Plata cu cardul Administrator bloc 12 Mall Vitan,Housing,Administrator bloc 12
Achizitie Plata freelance proiect Branch 12 AUT:887412,Salary,Plata freelance proiect
Achizitie Scoala Generala 4 Center 12345,Education,Scoala Generala 4
PURCHASE Plata diversa Pipera #001,Other,Plata diversa
Plata cu cardul STARBUCKS COFFEE Constanta,Restaurants,STARBUCKS COFFEE
Plata POS Roblox subscription Promenada (RO),Entertainment,Roblox subscription
POS ADMINISTRATOR BLOC 12 Mall #001,Housing,Administrator bloc 12
Plata cu cardul ACHIZITIE APLICATIE Constanta RO,Other,Achizitie aplicatie
PMT POS Termoenergetica EU 12345,Utilities,Termoenergetica
POS HBO MAX RO ROM RO,Subscriptions,HBO Max RO
Achizitie cec bank transfer Sun Plaza RO,Transfer,CEC Bank transfer
Achizitie cinemax Constanta RO,Entertainment,Cinemax
PURCHASE CONCERT SALA POLIVALENTA Pipera RID:34521,Entertainment,Concert Sala Polivalenta
Plata POS helpnet Mall Vitan #001,Health,HelpNet
Plata POS AMAZON DE ROM #221,Other,Amazon DE
PMT POS Cofetaria Boema Downtown #221,Other,Cofetaria Boema
Achizitie booking ro Cluj RID:34521,Travel,Booking RO
Plata cu cardul OBB Austria Online 12345,Transport,OBB Austria
Spitalul Elias Branch 12 #14,Health,Spitalul Elias
PMT POS ASE Bucuresti Baneasa 12345,Education,ASE Bucuresti
Plata cu cardul CONCERT SALA POLIVALENTA Store 04 #4321,Entertainment,Concert Sala Polivalenta
PMT Supermarket Local RO #14,Groceries,Supermarket Local
PMT POS HIDROELECTRICA VANZARE Store 04 #14,Utilities,Hidroelectrica vanzare
NINTENDO SWITCH ONLINE Iasi 12345,Entertainment,Nintendo Switch Online
PMT POS PC GARAGE Bucuresti RID:34521,Other,PC Garage
Plata cu cardul Dominos Pizza Pipera #221,Restaurants,Dominos Pizza
Cumparare skillshare Bucharest (RO),Education,Skillshare
Achizitie Wish.com Vitan,Other,Wish.com
Achizitie YOGA CLASA Store 04 #14,Health,Yoga clasa
Plata cu cardul world class romania Pipera RO,Health,World Class Romania
Plata POS PSN STORE ROM (RO),Entertainment,PSN Store
PURCHASE chipotle mexican grill Downtown #14,Restaurants,Chipotle Mexican Grill
Plata POS Stradivarius ROM,Other,Stradivarius
FACULTATEA DE INFORMATICA Constanta RO,Education,Facultatea de Informatica
MedLife Constanta RO #4321,Health,MedLife Constanta
PURCHASE CINEMAX Cotroceni RID:34521,Entertainment,Cinemax
PMT POS Drumuri Nationale ROM AUT:887412,Transport,Drumuri Nationale
Plata cu cardul Analize medicale Cluj (RO),Health,Analize medicale
Achizitie pilates studio Brasov,Health,Pilates studio
Achizitie SUSHI TO GO Center AUT:887412,Restaurants,Sushi to Go
Cumparare Coinbase buy Floreasca #221,Investments,Coinbase buy
Plata POS schimb valutar bcr Bucharest 12345,Transfer,Schimb valutar BCR
PMT POS Wise FX Mall,Transfer,Wise FX
PMT wise transfer ROM,Transfer,Wise transfer
PMT Apple Music Galati #001,Subscriptions,Apple Music
Plata cu cardul iCloud Cluj RID:34521,Subscriptions,iCloud
PMT POS Webull deposit Galati,Investments,Webull deposit
PURCHASE medic de familie Downtown RO,Health,Medic de familie
Plata cu cardul DECATHLON Drumul Taberei RID:34521,Other,Decathlon
PMT POS OpenAI Plus Mall #001,Subscriptions,OpenAI Plus
HOTEL INTERCONTINENTAL Brasov #4321,Travel,Hotel Intercontinental
Plata POS Payslip ACME SRL Oradea,Salary,Payslip ACME SRL
Plata POS acuarela cafe Sun Plaza (RO),Restaurants,Acuarela Cafe
Plata cu cardul ABOUT YOU EU #001,Other,About You
Plata cu cardul Equity buy MSFT Ploiesti 12345,Investments,Equity buy MSFT
PMT POS STRIPE PAYOUT Pipera 12345,Salary,Stripe payout
PURCHASE ROMPETROL Bucuresti 12345,Transport,Rompetrol
HOSTEL FRIENDS Vitan #221,Travel,Hostel Friends
PMT YOUTUBE MUSIC Constanta #001,Subscriptions,YouTube Music
Achizitie ALDI Ploiesti #14,Groceries,Aldi
Plata POS Payslip ACME SRL Branch 12 AUT:887412,Salary,Payslip ACME SRL
PURCHASE BOOTCAMP DATA SCIENCE Cotroceni RO,Education,Bootcamp Data Science
Plata POS SKILLSHARE Drumul Taberei #4321,Education,Skillshare
ProtonMail Vitan #221,Subscriptions,ProtonMail
Plata cu cardul Cauciucuri Premium Sun Plaza (RO),Transport,Cauciucuri Premium
PURCHASE retim servicii Timisoara (RO),Utilities,RetiM Servicii
Plata POS DIGITALOCEAN DROPLET Downtown (RO),Subscriptions,DigitalOcean Droplet
ANALIZE MEDICALE ROM #4321,Health,Analize medicale
Plata POS CALVIN KLEIN STORE Downtown #001,Other,Calvin Klein store
Achizitie Upwork payout Vitan RID:34521,Salary,Upwork payout
Plata POS BROKERAGE TRADEVILLE Timisoara (RO),Investments,Brokerage Tradeville
MAILCHIMP STANDARD RO AUT:887412,Subscriptions,Mailchimp Standard
Energiea Bar Downtown 12345,Restaurants,Energiea Bar
POS reparatii instalatie sanitara Bucuresti RID:34521,Housing,Reparatii instalatie sanitara
Farmacia Tei EU #001,Health,Farmacia Tei
Plata POS Clinica Polisano EU RID:34521,Health,Clinica Polisano
Cumparare Salariu Net Aprilie Constanta #001,Salary,Salariu Net Aprilie
Plata cu cardul Wizz Air voucher Park Lake RO,Transport,Wizz Air voucher
Plata POS SUPECO Baneasa #221,Groceries,Supeco
POS ORIGO COFFEE Center #4321,Restaurants,Origo Coffee
PURCHASE SNCF Pipera AUT:887412,Transport,SNCF
PMT ROVINIETE ONLINE Store 04 #4321,Transport,Roviniete Online
radet bucuresti Downtown (RO),Utilities,Radet Bucuresti
Cumparare DIGI*FACT Sibiu #14,Utilities,DIGI*FACT
PURCHASE WAGE TRANSFER Downtown AUT:887412,Salary,Wage Transfer
MAGAZINUL DE CARTIER ROM,Groceries,Magazinul de Cartier
Plata cu cardul niro market Brasov #001,Groceries,Niro Market
POS MANUAL EDITURA NICULESCU Timisoara 12345,Education,Manual Editura Niculescu
PMT POS 5-to-Go Galati RO,Restaurants,5-to-Go
PURCHASE MCDS ROM,Restaurants,MCDS
Amazon DE Constanta RO,Other,Amazon DE
Plata POS CABINET STOMATOLOGIC SMILE Mall Vitan 12345,Health,Cabinet Stomatologic Smile
PURCHASE MASTERCLASS ANNUAL Ploiesti AUT:887412,Subscriptions,MasterClass annual
POS payroll may 2026 Oradea RO,Salary,Payroll May 2026
Plata cu cardul cursuri online it Bucharest #14,Education,Cursuri online IT
Cumparare krispy kreme AFI Cotroceni #001,Restaurants,Krispy Kreme
PMT POS Sushi to Go Downtown #001,Restaurants,Sushi to Go
PURCHASE Karaoke Bar Avant Center 12345,Entertainment,Karaoke Bar Avant
POS CONCERT SALA POLIVALENTA Mall Vitan 12345,Entertainment,Concert Sala Polivalenta
Bonus anual EU,Salary,Bonus anual
ETF VWCE Park Lake RID:34521,Investments,ETF VWCE
Cumparare BK ROM (RO),Restaurants,BK
Achizitie TOMMY HILFIGER Mall Vitan RID:34521,Other,Tommy Hilfiger
PMT Factura gaze Bucuresti #14,Utilities,Factura gaze
PMT POS FARMACIA SENSIBLU Mall Vitan #4321,Health,Farmacia Sensiblu
PURCHASE Interactive Brokers Floreasca #221,Investments,Interactive Brokers
PMT Camin Bucuresti RO AUT:887412,Education,Camin Bucuresti
Achizitie Burgerista Brasov RID:34521,Restaurants,Burgerista
BISTRO VINTAGE Brasov (RO),Restaurants,Bistro Vintage
Achizitie OBB Austria EU #4321,Transport,OBB Austria
Cumparare TREEHOUSE Galati #001,Education,Treehouse
OTP virament Cotroceni #4321,Transfer,OTP virament
Cumparare Bonus anual Bucuresti 12345,Salary,Bonus anual
Cumparare Royalty payment Amazon EU #14,Salary,Royalty payment Amazon
Achizitie BCR TRANSFER EXTERN Galati RID:34521,Transfer,BCR transfer extern
PMT POS salary employer AFI Cotroceni RO,Salary,SALARY EMPLOYER
Plata POS Vila Predeal Cotroceni #14,Travel,Vila Predeal
Achizitie linear app Floreasca RO,Subscriptions,Linear App
Cumparare DM RO RID:34521,Groceries,DM
Plata POS Cabinet Cardiologie Center,Health,Cabinet Cardiologie
Plata POS Binance Spot Sibiu #14,Investments,Binance Spot
PURCHASE AEROFLOT Timisoara #4321,Travel,AeroFlot
POS OTP VIRAMENT RO AUT:887412,Transfer,OTP virament
PURCHASE SYNEVO LABS Mall Vitan #001,Health,Synevo Labs
POS Alimentara Express EU #221,Groceries,Alimentara Express
Cumparare colegiul national lazar Ploiesti,Education,Colegiul National Lazar
PMT POS Tommy Hilfiger Online AUT:887412,Other,Tommy Hilfiger
Plata POS KAUFLAND Online RO,Groceries,Kaufland
Plata cu cardul PARKING MALL RO 12345,Transport,Parking Mall
PMT POS SEPHORA Galati (RO),Other,Sephora
PMT POS bolt food Drumul Taberei,Restaurants,Bolt Food
Achizitie BURGERKING Galati #4321,Restaurants,BURGERKING
PMT POS Metrorex Abonament AFI Cotroceni (RO),Transport,Metrorex Abonament
PURCHASE Aquatim Timisoara EU RO,Utilities,Aquatim Timisoara
Cumparare Chef Burger Downtown 12345,Restaurants,Chef Burger
PMT POS RAIFFEISEN VIRAMENT Bucharest (RO),Transfer,Raiffeisen virament
Achizitie Bilet Filarmonica Ploiesti RID:34521,Entertainment,Bilet Filarmonica
PMT Medicover Romania Sun Plaza RO,Health,Medicover Romania
Cumparare WESTERN UNION TRANSFER Pipera #4321,Transfer,Western Union transfer
Achizitie Parcare Aeroport Otopeni Park Lake (RO),Transport,Parcare Aeroport Otopeni
Achizitie opera bucuresti ROM,Entertainment,Opera Bucuresti
PMT Metro Cash & Carry ROM RO,Groceries,Metro Cash & Carry
cabinet ortopedie Ploiesti 12345,Health,Cabinet Ortopedie
Plata POS Cabinet Cardiologie Brasov AUT:887412,Health,Cabinet Cardiologie
PURCHASE TICHET FERIBOT Mall,Travel,Tichet feribot
Plata cu cardul panera bread AFI Cotroceni #4321,Restaurants,Panera Bread
Plata cu cardul asigurare casa allianz Cluj 12345,Housing,Asigurare casa Allianz
PMT POS datacamp premium RO #14,Education,DataCamp Premium
PURCHASE enel*fact Drumul Taberei #14,Utilities,ENEL*FACT
Cumparare Transfer in lei Iasi #001,Transfer,Transfer in lei
POS FreeNow RO #221,Transport,FreeNow
PMT POS Targul de Legume Sun Plaza #4321,Groceries,Targul de Legume
Plata POS LINEAR APP Constanta,Subscriptions,Linear App
PMT POS decont 7card AFI Cotroceni #001,Salary,Decont 7Card
Achizitie OMV Cotroceni #001,Transport,OMV
PMT SQUARESPACE PLAN Park Lake (RO),Subscriptions,Squarespace Plan
Plata cu cardul SALON COAFOR Baneasa #001,Other,Salon Coafor
BURGERKING RO #14,Restaurants,BURGERKING
Cumparare Khan Academy Timisoara #001,Education,Khan Academy
OPENSEA PURCHASE NFT EU,Investments,OpenSea purchase NFT
PURCHASE Apa Cluj Promenada #14,Utilities,Apa Cluj
PMT POS Universitate Tehnica Mall Vitan 12345,Education,Universitate Tehnica
PMT POS Decont 7Card Brasov (RO),Salary,Decont 7Card
Plata cu cardul Sixt Rent a Car Mall #001,Travel,Sixt Rent a Car
PMT Yango Vitan RID:34521,Transport,Yango
Cel.ro EU #221,Other,Cel.ro
Achizitie Biletul Sportiv Oradea 12345,Entertainment,Biletul Sportiv
PURCHASE Norwegian Air Bucharest #4321,Travel,Norwegian Air
PMT POS Synevo Brasov #4321,Health,Synevo
POS PANERA BREAD Promenada,Restaurants,Panera Bread
Plata cu cardul Answear.ro Branch 12,Other,Answear.ro
Plata POS Piata Amzei Store 04 12345,Groceries,Piata Amzei
Plata cu cardul Cinema City AFI Aviatorilor #001,Entertainment,Cinema City AFI
claude pro Vitan AUT:887412,Subscriptions,Claude Pro
PMT Payroll May 2026 Oradea (RO),Salary,Payroll May 2026
BILETE FOTBAL STEAUA Vitan RID:34521,Entertainment,Bilete fotbal Steaua
PURCHASE piata amzei Vitan (RO),Groceries,Piata Amzei
POS WORLD CLASS ROMANIA Vitan #4321,Health,World Class Romania
Cumparare Karaoke Sing City Sun Plaza 12345,Entertainment,Karaoke Sing City
Plata POS Taxa scolarizare master Constanta #14,Education,Taxa scolarizare master
Plata POS Eurowings RO #221,Travel,Eurowings
Plata POS Up Card Baneasa RID:34521,Other,Up Card
Plata POS Curatatorie chimica Bucuresti RO,Other,Curatatorie chimica
Achizitie Greggs Downtown RO,Restaurants,Greggs
PMT POS CURATENIE APARTAMENT Pipera #221,Housing,Curatenie apartament
PMT vivo restaurant Store 04 #14,Restaurants,Vivo Restaurant
POS Taxa scolarizare master Vitan RID:34521,Education,Taxa scolarizare master
Plata POS TD Ameritrade Oradea RO,Investments,TD Ameritrade
PMT POS tier scooter Sibiu #14,Transport,Tier Scooter
PMT Loft Cafe Vitan #221,Restaurants,Loft Cafe
PURCHASE MasterClass annual Ploiesti #14,Subscriptions,MasterClass annual
MEDIC DE FAMILIE Timisoara 12345,Health,Medic de familie
PURCHASE GETYOURGUIDE TUR Oradea AUT:887412,Travel,GetYourGuide tur
PURCHASE Carturesti Online Aviatorilor RO,Education,Carturesti Online
Plata POS Piata Obor Aviatorilor #221,Groceries,Piata Obor
Bolt Food Park Lake #221,Restaurants,Bolt Food
Cumparare rata ipoteca Online #14,Housing,Rata ipoteca
Cumparare udemy business Constanta,Education,Udemy Business
REGINA MARIA Downtown #221,Health,Regina Maria
Plata POS PHARMACY 24/7 Sun Plaza #4321,Health,Pharmacy 24/7
PMT TRANSFER INTERN Galati (RO),Transfer,Transfer intern
Achizitie DeepL Pro Baneasa #4321,Subscriptions,DeepL Pro
POS Costa Coffee Park Lake RO,Restaurants,Costa Coffee
Plata POS Dropbox Plus Downtown AUT:887412,Subscriptions,Dropbox Plus
POS Payroll May 2026 Mall Vitan #221,Salary,Payroll May 2026
PURCHASE Virament BCR catre BRD Sibiu AUT:887412,Transfer,Virament BCR catre BRD
Plata POS FAMILY MARKET Sibiu #4321,Groceries,Family Market
Achizitie Întreținere apartament Sibiu AUT:887412,Housing,Întreținere apartament
POS AQUAPARK THERME ROM #221,Entertainment,Aquapark Therme
Plata cu cardul pull&bear Timisoara #4321,Other,Pull&Bear
PURCHASE WIZZ AIR VOUCHER Brasov RID:34521,Transport,Wizz Air voucher
PMT MedLife Sun Plaza 12345,Health,MedLife
PURCHASE lufthansa Vitan #001,Travel,Lufthansa
PMT POS pharmacy rok Constanta (RO),Health,Pharmacy ROK
Carturesti Online RO RID:34521,Education,Carturesti Online
Plata POS HOTEL MARRIOTT BUCURESTI EU 12345,Travel,Hotel Marriott Bucuresti
PMT CITY TOUR LISBON Constanta #001,Travel,City tour Lisbon
Electrica Distributie Bucuresti #001,Utilities,Electrica Distributie
Achizitie storia.ro listare Online #4321,Housing,Storia.ro listare
Uniqlo Branch 12 #4321,Other,Uniqlo
Cumparare CHIRIE STUDIO Mall Vitan AUT:887412,Housing,Chirie studio
PMT Vila Carpati AFI Cotroceni #14,Travel,Vila Carpati
Plata POS Saxo Bank trade Online (RO),Investments,Saxo Bank trade
Cumparare OMV Downtown,Transport,OMV
Panera Bread Downtown RID:34521,Restaurants,Panera Bread
Udemy Course Downtown RID:34521,Education,Udemy Course
POS equity buy nvda Iasi #221,Investments,Equity buy NVDA
PURCHASE atelier foto andrei Aviatorilor 12345,Other,Atelier Foto Andrei
Achizitie CURTEA VECHE BISTRO Baneasa RID:34521,Restaurants,Curtea Veche Bistro
PURCHASE coursera Timisoara,Education,Coursera
Netflix Baneasa #001,Subscriptions,Netflix
PMT Rezervare hotel Brasov Oradea #4321,Travel,Rezervare hotel Brasov
PMT POS Hotels.com Branch 12 (RO),Travel,Hotels.com
Plata POS jd sports EU RO,Other,JD Sports
Plata POS Lukoil Galati RO,Transport,Lukoil
Achizitie KLM ROM (RO),Travel,KLM
Cumparare magazin mixt Downtown #001,Groceries,Magazin Mixt
PMT diurnă deplasare RO RO,Salary,Diurnă deplasare
Plata POS ZEN SUSHI Oradea AUT:887412,Restaurants,Zen Sushi
Cumparare ANSWEAR.RO Bucuresti (RO),Other,Answear.ro
TICHET CULTURAL EDENRED AFI Cotroceni #221,Other,Tichet cultural Edenred
Cumparare inchiriere masina sixt AFI Cotroceni (RO),Travel,Inchiriere masina Sixt
PURCHASE BISTRO FRENCH Iasi AUT:887412,Restaurants,Bistro French
PMT POS COLEGIUL MIHAI VITEAZUL AFI Cotroceni (RO),Education,Colegiul Mihai Viteazul
Curatenie casa Timisoara (RO),Housing,Curatenie casa
Achizitie Udemy Business Constanta #001,Education,Udemy Business
Achizitie Banca Transilvania transfer Branch 12 RO,Transfer,Banca Transilvania transfer
Cumparare Autostrada A2 Galati #221,Transport,Autostrada A2
Plata cu cardul Mega Image Floreasca #221,Groceries,Mega Image
PMT POS TESCO Oradea #221,Groceries,Tesco
Plata POS ETF SXR8 Online AUT:887412,Investments,ETF SXR8
PMT POS vatra restaurant Online #221,Restaurants,Vatra Restaurant
POS UDEMY Online #001,Education,Udemy
Plata cu cardul PAYROLL APRIL 2026 Branch 12 #221,Salary,Payroll April 2026
Plata cu cardul Amazon order Bucharest #4321,Other,Amazon order
POS MedLife Constanta Branch 12 #221,Health,MedLife Constanta
Cumparare spartan RO #001,Restaurants,Spartan
Plata cu cardul PLATA CHIRIE Promenada #4321,Housing,Plata chirie
PMT POS emag.ro EU #4321,Other,Emag.ro
PURCHASE Bolt.eu Cotroceni #221,Transport,Bolt.eu
POS Coinbase deposit Sibiu #221,Investments,Coinbase deposit
PURCHASE COINBASE DEPOSIT Cluj #221,Investments,Coinbase deposit
Cumparare youtube music Branch 12 #14,Subscriptions,YouTube Music
Plata cu cardul Mailchimp Standard RO RID:34521,Subscriptions,Mailchimp Standard
PURCHASE ORANGE ROMANIA Drumul Taberei #14,Utilities,Orange Romania
PMT POS sixt rent a car Cluj 12345,Travel,Sixt Rent a Car
Lidl Plus Downtown #001,Groceries,Lidl Plus
frontendmasters AFI Cotroceni RO,Education,FrontendMasters
PURCHASE Saxo Bank trade Floreasca AUT:887412,Investments,Saxo Bank trade
Plata cu cardul dm drogerie markt Oradea RID:34521,Groceries,DM Drogerie Markt
Plata POS PLAFAR MAGAZIN Constanta #14,Groceries,Plafar magazin
POS bowling cosmos Center (RO),Entertainment,Bowling Cosmos
Cumparare Medic de familie Promenada (RO),Health,Medic de familie
Plata cu cardul speakeasy Ploiesti RO,Restaurants,Speakeasy
Cumparare CARREFOUR.RO ONLINE Downtown,Groceries,Carrefour.ro online
PURCHASE TRENITALIA Mall AUT:887412,Transport,Trenitalia
PMT Carrefour City Branch 12 #14,Groceries,Carrefour City
PURCHASE Dunkin' Floreasca #001,Restaurants,Dunkin'
Plata POS SUBWAY SANDWICH Vitan (RO),Restaurants,SUBWAY SANDWICH
Achizitie Hotel Intercontinental Sibiu #14,Travel,Hotel Intercontinental
PMT Grammarly Premium Center,Subscriptions,Grammarly Premium
Plata POS VIRAMENT SALARIU NET Sun Plaza 12345,Salary,VIRAMENT SALARIU NET
PURCHASE FIZIOTERAPIE SEDINTA Baneasa #221,Health,Fizioterapie sedinta
PMT POS Tier Scooter Oradea (RO),Transport,Tier Scooter
Plata POS Rata ipoteca Bucharest,Housing,Rata ipoteca
PMT Regina Maria Brasov 12345,Health,Regina Maria
POS Chirie apartament ROM #4321,Housing,Chirie apartament
PMT POS WizzAir Bilet Mall,Travel,WizzAir Bilet
Plata cu cardul Ryanair EU (RO),Travel,Ryanair
PURCHASE MOL Romania Galati RID:34521,Transport,MOL Romania
PMT Cosmetic & Food Shop Oradea #001,Groceries,Cosmetic & Food Shop
DEGIRO transfer Floreasca RO,Investments,DEGIRO transfer
PURCHASE Pet Shop Animalier Bucuresti 12345,Other,Pet Shop Animalier
PURCHASE WALMART GROCERY Brasov RID:34521,Groceries,Walmart Grocery
PMT FoodPanda Drumul Taberei #001,Restaurants,FoodPanda
PMT Transfer Revolut to BCR Downtown #14,Transfer,Transfer Revolut to BCR
PMT REVOLUT TRANSFER TO FRIEND Aviatorilor,Transfer,Revolut transfer to friend
POS Service Auto Premium Center RO,Transport,Service Auto Premium
ETF SPY Oradea AUT:887412,Investments,ETF SPY
PURCHASE Synevo Laborator Cluj #14,Health,Synevo Laborator
POS nike store Center #001,Other,Nike store
PURCHASE REVOLUT STOCKS Pipera RO,Investments,Revolut stocks
POS Încasare salariu Maria Iasi (RO),Transfer,Încasare salariu Maria
Cumparare burgerfest Mall Vitan RO,Restaurants,BurgerFest
PMT domo romania Park Lake 12345,Other,Domo Romania
Cumparare Airbnb Ploiesti RID:34521,Travel,Airbnb
cosmetic & food shop Mall Vitan,Groceries,Cosmetic & Food Shop
POS WISE TRANSFER Bucuresti 12345,Transfer,Wise transfer
Plata cu cardul retim servicii Center #4321,Utilities,RetiM Servicii
Transfer cont curent Branch 12 #001,Transfer,Transfer cont curent
Cumparare Salubritate URBAN Center RO,Utilities,Salubritate URBAN
PMT park lake bowling Oradea #4321,Entertainment,Park Lake bowling
beans & dots Bucharest RO,Restaurants,Beans & Dots
Achizitie HANU LUI MANUC Online RO,Restaurants,Hanu lui Manuc
Plata POS administrator bloc 28 Baneasa RO,Housing,Administrator bloc 28
Cumparare Metrorex Aviatorilor #221,Transport,Metrorex
Plata cu cardul velorent ROM #001,Transport,VeloRent
Achizitie Spitalul Floreasca Pipera RID:34521,Health,Spitalul Floreasca
Achizitie SALARIU NET MAI Promenada #221,Salary,Salariu Net Mai
termoenergetica Online #4321,Utilities,Termoenergetica
PMT Colegiu National Sava Timisoara,Education,Colegiu National Sava
PMT POS Mado Pastry & Coffee ROM #4321,Restaurants,Mado Pastry & Coffee
POS eMAG Vitan RID:34521,Other,eMAG
Cumparare nintendo switch online Bucuresti RID:34521,Entertainment,Nintendo Switch Online
PURCHASE Inchiriere masina Sixt Drumul Taberei (RO),Travel,Inchiriere masina Sixt
Plata cu cardul avis rent Mall,Travel,Avis Rent
Cumparare Salariu ACME SRL Drumul Taberei,Salary,Salariu ACME SRL
Plata POS Pilon III pensie privata Park Lake,Investments,Pilon III pensie privata
PMT POS DRUMURI NATIONALE RO RID:34521,Transport,Drumuri Nationale
Plata POS CEC VIRAMENT Bucharest RO,Transfer,CEC virament
PURCHASE carrefour express Store 04 RO,Groceries,Carrefour Express
Gaze Naturale Romania RO #001,Utilities,Gaze Naturale Romania
HIPMENU Mall Vitan,Restaurants,Hipmenu
autostrada a1 Constanta,Transport,Autostrada A1
Cumparare Mentenanta lift Promenada 12345,Housing,Mentenanta lift
DIURNĂ DEPLASARE Mall Vitan 12345,Salary,Diurnă deplasare
PMT POS Western Union transfer Aviatorilor #4321,Transfer,Western Union transfer
Plata cu cardul STRIPE PAYOUT Mall (RO),Salary,Stripe payout
dominos pizza Galati #001,Restaurants,Dominos Pizza
PMT FIDELITY INVEST Cotroceni (RO),Investments,Fidelity Invest
POS HelpNet Aviatorilor 12345,Health,HelpNet
POS MEMRISE Ploiesti,Education,Memrise
PMT Adobe Creative Cloud Branch 12 #001,Subscriptions,Adobe Creative Cloud
Achizitie TERMOFICARE CET Vitan 12345,Utilities,Termoficare CET
Cumparare VIETNAM RESTAURANT Ploiesti (RO),Restaurants,Vietnam Restaurant
PMT POS INCASARE DE LA MARIA Center (RO),Transfer,Incasare de la Maria
Cumparare penny market Ploiesti #4321,Groceries,Penny Market
PMT Factura curent Mall 12345,Utilities,Factura curent
Achizitie SALARIU NET MAI Drumul Taberei,Salary,Salariu Net Mai
Cumparare LIDL PLUS Downtown RO,Groceries,Lidl Plus
PMT five guys Downtown 12345,Restaurants,Five Guys
Achizitie SCHIMB VALUTAR RAIFFEISEN Promenada #4321,Transfer,Schimb valutar Raiffeisen
POS TucanoCoffee EU AUT:887412,Restaurants,TucanoCoffee
Plata POS Service Auto Premium Bucuresti #001,Transport,Service Auto Premium
Telekom Romania Sibiu AUT:887412,Utilities,Telekom Romania
Cumparare NIKE STORE Mall Vitan #14,Other,Nike store
PURCHASE DB BAHN Cotroceni 12345,Transport,DB Bahn
Achizitie udemy Branch 12 AUT:887412,Education,Udemy
PURCHASE AVANS CHIRIE Cotroceni (RO),Housing,Avans chirie
PMT POS RAIFFEISEN VIRAMENT Oradea RO,Transfer,Raiffeisen virament
Plata POS AMAZON.COM Ploiesti 12345,Other,Amazon.com
PMT POS mercadona RO #14,Groceries,Mercadona
POS BILETE FOTBAL STEAUA Ploiesti,Entertainment,Bilete fotbal Steaua
Achizitie cabinet dermatologie Bucharest #14,Health,Cabinet Dermatologie
Achizitie Vietnam Restaurant Mall (RO),Restaurants,Vietnam Restaurant
Plata cu cardul Chipotle Mexican Grill Bucuresti #221,Restaurants,Chipotle Mexican Grill
Plata cu cardul Sala Palatului concert Ploiesti,Entertainment,Sala Palatului concert
Cumparare PIATA AMZEI Bucharest #4321,Groceries,Piata Amzei
PMT POS metrorex abonament Galati #14,Transport,Metrorex Abonament
POS skillshare Online,Education,Skillshare
Plata POS ExpressVPN Mall Vitan #4321,Subscriptions,ExpressVPN
PMT POS OMV PETROLSTATION Timisoara AUT:887412,Transport,OMV PetrolStation
Max.com Brasov #14,Subscriptions,Max.com
PURCHASE administrator bloc 12 Branch 12 (RO),Housing,Administrator bloc 12
PMT POS CEZ ROMANIA Mall (RO),Utilities,CEZ Romania
PURCHASE EPIC GAMES STORE Center RID:34521,Entertainment,Epic Games Store
Cumparare factura curent Baneasa #14,Utilities,Factura curent
POS FRESHMARKET Store 04 (RO),Groceries,FreshMarket
Plata POS NordVPN Ploiesti (RO),Subscriptions,NordVPN
PMT PROTONMAIL Bucharest 12345,Subscriptions,ProtonMail
Cumparare Figma Professional Park Lake #221,Subscriptions,Figma Professional
Plata cu cardul spitalul sf. pantelimon Bucharest (RO),Health,Spitalul Sf. Pantelimon
PMT POS Burgerista Bucharest AUT:887412,Restaurants,Burgerista
Cumparare youtube tv Sibiu RO,Subscriptions,YouTube TV
Achizitie Epic Games Downtown #14,Entertainment,Epic Games
PMT iservice apple Sun Plaza 12345,Other,iService Apple
PMT bowling mega mall Iasi RID:34521,Entertainment,Bowling Mega Mall
Cumparare TRANSFER INTERN Bucharest,Transfer,Transfer intern
PMT POS MEGA IMAGE Pipera RID:34521,Groceries,Mega Image
Plata POS WHOLE FOODS MARKET Bucharest (RO),Groceries,Whole Foods Market
Achizitie Leroy Merlin Sun Plaza AUT:887412,Other,Leroy Merlin
Achizitie DataCamp Premium Center,Education,DataCamp Premium
Plata POS libraria humanitas AFI Cotroceni AUT:887412,Education,Libraria Humanitas
PMT POS GEAM AUTO SERVICE Galati,Other,Geam Auto Service
PMT E.ON Pipera RO,Utilities,E.ON
Cumparare Pensiune Sinaia Online (RO),Travel,Pensiune Sinaia
Plata POS Yoga clasa Mall #001,Health,Yoga clasa
POS Air France Center RID:34521,Travel,Air France
Cumparare Turkish Airlines Sibiu AUT:887412,Travel,Turkish Airlines
PURCHASE Google One Ploiesti RID:34521,Subscriptions,Google One
BERE SI GRILL Cotroceni 12345,Restaurants,Bere si grill
PMT SALARY EMPLOYER Downtown #001,Salary,SALARY EMPLOYER
POS SERVICE AUTO PREMIUM Park Lake #14,Transport,Service Auto Premium
PURCHASE WORKSHOP UI EU #14,Education,Workshop UI
PMT KAUFLAND ROM RO,Groceries,Kaufland
Plata cu cardul PLATA CONTRACT DREPTURI AUTOR Floreasca 12345,Salary,Plata contract drepturi autor
POS PENSIUNE SINAIA Cluj RO,Travel,Pensiune Sinaia
Achizitie Headspace Oradea,Subscriptions,Headspace
Cumparare Edo Sushi Sibiu #221,Restaurants,Edo Sushi
PURCHASE CINEMA 3D AFI Constanta #14,Entertainment,Cinema 3D AFI
Plata POS Profi Park Lake,Groceries,Profi
POS gog.com RO AUT:887412,Entertainment,GOG.com
Achizitie VATRA RESTAURANT Drumul Taberei #4321,Restaurants,Vatra Restaurant
Plata cu cardul WORDPRESS.COM PREMIUM AFI Cotroceni #001,Subscriptions,WordPress.com Premium
Cumparare Revolut transfer to friend Park Lake AUT:887412,Transfer,Revolut transfer to friend
PMT POS Restaurantul La Mama Oradea 12345,Restaurants,Restaurantul La Mama
PMT Sixt Rent a Car Promenada #221,Travel,Sixt Rent a Car
Achizitie Reparatii instalatie sanitara Cotroceni (RO),Housing,Reparatii instalatie sanitara
PMT Pubul Trafic Center #14,Restaurants,Pubul Trafic
PURCHASE GAZE NATURALE Pipera #4321,Utilities,Gaze Naturale
POS SALARIU LUNA IUNIE Vitan 12345,Salary,Salariu luna iunie
POS SPITALUL ELIAS Timisoara #14,Health,Spitalul Elias
Coinbase deposit Sun Plaza RO,Investments,Coinbase deposit
PMT PLATA FREELANCE PROIECT Sibiu #221,Salary,Plata freelance proiect
Dentist Brilliant ROM RO,Health,Dentist Brilliant
PMT POS DM Vitan #221,Groceries,DM
PMT POS Massimo Dutti AFI Cotroceni (RO),Other,Massimo Dutti
PMT karaoke sing city Sun Plaza #4321,Entertainment,Karaoke Sing City
Plata cu cardul SALARIU NET IUNIE Oradea 12345,Salary,Salariu Net Iunie
Plata cu cardul Whole Foods Market Drumul Taberei (RO),Groceries,Whole Foods Market
Achizitie LIFECLUB SALA ROM RO,Health,Lifeclub Sala
PMT Bar de zi Floreasca Vitan RO,Restaurants,Bar de zi Floreasca
PURCHASE FreshMarket Timisoara #001,Groceries,FreshMarket
PMT POS Equity buy MSFT Drumul Taberei #4321,Investments,Equity buy MSFT
Achizitie Autostrada A2 Cotroceni 12345,Transport,Autostrada A2
PURCHASE DIGI*FACT RO,Utilities,DIGI*FACT
PMT Virament BRD catre BCR Promenada AUT:887412,Transfer,Virament BRD catre BCR
POS Lifeclub Sala Galati #14,Health,Lifeclub Sala
Plata cu cardul Scoala Generala 4 Mall #4321,Education,Scoala Generala 4
PMT POS ETF SXR8 Promenada 12345,Investments,ETF SXR8
PMT Imobiliare.ro listare Online 12345,Housing,Imobiliare.ro listare
Achizitie Decont 7Card Park Lake,Salary,Decont 7Card
Sala fitness 7card Pipera (RO),Health,Sala fitness 7card
Plata POS Payslip ACME SRL ROM RID:34521,Salary,Payslip ACME SRL
Cumparare CHIPOTLE MEXICAN GRILL ROM #001,Restaurants,Chipotle Mexican Grill
POS Family Market Bucuresti #221,Groceries,Family Market
Achizitie Bumble Premium Brasov RID:34521,Subscriptions,Bumble Premium
Eco Market Aviatorilor #4321,Groceries,Eco Market
PURCHASE Hostel Friends Center 12345,Travel,Hostel Friends
PURCHASE Optica Optiblu Cotroceni #4321,Health,Optica Optiblu
Plata POS SPAR Iasi #4321,Groceries,Spar
Plata cu cardul nordvpn Bucharest AUT:887412,Subscriptions,NordVPN
Plata POS MAX.COM Timisoara #221,Subscriptions,Max.com
PMT POS m60 coffee Galati #14,Restaurants,M60 Coffee
CFR Bilet Online Downtown 12345,Transport,CFR Bilet Online
Plata POS Bonus performanta Q1 Aviatorilor,Salary,Bonus performanta Q1
Achizitie UPWORK PAYOUT Bucharest,Salary,Upwork payout
POS PATISERIE PARISUL Park Lake 12345,Other,Patiserie Parisul
Cumparare Apple.com/bill Promenada #4321,Subscriptions,Apple.com/bill
PURCHASE cabinet dermatologie Branch 12 RO,Health,Cabinet Dermatologie
Eurowings Aviatorilor,Travel,Eurowings
Achizitie TfL Oyster Ploiesti (RO),Transport,TfL Oyster
PMT POS Electrica Furnizare Aviatorilor,Utilities,Electrica Furnizare
Achizitie Tichete masa Sodexo Sibiu #221,Salary,Tichete masa Sodexo
Plata POS PLATA CHIRIE Mall RO,Housing,Plata chirie
PMT POS CABINET VETERINAR PET DOCTOR Galati #4321,Other,Cabinet Veterinar Pet Doctor
PMT POS MANUAL EDITURA NICULESCU EU #221,Education,Manual Editura Niculescu
Plata POS EMAG Galati #221,Other,eMAG
PMT POS PAYROLL JUNE 2026 Center #001,Salary,Payroll June 2026
POS DigitalOcean Droplet Bucharest 12345,Subscriptions,DigitalOcean Droplet
PURCHASE linkedin premium Timisoara #001,Subscriptions,LinkedIn Premium
Cumparare COMPARI.RO Oradea #001,Other,Compari.ro
Cumparare Cinema City AFI RO RO,Entertainment,Cinema City AFI
COURSERA PLUS ANNUAL Oradea (RO),Subscriptions,Coursera Plus annual
Plata POS HOTEL CARO Center AUT:887412,Travel,Hotel Caro
POS Tichete masa Up Brasov RID:34521,Salary,Tichete masa Up
Achizitie bricolaj dedeman Branch 12 12345,Other,Bricolaj Dedeman
PURCHASE Eurowings Mall #001,Travel,Eurowings
PMT PSIHOLOG CABINET Promenada #4321,Health,Psiholog Cabinet
PURCHASE Transfer cont curent AFI Cotroceni,Transfer,Transfer cont curent
Plata cu cardul CHICK-FIL-A Online #14,Restaurants,Chick-fil-A
Cumparare OnlyFans subscription Galati #14,Subscriptions,OnlyFans subscription
Plata POS Setapp Center,Subscriptions,Setapp
PURCHASE steam Downtown 12345,Entertainment,Steam
PMT Bonus anual Sibiu #221,Salary,Bonus anual
Plata POS FMI UBB Oradea #221,Education,FMI UBB
PMT CALM APP Branch 12 RO,Subscriptions,Calm app
PMT Tichete cadou Edenred Pipera,Salary,Tichete cadou Edenred
PMT POS stradivarius Branch 12 12345,Other,Stradivarius
PURCHASE Profi Iasi #001,Groceries,Profi
Plata POS Cabinet Veterinar Pet Doctor ROM,Other,Cabinet Veterinar Pet Doctor
Plata POS glovo Timisoara #001,Restaurants,Glovo
sala palatului concert EU #221,Entertainment,Sala Palatului concert
Achizitie OMV PetrolStation Online #14,Transport,OMV PetrolStation
Plata POS bricolaj dedeman RO AUT:887412,Other,Bricolaj Dedeman
Achizitie Hotel Crowne Plaza Aviatorilor (RO),Travel,Hotel Crowne Plaza
PURCHASE chirie luna iulie Online 12345,Housing,Chirie luna iulie
PMT POS DeepL Pro Oradea #14,Subscriptions,DeepL Pro
Achizitie fresca Center #14,Restaurants,Fresca
Sinsay Oradea 12345,Other,Sinsay
PMT kraken purchase Cotroceni RID:34521,Investments,Kraken purchase
PMT POS COFFEE PROJECT Vitan #001,Restaurants,Coffee Project
Cumparare BIJUTERII B&D Brasov RID:34521,Other,Bijuterii B&D
PMT POS Garantie chirie Downtown AUT:887412,Housing,Garantie chirie
PURCHASE GitHub Pro Baneasa #221,Subscriptions,GitHub Pro
Achizitie BROKER BT CAPITAL ROM #001,Investments,Broker BT Capital
Cumparare YouTube Premium EU #221,Subscriptions,YouTube Premium
PURCHASE COSMETIC & FOOD SHOP Cotroceni (RO),Groceries,Cosmetic & Food Shop
BikeRO Vitan (RO),Transport,BikeRO
Plata cu cardul nordvpn Aviatorilor #4321,Subscriptions,NordVPN
Cumparare escape room logica Brasov RO,Entertainment,Escape Room Logica
Cumparare cfr calatori AFI Cotroceni AUT:887412,Transport,CFR Calatori
Plata cu cardul Bistro Vintage AFI Cotroceni #221,Restaurants,Bistro Vintage
Plata cu cardul Steam Wallet Bucharest AUT:887412,Entertainment,Steam Wallet
POS SNCF Online (RO),Transport,SNCF
PMT TV CABLU ROMTELECOM ROM 12345,Utilities,TV Cablu Romtelecom
SCHIMB VALUTAR RAIFFEISEN Drumul Taberei #4321,Transfer,Schimb valutar Raiffeisen
PMT POS GARANTIE CHIRIE ROM RO,Housing,Garantie chirie
Cumparare coffee shop bohemia Aviatorilor AUT:887412,Restaurants,Coffee Shop Bohemia
PMT POS Albinuta Magazin ROM #001,Groceries,Albinuta Magazin
PMT WORKSHOP UI ROM #001,Education,Workshop UI
Plata POS CARTURESTI ONLINE Mall Vitan #14,Education,Carturesti Online
Cinemax Iulius Mall Baneasa,Entertainment,Cinemax Iulius Mall
wizzair bilet EU RO,Travel,WizzAir Bilet
POS UNIVERSITATEA BUCURESTI Promenada #14,Education,Universitatea Bucuresti
Cumparare CFR Calatori Sun Plaza AUT:887412,Transport,CFR Calatori
Achizitie Taxa scolarizare master Branch 12 AUT:887412,Education,Taxa scolarizare master
Plata cu cardul ShopMagazin Iasi #221,Groceries,ShopMagazin
POS Burger King Branch 12 AUT:887412,Restaurants,Burger King
POS UPWORK PAYOUT Bucharest #221,Salary,Upwork payout
Achizitie BOLT.EU Drumul Taberei #14,Transport,Bolt.eu
PURCHASE RATB Online #4321,Transport,RATB
Plata cu cardul CAMIN BUCURESTI Mall Vitan #4321,Education,Camin Bucuresti
Cumparare Karaoke Sing City Baneasa 12345,Entertainment,Karaoke Sing City
Plata cu cardul PLATA CHIRIE IUNIE Drumul Taberei RO,Housing,Plata chirie iunie
Plata cu cardul beauty salon pretty EU #4321,Other,Beauty Salon Pretty
dentist brilliant Store 04 12345,Health,Dentist Brilliant
Plata POS Alimentara Express Brasov RO,Groceries,Alimentara Express
Achizitie ENGIE GAZNATURALE RO #001,Utilities,Engie GazNaturale
Cumparare Spitalul Elias Vitan #001,Health,Spitalul Elias
Cumparare Petexpert Mall 12345,Other,Petexpert
Achizitie DECATHLON Online #001,Other,Decathlon
Plata cu cardul UBER ROMANIA RO (RO),Transport,Uber Romania
PMT POS escape room adventure Vitan,Entertainment,Escape Room Adventure
SUBSTACK SUBSCRIPTION Park Lake RO,Subscriptions,Substack subscription
Plata cu cardul BILETE FOTBAL STEAUA Bucharest #001,Entertainment,Bilete fotbal Steaua
PMT TucanoCoffee Online,Restaurants,TucanoCoffee
Achizitie Cora Branch 12 #221,Groceries,Cora
PMT POS CARL'S JR Iasi #4321,Restaurants,Carl's Jr
POS liceul cantemir Iasi (RO),Education,Liceul Cantemir
Plata POS Storia.ro listare Bucuresti,Housing,Storia.ro listare
Plata cu cardul BRUTARIA PAUL Sibiu AUT:887412,Groceries,Brutaria Paul
POS 5-TO-GO Aviatorilor AUT:887412,Restaurants,5-to-Go
Achizitie UPC ROMANIA ROM #221,Utilities,UPC Romania
Plata POS CAMIN BUCURESTI Center RO,Education,Camin Bucuresti
POS KRAKEN BUY Store 04,Investments,Kraken buy
PMT PAYROLL APRIL 2026 Galati #221,Salary,Payroll April 2026
Cumparare Colegiu National Sava RO,Education,Colegiu National Sava
PMT POS pet shop animax EU #221,Other,Pet Shop Animax
Mercadona AFI Cotroceni AUT:887412,Groceries,Mercadona
Plata POS Bolt Scooter AFI Cotroceni #4321,Transport,Bolt Scooter
PURCHASE UBER ROMANIA Oradea #001,Transport,Uber Romania
PMT POS INCASARE DE LA MARIA Timisoara 12345,Transfer,Incasare de la Maria
PMT POS Apa Nova Bucuresti Vitan #001,Utilities,Apa Nova Bucuresti
PMT transfer card to card Sibiu #14,Transfer,Transfer card to card
POS Carrefour City Store 04,Groceries,Carrefour City
Achizitie LA BRUTARIA Aviatorilor,Restaurants,La Brutaria
PMT POS Speakeasy Center RID:34521,Restaurants,Speakeasy
EXPRESSVPN ROM 12345,Subscriptions,ExpressVPN
POS LIBRARIA DIVERTA Store 04 AUT:887412,Education,Libraria Diverta
Plata cu cardul SEPHORA EU 12345,Other,Sephora
POS GIFT CARD Iasi RID:34521,Other,Gift card
Plata POS Starbucks EU,Restaurants,Starbucks
POS ASOCIATIE PROPRIETARI BLOC 12 Cluj 12345,Housing,Asociatie Proprietari Bloc 12
POS Burger King Floreasca,Restaurants,Burger King
PMT Deposit rent ROM #221,Housing,Deposit rent
PURCHASE medium membership Center,Subscriptions,Medium membership
PURCHASE asigurare casa allianz Center 12345,Housing,Asigurare casa Allianz
PMT POS Norwegian Air Drumul Taberei (RO),Travel,Norwegian Air
POS Decont salarial Bucuresti #001,Salary,Decont salarial
PURCHASE Apa Cluj Center (RO),Utilities,Apa Cluj
POS INTERNET FIBRA OPTICA Branch 12 #14,Utilities,Internet fibra optica
PMT Eurospar Sun Plaza RID:34521,Groceries,Eurospar
PURCHASE Hanu lui Manuc Online 12345,Restaurants,Hanu lui Manuc
PMT Coursera Park Lake RID:34521,Education,Coursera
Plata cu cardul PlayStation Network EU #4321,Entertainment,PlayStation Network
Cumparare FOND MUTUAL NN Sun Plaza 12345,Investments,Fond mutual NN
PMT POS Biletul Sportiv Iasi,Entertainment,Biletul Sportiv
SEPA Credit Transfer Mall Vitan (RO),Transfer,SEPA Credit Transfer
Achizitie apple one Constanta RO,Subscriptions,Apple One
PURCHASE OBB Austria Bucharest #001,Transport,OBB Austria
Plata cu cardul JYSK mobilier Galati 12345,Other,JYSK mobilier
tommy hilfiger Aviatorilor (RO),Other,Tommy Hilfiger
PMT La Brutaria Online #14,Restaurants,La Brutaria
PURCHASE renfe ROM AUT:887412,Transport,Renfe
PMT curatenie apartament Oradea 12345,Housing,Curatenie apartament
Plata POS LIME SCOOTER Sun Plaza RID:34521,Transport,Lime Scooter
POS FACTURA CURENT Store 04 #4321,Utilities,Factura curent
PMT POS Pilates studio EU 12345,Health,Pilates studio
PMT POS BONUS PERFORMANTA Q2 Store 04 12345,Salary,Bonus performanta Q2
Plata POS ASOCIATIE LOCATARI Sun Plaza #4321,Housing,Asociatie locatari
Achizitie Foto Studio Premium Store 04 RID:34521,Other,Foto Studio Premium
Plata cu cardul ENERGIEA BAR Cluj,Restaurants,Energiea Bar
Payroll May 2026 Drumul Taberei,Salary,Payroll May 2026
POS APASERV BRASOV Branch 12 AUT:887412,Utilities,ApaServ Brasov
Plata POS marionnaud Mall Vitan RO,Other,Marionnaud
POS Pizzeria Bonita Pipera AUT:887412,Restaurants,Pizzeria Bonita
Plata cu cardul Wok to Walk Cluj RO,Restaurants,Wok to Walk
PURCHASE MEDIUM MEMBERSHIP Sun Plaza AUT:887412,Subscriptions,Medium membership
Cumparare Clinica Polisano Oradea #001,Health,Clinica Polisano
PMT FARMACIA DONA Center (RO),Health,Farmacia Dona
PMT FRONTEND MASTERS SUBSCRIPTION Ploiesti RID:34521,Education,Frontend Masters subscription
Achizitie iservice apple Brasov #221,Other,iService Apple
Plata cu cardul charles schwab Downtown 12345,Investments,Charles Schwab
PMT Orange Romania Online #221,Utilities,Orange Romania
Plata cu cardul EON.RO factura Sibiu #001,Utilities,EON.RO factura
Plata cu cardul Auchan Drive Floreasca #221,Groceries,Auchan Drive
POS Întreținere apartament Center AUT:887412,Housing,Întreținere apartament
Plata cu cardul carturesti online Park Lake #14,Education,Carturesti Online
Întreținere casa Sun Plaza (RO),Housing,Întreținere casa
Achizitie Medicover Promenada #4321,Health,Medicover
PURCHASE KLM Bucharest #221,Travel,KLM
Vueling Mall Vitan AUT:887412,Travel,Vueling
PURCHASE Medical Center Bucuresti Timisoara #001,Health,Medical Center Bucuresti
PMT POS marionnaud Iasi,Other,Marionnaud
KAUFLAND ONLINE Brasov AUT:887412,Groceries,Kaufland Online
POS chirie luna mai Online 12345,Housing,Chirie luna mai
PMT Curatenie apartament Oradea RID:34521,Housing,Curatenie apartament
Achizitie Deposit rent Pipera #221,Housing,Deposit rent
Cumparare Plafar magazin Sun Plaza 12345,Groceries,Plafar magazin
Plata cu cardul CNAIR ROVINIETA Drumul Taberei #221,Transport,CNAIR Rovinieta
Plata POS Engie Romania Vitan #221,Utilities,Engie Romania
Cumparare Xbox Game Pass Bucuresti RO,Entertainment,Xbox Game Pass
PURCHASE Cofetaria Delice Sibiu #14,Other,Cofetaria Delice
PMT POS REZERVARE HOTEL BRASOV Floreasca RID:34521,Travel,Rezervare hotel Brasov
Plata POS Spitalul Floreasca EU (RO),Health,Spitalul Floreasca
PMT BK Branch 12 RO,Restaurants,BK
Plata POS APPLE.COM/BILL Bucharest #001,Subscriptions,Apple.com/bill
Cumparare plafar magazin Bucharest #14,Groceries,Plafar magazin
Plata POS Burgerista Aviatorilor 12345,Restaurants,Burgerista
PMT POS Facultatea de Informatica Park Lake #001,Education,Facultatea de Informatica
PURCHASE MEDICOVER Center AUT:887412,Health,Medicover
BURGERKING Pipera #14,Restaurants,BURGERKING
Plata cu cardul BANCA TRANSILVANIA TRANSFER Branch 12 #001,Transfer,Banca Transilvania transfer
Cumparare Reparatii instalatie sanitara ROM #001,Housing,Reparatii instalatie sanitara
Cumparare Iberia Constanta #4321,Travel,Iberia
Plata cu cardul GOOGLE STORAGE Cotroceni AUT:887412,Subscriptions,Google Storage
PMT CHIRIE LUNA IUNIE EU RID:34521,Housing,Chirie luna iunie
POS CEZ VANZARE Mall Vitan,Utilities,CEZ Vanzare
Achizitie Libraria Humanitas Online #001,Education,Libraria Humanitas
Cumparare Add money Revolut Baneasa #221,Transfer,Add money Revolut
Cumparare Curatatorie 5aSec Downtown RID:34521,Other,Curatatorie 5aSec
POS Beraria H Timisoara,Restaurants,Beraria H
PURCHASE salariu acme srl Oradea 12345,Salary,Salariu ACME SRL
POS Restaurant centrul vechi Downtown (RO),Restaurants,Restaurant centrul vechi
Plata cu cardul Notion Personal RO #14,Subscriptions,Notion Personal
Plata cu cardul HBO Max RO Park Lake #001,Subscriptions,HBO Max RO
PMT POS renfe Bucuresti RID:34521,Transport,Renfe
Achizitie cablu tv + internet Sun Plaza #14,Utilities,Cablu TV + Internet
Cumparare LIBRARIA MIHAI EMINESCU RO #14,Education,Libraria Mihai Eminescu
Plata POS CADOU ONLINE Mall #14,Other,Cadou online
Cumparare Hotel Caro Park Lake AUT:887412,Travel,Hotel Caro
Plata POS Salariu ACME SRL Park Lake #001,Salary,Salariu ACME SRL
PMT POS Lifeclub Sala EU #4321,Health,Lifeclub Sala
PURCHASE Discord Nitro Mall RO,Entertainment,Discord Nitro
Achizitie loft cafe RO 12345,Restaurants,Loft Cafe
POS netflix ROM (RO),Subscriptions,Netflix
Plata cu cardul UBER EATS Drumul Taberei #14,Restaurants,Uber Eats
Plata POS COURSERA PLUS Floreasca #221,Education,Coursera Plus
PURCHASE MADO PASTRY & COFFEE Vitan RO,Restaurants,Mado Pastry & Coffee
Achizitie Chirie apartament Center AUT:887412,Housing,Chirie apartament
Plata POS croitorie de lux Cluj #14,Other,Croitorie de Lux
Achizitie Trenitalia Brasov,Transport,Trenitalia
POS FARMACIA DONA Store 04 #221,Health,Farmacia Dona
Vel Pitar Iasi #221,Groceries,Vel Pitar
Achizitie Fond mutual BT Asset Mgmt Iasi AUT:887412,Investments,Fond mutual BT Asset Mgmt
PMT POS agoda Baneasa,Travel,Agoda
PMT WESTERN UNION TRANSFER Center (RO),Transfer,Western Union transfer
Achizitie AVANS CHIRIE EU #221,Housing,Avans chirie
Cumparare rosetta stone Sun Plaza #4321,Education,Rosetta Stone
Plata POS adobe premiere pro home Aviatorilor,Entertainment,Adobe Premiere Pro home
Achizitie Popeyes Louisiana Kitchen Timisoara RO,Restaurants,Popeyes Louisiana Kitchen
Plata POS PROFI LOCO EU (RO),Groceries,Profi Loco
Plata POS reserved ro Promenada RO,Other,Reserved RO
Cumparare CHIRIE APARTAMENT Brasov,Housing,Chirie apartament
PURCHASE Mere Pere magazin Store 04 (RO),Groceries,Mere Pere magazin
Achizitie spotify premium Iasi (RO),Subscriptions,Spotify Premium
Cumparare optimall optica Brasov (RO),Health,Optimall optica
Cumparare STB Abonament Online Mall 12345,Transport,STB Abonament Online
PURCHASE cez vanzare Brasov (RO),Utilities,CEZ Vanzare
GAZE NATURALE ROMANIA Baneasa #4321,Utilities,Gaze Naturale Romania
Achizitie REPARATII INSTALATIE SANITARA Bucharest #001,Housing,Reparatii instalatie sanitara
POS TERASA VARA HERASTRAU EU RID:34521,Restaurants,Terasa Vara Herastrau
Plata cu cardul Asigurare locuinta EU #4321,Housing,Asigurare locuinta
Plata cu cardul Synevo Laborator Online AUT:887412,Health,Synevo Laborator
Pensiune Sibiel Sibiu RID:34521,Travel,Pensiune Sibiel
PMT Twitch subscription Aviatorilor #14,Entertainment,Twitch subscription
IBERIA Park Lake (RO),Travel,Iberia
PMT Intretinere Bucuresti 12345,Housing,Intretinere
Cumparare Headspace Timisoara RO,Subscriptions,Headspace
Plata cu cardul bilet master Store 04 12345,Entertainment,Bilet Master
CONCERT MIHAI MARGINEANU Floreasca RID:34521,Entertainment,Concert Mihai Margineanu
Cumparare Festival Neversea Park Lake #14,Entertainment,Festival Neversea
PMT Salariu luna iunie Ploiesti #221,Salary,Salariu luna iunie
POS asigurare apartament Iasi RO,Housing,Asigurare apartament
Plata cu cardul ADOBE PHOTOSHOP Vitan,Subscriptions,Adobe Photoshop
Plata cu cardul Geam Auto Service Cluj #4321,Other,Geam Auto Service
VIRAMENT SALARIU NET Bucharest RO,Salary,VIRAMENT SALARIU NET
Achizitie metro cash & carry Mall RO,Groceries,Metro Cash & Carry
PURCHASE EPIC GAMES Cluj RID:34521,Entertainment,Epic Games
UBER ROMANIA Cluj #001,Transport,Uber Romania
Cumparare Asigurare locuinta Mall Vitan,Housing,Asigurare locuinta
PMT POS COFETARIA BOEMA Branch 12 AUT:887412,Other,Cofetaria Boema
Plata cu cardul BANCA TRANSILVANIA TRANSFER Mall Vitan #14,Transfer,Banca Transilvania transfer
POS salad box Aviatorilor AUT:887412,Restaurants,Salad Box
Plata cu cardul BILETE FOTBAL STEAUA Bucharest #14,Entertainment,Bilete fotbal Steaua
Cumparare STB Store 04 RID:34521,Transport,STB
Agoda Timisoara #001,Travel,Agoda
PURCHASE Dentist Brilliant Floreasca,Health,Dentist Brilliant
Plata cu cardul Vatra Restaurant Cotroceni RID:34521,Restaurants,Vatra Restaurant
PMT universitatea bucuresti Promenada #4321,Education,Universitatea Bucuresti
Plata POS eventim RO 12345,Entertainment,Eventim
Plata cu cardul Spotify EU #4321,Subscriptions,Spotify
Achizitie Kraken buy Constanta #14,Investments,Kraken buy
Plata cu cardul Coinbase deposit Brasov (RO),Investments,Coinbase deposit
POS ACUARELA CAFE Cluj AUT:887412,Restaurants,Acuarela Cafe
PMT EQUITY BUY NVDA Bucuresti RO,Investments,Equity buy NVDA
POS ApaServ Brasov EU RO,Utilities,ApaServ Brasov
Plata cu cardul Hervis Sports Cluj,Other,Hervis Sports
Achizitie Parking Mall Center,Transport,Parking Mall
Achizitie TICHETE VACANTA Drumul Taberei #221,Salary,Tichete vacanta
Plata POS Domino's Constanta (RO),Restaurants,Domino's
Achizitie Profi City Store 04 (RO),Groceries,Profi City
PURCHASE CEZ Vanzare Sibiu,Utilities,CEZ Vanzare
PURCHASE Coursera Plus Center 12345,Education,Coursera Plus
Achizitie restaurant hanu' berarilor Sibiu (RO),Restaurants,Restaurant Hanu' Berarilor
Achizitie Beans & Dots Bucuresti RO,Restaurants,Beans & Dots
Plata POS puma store Sun Plaza #14,Other,Puma store
Cumparare ProtonMail Aviatorilor (RO),Subscriptions,ProtonMail
Cumparare tim hortons ROM 12345,Restaurants,Tim Hortons
Plata POS Selgros Branch 12 12345,Groceries,Selgros
Achizitie Scoala Generala 4 RO #4321,Education,Scoala Generala 4
PMT salary employer Constanta #14,Salary,SALARY EMPLOYER
Plata POS Service Auto Premium Bucuresti RO,Transport,Service Auto Premium
Plata POS Administrator bloc 28 Cotroceni 12345,Housing,Administrator bloc 28
PURCHASE Termoenergetica Sud Downtown #001,Utilities,Termoenergetica Sud
Plata POS LINKEDIN PREMIUM Bucharest RO,Subscriptions,LinkedIn Premium
Achizitie PLURALSIGHT Vitan AUT:887412,Education,Pluralsight
PMT POS p2p crypto exchange Sibiu (RO),Investments,P2P crypto exchange
PMT POS payslip tech corp Branch 12 12345,Salary,Payslip Tech Corp
Plata cu cardul Dropbox Family Constanta #4321,Subscriptions,Dropbox Family
Achizitie Nintendo Switch Online RO #221,Entertainment,Nintendo Switch Online
PMT POS Cabinet Familie Dr. Popescu Park Lake,Health,Cabinet Familie Dr. Popescu
POS CURTEA VECHE BISTRO Bucuresti,Restaurants,Curtea Veche Bistro
Claude Pro Vitan 12345,Subscriptions,Claude Pro
Plata POS Notion Family AFI Cotroceni 12345,Subscriptions,Notion Family
POS SUSHI MASTER Floreasca (RO),Restaurants,Sushi Master
Plata POS WENDY'S Drumul Taberei,Restaurants,Wendy's
POS GOG.com Bucuresti RID:34521,Entertainment,GOG.com
Plata POS Evernote Personal Mall #221,Subscriptions,Evernote Personal
POS Vila Predeal Iasi #001,Travel,Vila Predeal
PMT PLATA CHIRIE IULIE Mall 12345,Housing,Plata chirie iulie
POS DRUMURI NATIONALE ROM 12345,Transport,Drumuri Nationale
Achizitie Nintendo eShop Iasi #221,Entertainment,Nintendo eShop
Achizitie Transfer ING to Revolut Cluj #001,Transfer,Transfer ING to Revolut
Plata cu cardul teatrul bulandra Drumul Taberei RID:34521,Entertainment,Teatrul Bulandra
PMT ONORARIU CONSULTANTA Center RO,Salary,Onorariu consultanta
PURCHASE Magazin Mixt Brasov #221,Groceries,Magazin Mixt
Achizitie EPIC GAMES STORE Park Lake #001,Entertainment,Epic Games Store
PMT Inmedio Vitan RO,Groceries,Inmedio
up card Galati RID:34521,Other,Up Card
Achizitie expedia ROM AUT:887412,Travel,Expedia
PURCHASE PlayStation Network Online #001,Entertainment,PlayStation Network
Plata POS Cafenea Origo Promenada RID:34521,Restaurants,Cafenea Origo
PMT OLX Imobiliare RO #001,Housing,OLX Imobiliare
POS Plata freelance proiect Sun Plaza (RO),Salary,Plata freelance proiect
PMT booking ro Brasov 12345,Travel,Booking RO
PURCHASE edx micromasters Oradea #221,Education,edX MicroMasters
Achizitie Bershka shop Center,Other,Bershka shop
PMT SEPHORA Downtown AUT:887412,Other,Sephora
asociatie locatari Sun Plaza RID:34521,Housing,Asociatie locatari
Plata cu cardul Adobe Premiere Pro home Ploiesti AUT:887412,Entertainment,Adobe Premiere Pro home
PMT QATAR AIRWAYS ROM,Travel,Qatar Airways
Achizitie Chirie apartament Aviatorilor RID:34521,Housing,Chirie apartament
BEANS & DOTS Center AUT:887412,Restaurants,Beans & Dots
PMT POS CARU' CU BERE Pipera #4321,Restaurants,Caru' cu Bere
POS camera din fata Sibiu AUT:887412,Restaurants,Camera din Fata
Cumparare Centrul Medical Pluton Vitan AUT:887412,Health,Centrul Medical Pluton
PROTONVPN Brasov #14,Subscriptions,ProtonVPN
Cumparare TINDER GOLD Floreasca 12345,Subscriptions,Tinder Gold
PURCHASE DATACAMP PREMIUM Sibiu,Education,DataCamp Premium
PMT robinhood deposit Center AUT:887412,Investments,Robinhood deposit
Plata POS gaze naturale Bucuresti 12345,Utilities,Gaze Naturale
Achizitie SIXT RENT A CAR ROM AUT:887412,Travel,Sixt Rent a Car
PMT metroul bucuresti Center,Transport,Metroul Bucuresti
Engie Romania ROM #001,Utilities,Engie Romania
POS Temu order EU (RO),Other,Temu order
PMT POS Colegiul Mihai Viteazul ROM,Education,Colegiul Mihai Viteazul
Achizitie SYNEVO LABS Mall Vitan RO,Health,Synevo Labs
PMT POS CHIRIE LUNA MAI Park Lake #221,Housing,Chirie luna mai
Plata cu cardul CURS CORPORATE TRAINING RO RO,Education,Curs Corporate Training
PURCHASE REBU Bucuresti Cluj 12345,Utilities,REBU Bucuresti
PMT Carrefour Downtown #221,Groceries,Carrefour
Cumparare Surfshark VPN Pipera #14,Subscriptions,Surfshark VPN
PMT POS Asigurare locuinta RO 12345,Housing,Asigurare locuinta
PMT POS Carl's Jr ROM (RO),Restaurants,Carl's Jr
PURCHASE Transfer BCR to ING AFI Cotroceni 12345,Transfer,Transfer BCR to ING
POS MOL Romania Mall (RO),Transport,MOL Romania
Achizitie SMASHBURGER Sun Plaza RID:34521,Restaurants,Smashburger
PMT hidroelectrica vanzare Store 04 RID:34521,Utilities,Hidroelectrica vanzare
Plata cu cardul MEDICOVER ROMANIA Vitan RID:34521,Health,Medicover Romania
Cumparare Property Manager fees Bucuresti RO,Housing,Property Manager fees
Plata cu cardul Apa Cluj Online AUT:887412,Utilities,Apa Cluj
PURCHASE Logoped sedinta Oradea AUT:887412,Health,Logoped sedinta
POS ETF VUAA ROM (RO),Investments,ETF VUAA
Achizitie AWS FREE TIER Center RO,Subscriptions,AWS Free Tier
PURCHASE CAFFE DEL SUD Park Lake RID:34521,Restaurants,Caffe del Sud
PMT POS uniqlo ROM (RO),Other,Uniqlo
Achizitie KHAN ACADEMY Cluj,Education,Khan Academy
Plata POS RAIFFEISEN VIRAMENT Store 04 #001,Transfer,Raiffeisen virament
Achizitie LINKEDIN PREMIUM Vitan #001,Subscriptions,LinkedIn Premium
POS CURATENIE CASA ROM #221,Housing,Curatenie casa
PMT REALESTATE ROMANIA Store 04 RID:34521,Housing,RealEstate Romania
trattoria il calcio Online #221,Restaurants,Trattoria il Calcio
PURCHASE Eco Market Downtown 12345,Groceries,Eco Market
xtb deposit Aviatorilor #001,Investments,XTB deposit
PURCHASE Subway Online 12345,Restaurants,Subway
COFFEE SHOP BOHEMIA Ploiesti #4321,Restaurants,Coffee Shop Bohemia
PMT AMAZON DE Aviatorilor,Other,Amazon DE
PMT POS Internet fibra optica Downtown,Utilities,Internet fibra optica
PURCHASE British Airways Promenada #4321,Travel,British Airways
Achizitie MasterClass annual Store 04 #001,Subscriptions,MasterClass annual
Achizitie medlife Park Lake #001,Health,MedLife
PMT POS rompetrol ROM 12345,Transport,Rompetrol
PMT POS DEUTSCHE BAHN EU RID:34521,Transport,Deutsche Bahn
PMT Tichete vacanta Ploiesti,Salary,Tichete vacanta
Achizitie Schimb valutar BCR RO,Transfer,Schimb valutar BCR
POS C&A fashion Oradea RO,Other,C&A fashion
Plata POS VIRAMENT SALARIU NET Baneasa #4321,Salary,VIRAMENT SALARIU NET
British Airways EU RO,Travel,British Airways
PROPERTY MANAGER FEES Online #14,Housing,Property Manager fees
Plata POS masterclass course Floreasca #4321,Education,MasterClass course
PMT virament brd catre bcr Downtown #001,Transfer,Virament BRD catre BCR
PMT Anaida Restaurant Bucharest #4321,Restaurants,Anaida Restaurant
PURCHASE FIGMA PRO Mall,Subscriptions,Figma Pro
PMT POS EVOMAG Downtown #221,Other,Evomag
POS Festival Neversea Park Lake #001,Entertainment,Festival Neversea
PMT BOLT*RIDE ROM RID:34521,Transport,BOLT*RIDE
florarie diana Timisoara 12345,Other,Florarie Diana
Plata cu cardul BRINGO Promenada #4321,Restaurants,Bringo
Cumparare Eurowings Brasov #001,Travel,Eurowings
PMT Selgros Center,Groceries,Selgros
PMT Pluralsight Oradea #14,Education,Pluralsight
PURCHASE La Doi Pasi Online #221,Groceries,La Doi Pasi
Achizitie SALUBRITATE URBAN EU #221,Utilities,Salubritate URBAN
PURCHASE TAXI PELICANUL ROM #221,Transport,Taxi Pelicanul
PMT Chirie luna iunie Iasi AUT:887412,Housing,Chirie luna iunie
Plata POS helpnet Branch 12 #221,Health,HelpNet
PURCHASE ASE TAXA MASTER Bucuresti 12345,Education,ASE Taxa Master
FESTIVAL ELECTRIC CASTLE Galati 12345,Entertainment,Festival Electric Castle
Plata cu cardul Întreținere apartament Promenada RO,Housing,Întreținere apartament
POS ENTERPRISE CAR RENTAL Park Lake RO,Travel,Enterprise Car Rental
POS City tour Lisbon Cotroceni #001,Travel,City tour Lisbon
PMT POS 5-to-Go Constanta #221,Restaurants,5-to-Go
Achizitie Microsoft 365 Family Ploiesti RID:34521,Subscriptions,Microsoft 365 Family
POS Apa Cluj Drumul Taberei RID:34521,Utilities,Apa Cluj
PURCHASE HIDROELECTRICA VANZARE AFI Cotroceni #221,Utilities,Hidroelectrica vanzare
PURCHASE CLAUDE.AI Floreasca #001,Subscriptions,Claude.ai
Plata POS Rezervare hotel Brasov Mall Vitan RO,Travel,Rezervare hotel Brasov
Cumparare github copilot Iasi 12345,Subscriptions,GitHub Copilot
PMT Mortgage payment Vitan #221,Housing,Mortgage payment
PMT POS epic games store ROM RO,Entertainment,Epic Games Store
Achizitie Emirates Cluj #001,Travel,Emirates
Plata POS Apa Nova Drumul Taberei #14,Utilities,Apa Nova
Plata cu cardul Epic Games Center #4321,Entertainment,Epic Games
Plata POS Intersport ROM 12345,Other,Intersport
PMT POS COINBASE BUY EU RID:34521,Investments,Coinbase buy
Plata POS Claude.ai Timisoara #14,Subscriptions,Claude.ai
PURCHASE Profi Loco Sibiu RO,Groceries,Profi Loco
POS Enterprise Car Rental Mall Vitan RO,Travel,Enterprise Car Rental
PMT CFR Calatori Cotroceni RID:34521,Transport,CFR Calatori
Achizitie RENT JUNE Oradea AUT:887412,Housing,RENT JUNE
Plata POS FrontendMasters Mall RID:34521,Education,FrontendMasters
Cumparare BINANCE DEPOSIT Drumul Taberei,Investments,Binance deposit
POS IKEA Bucuresti Online RID:34521,Other,IKEA Bucuresti
Eco Market Branch 12 12345,Groceries,Eco Market
POS Medic de familie Vitan #221,Health,Medic de familie
PURCHASE expressvpn Mall Vitan RID:34521,Subscriptions,ExpressVPN
Plata POS MAGAZINUL DE CARTIER ROM #221,Groceries,Magazinul de Cartier
PURCHASE Pilates studio AFI Cotroceni (RO),Health,Pilates studio
POS Tichete masa Sodexo Branch 12 #001,Salary,Tichete masa Sodexo
PMT POS coursera Downtown 12345,Education,Coursera
PMT HBO Max RO Drumul Taberei RID:34521,Subscriptions,HBO Max RO
Shake Shack Pipera RID:34521,Restaurants,Shake Shack
Achizitie MasterClass annual Branch 12,Subscriptions,MasterClass annual
Plata POS Sephora Iasi #221,Other,Sephora
PMT Hollywood Multiplex Galati #4321,Entertainment,Hollywood Multiplex
PMT POS Internet fibra optica Center (RO),Utilities,Internet fibra optica
Cumparare RCS RDS ROM #001,Utilities,RCS RDS
POS Termoenergetica EU RO,Utilities,Termoenergetica
Plata POS Editura Polirom carte Sun Plaza #221,Education,Editura Polirom carte
POS Setapp Constanta RID:34521,Subscriptions,Setapp
PURCHASE Carwash Express Oradea #14,Transport,Carwash Express
PMT ING Home'Bank transfer Aviatorilor #221,Transfer,ING Home'Bank transfer
PMT COMPENSATIE SPORT 7CARD Mall Vitan #14,Salary,Compensatie sport 7card
PURCHASE BONUS ANUAL Timisoara #4321,Salary,Bonus anual
Plata POS MedLife Constanta Center #4321,Health,MedLife Constanta
PURCHASE Saxo Bank trade Iasi RO,Investments,Saxo Bank trade
PMT POS Booking.com Downtown #001,Travel,Booking.com
PMT Transfer cont curent EU #221,Transfer,Transfer cont curent
POS Sanador Diagnostic Vitan #14,Health,Sanador Diagnostic
POS gaze naturale Cluj #4321,Utilities,Gaze Naturale
POS LOFT CAFE Store 04 #4321,Restaurants,Loft Cafe
Kentucky Fried Chicken Store 04 RID:34521,Restaurants,Kentucky Fried Chicken
Plata cu cardul cafenea aviatorilor Vitan #221,Restaurants,Cafenea Aviatorilor
Plata cu cardul Tichet feribot Mall #14,Travel,Tichet feribot
PURCHASE Charles Schwab Bucharest (RO),Investments,Charles Schwab
PMT Vodafone Romania Timisoara (RO),Utilities,Vodafone Romania
PMT POS targul de legume Downtown #4321,Groceries,Targul de Legume
Salariu luna mai Timisoara #14,Salary,Salariu luna mai
engie fact Sibiu (RO),Utilities,ENGIE FACT
PURCHASE Lufthansa Group Iasi,Travel,Lufthansa Group
Plata cu cardul Cosmetic & Food Shop Park Lake RO,Groceries,Cosmetic & Food Shop
PMT POS Kayak Constanta AUT:887412,Travel,Kayak
POS Tier Scooter ROM #221,Transport,Tier Scooter
Cumparare decont deplasare Online (RO),Salary,Decont deplasare
Achizitie Bank to bank SWIFT ROM RID:34521,Transfer,Bank to bank SWIFT
Cumparare Frontend Masters subscription Bucharest AUT:887412,Education,Frontend Masters subscription
Cumparare Intersport ROM RO,Other,Intersport
PMT Imobiliare.ro listare Park Lake 12345,Housing,Imobiliare.ro listare
Cumparare TRADER JOE'S Branch 12 RID:34521,Groceries,Trader Joe's
Plata cu cardul Hipmenu Iasi #4321,Restaurants,Hipmenu
PMT tichete masa up Branch 12 #14,Salary,Tichete masa Up
Plata POS Anthropic API RO #14,Subscriptions,Anthropic API
PMT POS KAUFLAND Ploiesti RID:34521,Groceries,Kaufland
POS ETORO DEPOSIT ROM RID:34521,Investments,eToro deposit
Cumparare LOFT CAFE Branch 12 12345,Restaurants,Loft Cafe
PURCHASE COFFEE PROJECT Vitan RO,Restaurants,Coffee Project
PURCHASE SPITALUL SF. PANTELIMON EU RID:34521,Health,Spitalul Sf. Pantelimon
Plata cu cardul Florarie Online Oradea #221,Other,Florarie Online
PMT Wise FX Sun Plaza RO,Transfer,Wise FX
POS ANSWEAR.RO Mall Vitan #221,Other,Answear.ro
Trivago Timisoara #14,Travel,Trivago
PURCHASE factura apa AFI Cotroceni RO,Utilities,Factura apa
Plata POS OFFICE 365 Mall Vitan,Subscriptions,Office 365
Cumparare Disney+ RO Galati 12345,Subscriptions,Disney+ RO
Achizitie VODAFONE CABLE Store 04 AUT:887412,Utilities,Vodafone Cable
POS ARGINT INVESTITIE Promenada #4321,Investments,Argint investitie
Achizitie BERARIA H Bucharest AUT:887412,Restaurants,Beraria H
Plata cu cardul Vila Carpati Online AUT:887412,Travel,Vila Carpati
Achizitie Rezervare Airbnb Cluj Cluj #221,Travel,Rezervare Airbnb Cluj
PMT FIDELITY INVEST Downtown #001,Investments,Fidelity Invest
PMT POS INMEDIO Downtown,Groceries,Inmedio
Achizitie SHOPMAGAZIN ROM 12345,Groceries,ShopMagazin
POS Cazare camin studenti Iasi #001,Education,Cazare camin studenti
Plata cu cardul ROMPETROL Ploiesti #221,Transport,Rompetrol
POS ANALIZE MEDICALE Cluj #001,Health,Analize medicale
POS Roviniete Online AFI Cotroceni RO,Transport,Roviniete Online
Achizitie Schimb valutar BCR Baneasa RO,Transfer,Schimb valutar BCR
ETIHAD AIRWAYS Bucharest,Travel,Etihad Airways
PMT POS Netlify Pro Park Lake #14,Subscriptions,Netlify Pro
Cumparare SALON BEAUTY LOUNGE Bucuresti (RO),Other,Salon Beauty Lounge
Achizitie 5-to-go Bucharest RID:34521,Restaurants,5-to-Go
Sala fitness 7card Mall #4321,Health,Sala fitness 7card
Plata POS SALARY TRANSFER Bucuresti #14,Salary,SALARY TRANSFER
Achizitie AQUATIM TIMISOARA Oradea #4321,Utilities,Aquatim Timisoara
PURCHASE ENGIE GAZNATURALE EU AUT:887412,Utilities,Engie GazNaturale
PMT Policlinica Titu Maiorescu Sun Plaza #14,Health,Policlinica Titu Maiorescu
PURCHASE Reserved RO Ploiesti AUT:887412,Other,Reserved RO
PURCHASE rent may Constanta #221,Housing,RENT MAY
Cumparare EON.RO FACTURA Drumul Taberei #4321,Utilities,EON.RO factura
Achizitie Avis Rent Timisoara #001,Travel,Avis Rent
Plata cu cardul Libraria Mihai Eminescu Oradea (RO),Education,Libraria Mihai Eminescu
SNCF Floreasca,Transport,SNCF
Achizitie Black Cab Baneasa RID:34521,Transport,Black Cab
Plata cu cardul RetiM Servicii Online,Utilities,RetiM Servicii
PMT POS Bursa de studii Ploiesti RID:34521,Education,Bursa de studii
PMT POS hornbach magazin ROM #221,Other,Hornbach magazin
Plata cu cardul FAMILY MARKET Store 04 #4321,Groceries,Family Market
Cumparare Spotify Family Floreasca #14,Subscriptions,Spotify Family
PMT Kaufland Aviatorilor RID:34521,Groceries,Kaufland
POS Evernote Personal EU,Subscriptions,Evernote Personal
PMT workshop ui ROM #221,Education,Workshop UI
Cumparare black cab Sibiu #14,Transport,Black Cab
Plata POS Engie Romania AFI Cotroceni RID:34521,Utilities,Engie Romania
COFETARIA BOEMA Galati (RO),Other,Cofetaria Boema
Plata cu cardul YOGA CLASA AFI Cotroceni (RO),Health,Yoga clasa
PMT POS Festival Awake EU AUT:887412,Entertainment,Festival Awake
PMT POS administrator bloc 12 Ploiesti #4321,Housing,Administrator bloc 12
PURCHASE Crypto.com Park Lake,Investments,Crypto.com
PURCHASE direct deposit acme Center AUT:887412,Salary,Direct Deposit ACME
POS RealEstate Romania Galati #001,Housing,RealEstate Romania
Plata cu cardul Etihad Airways Online #221,Travel,Etihad Airways
PMT POS KLM Mall 12345,Travel,KLM
PMT POS RETEAUA REGINA MARIA Center AUT:887412,Health,Reteaua Regina Maria
tesco Downtown RID:34521,Groceries,Tesco
POS asigurare travel city Vitan (RO),Travel,Asigurare travel City
Plata POS Pizzeria 4 Amici Bucharest #14,Restaurants,Pizzeria 4 Amici
Plata cu cardul CURTEA VECHE BISTRO Mall AUT:887412,Restaurants,Curtea Veche Bistro
Plata POS COFETARIA CAPSA Center RO,Other,Cofetaria Capsa
Plata cu cardul bcr transfer extern ROM RO,Transfer,BCR transfer extern
POS Piata Amzei Iasi RO,Groceries,Piata Amzei
KRAKEN PURCHASE Iasi 12345,Investments,Kraken purchase
Plata cu cardul Stripe internal transfer Brasov AUT:887412,Transfer,Stripe internal transfer
Cumparare Biletul Sportiv Bucharest AUT:887412,Entertainment,Biletul Sportiv
Plata POS PIZZERIA BONITA Floreasca 12345,Restaurants,Pizzeria Bonita
Plata cu cardul Rezervare hotel Brasov Cotroceni #001,Travel,Rezervare hotel Brasov
PMT 5-to-Go Park Lake #221,Restaurants,5-to-Go
Plata cu cardul TRANSFER REVOLUT TO BCR Drumul Taberei,Transfer,Transfer Revolut to BCR
PURCHASE patreon membership Cluj 12345,Subscriptions,Patreon membership
PMT spitalul coltea RO 12345,Health,Spitalul Coltea
PURCHASE BAUMAX EU AUT:887412,Other,BAUMAX
POS bt capital invest Constanta #001,Investments,BT Capital Invest
Cumparare Optimall optica Center 12345,Health,Optimall optica
POS TRANSFER BCR TO ING Drumul Taberei #221,Transfer,Transfer BCR to ING
POS BRINGO Cotroceni,Restaurants,Bringo
Terasa Vara Herastrau EU #14,Restaurants,Terasa Vara Herastrau
PMT Macromex Cluj (RO),Groceries,Macromex
POS Google Storage Sibiu #001,Subscriptions,Google Storage
Tazz Park Lake AUT:887412,Restaurants,Tazz
PMT POS Brutaria Paul Bucharest #14,Groceries,Brutaria Paul
Real estate REIT Branch 12 #14,Investments,Real estate REIT
Cumparare Hipmenu EU AUT:887412,Restaurants,Hipmenu
PURCHASE Colegiul National Lazar Floreasca AUT:887412,Education,Colegiul National Lazar
Achizitie OLX Imobiliare Vitan RO,Housing,OLX Imobiliare
Cumparare Park Lake bowling Cluj,Entertainment,Park Lake bowling
Plata cu cardul Tinder Gold Store 04 #4321,Subscriptions,Tinder Gold
SCHIMB VALUTAR RAIFFEISEN Park Lake AUT:887412,Transfer,Schimb valutar Raiffeisen
PMT Service Auto Premium Promenada AUT:887412,Transport,Service Auto Premium
Plata POS beraria h Store 04 AUT:887412,Restaurants,Beraria H
PMT POS Plata freelance proiect Baneasa #4321,Salary,Plata freelance proiect
PMT POS COOP Timisoara RID:34521,Groceries,Coop
PURCHASE SNCF Cluj (RO),Transport,SNCF
5 TO GO Branch 12 #4321,Restaurants,5 to Go
PMT POS fmi ubb Constanta RO,Education,FMI UBB
PMT POS Hidroelectrica ROM (RO),Utilities,Hidroelectrica
PURCHASE WIZZAIR BILET Online RID:34521,Travel,WizzAir Bilet
Cumparare comision agentie imobiliara Bucharest AUT:887412,Housing,Comision agentie imobiliara
Achizitie CITIRE CONTOR Brasov RO,Utilities,Citire contor
E.ON Online RO,Utilities,E.ON
PURCHASE Netflix Ploiesti #4321,Subscriptions,Netflix
PURCHASE La Doi Pasi Center 12345,Groceries,La Doi Pasi
POS Banca Transilvania transfer Drumul Taberei RID:34521,Transfer,Banca Transilvania transfer
PMT POS Nintendo eShop Center (RO),Entertainment,Nintendo eShop
Cumparare Steam Store ROM #14,Entertainment,Steam Store
Plata POS supeco Park Lake 12345,Groceries,Supeco
PMT Rezervare Airbnb Cluj Drumul Taberei #001,Travel,Rezervare Airbnb Cluj
POS Bowling Mega Mall Promenada RO,Entertainment,Bowling Mega Mall
PMT CARTURESTI Floreasca RID:34521,Education,Carturesti
PMT POS Brilliant.org Timisoara #4321,Education,Brilliant.org
Plata cu cardul TV CABLU ROMTELECOM Aviatorilor #4321,Utilities,TV Cablu Romtelecom
PURCHASE DECONT DEPLASARE Online (RO),Salary,Decont deplasare
Plata POS Bonus anual Pipera 12345,Salary,Bonus anual
Cumparare rompetrol Bucuresti 12345,Transport,Rompetrol
Achizitie Intretinere EU #4321,Housing,Intretinere
Cumparare KRAKEN BUY Oradea RO,Investments,Kraken buy
Cablu TV + Internet Online #4321,Utilities,Cablu TV + Internet
POS CEC Bank transfer Mall Vitan #001,Transfer,CEC Bank transfer
Achizitie CARREFOUR.RO ONLINE Oradea AUT:887412,Groceries,Carrefour.ro online
achizitie aplicatie Bucharest RO,Other,Achizitie aplicatie
Plata cu cardul Recoltare analize EU #4321,Health,Recoltare analize
PMT cofetaria capsa Mall,Other,Cofetaria Capsa
Cumparare Salariu Net Aprilie Downtown 12345,Salary,Salariu Net Aprilie
POS intretinere Branch 12 #221,Housing,Intretinere
Cumparare max.com Bucharest 12345,Subscriptions,Max.com
PMT POS discord nitro AFI Cotroceni #4321,Entertainment,Discord Nitro
Achizitie Revolut top-up EU 12345,Transfer,Revolut top-up
POS Electrician apartament Promenada RID:34521,Housing,Electrician apartament
POS bar de zi floreasca Vitan RID:34521,Restaurants,Bar de zi Floreasca
PURCHASE Raja Constanta Mall Vitan #14,Utilities,Raja Constanta
Plata POS SUSHI NOW Center RO,Restaurants,Sushi Now
Plata cu cardul Broker BT Capital Constanta #14,Investments,Broker BT Capital
Cumparare spar Mall Vitan 12345,Groceries,Spar
Cumparare Vivre.ro EU,Other,Vivre.ro
Cumparare asociatie locatari sect 1 Galati #14,Housing,Asociatie locatari sect 1
PURCHASE Floraria Mada Store 04 #221,Other,Floraria Mada
Storia.ro listare Oradea,Housing,Storia.ro listare
Plata cu cardul STEAM Downtown 12345,Entertainment,Steam
Cumparare Webull deposit Floreasca #001,Investments,Webull deposit
PC Garage Pipera #001,Other,PC Garage
PMT POS olx imobiliare Promenada #14,Housing,OLX Imobiliare
PMT STB Brasov #001,Transport,STB
PMT SCHIMB VALUTAR RAIFFEISEN Pipera (RO),Transfer,Schimb valutar Raiffeisen
POS BOLT*RIDE Cotroceni (RO),Transport,BOLT*RIDE
POS SALON COAFOR Cluj 12345,Other,Salon Coafor
PMT cinema city promenada Promenada #4321,Entertainment,Cinema City Promenada
POS etsy purchase Downtown RID:34521,Other,Etsy purchase
Plata POS Tichete cadou Edenred Online #4321,Salary,Tichete cadou Edenred
Achizitie Salariu Net Mai Store 04 #4321,Salary,Salariu Net Mai
POS ASE Bucuresti Brasov #14,Education,ASE Bucuresti
Plata POS UBER EATS Galati #14,Restaurants,Uber Eats
POS Taxa scolarizare master Floreasca #001,Education,Taxa scolarizare master
Achizitie MASTERCLASS ANNUAL RO,Subscriptions,MasterClass annual
Plata POS EDX Branch 12 (RO),Education,edX
Cumparare LUKOIL Park Lake,Transport,Lukoil
Achizitie PAYSLIP TECH CORP Oradea 12345,Salary,Payslip Tech Corp
Plata cu cardul AU BON PAIN Bucharest,Restaurants,Au Bon Pain
POS OPENSEA PURCHASE NFT Floreasca RO,Investments,OpenSea purchase NFT
Achizitie Cinemax Store 04 #001,Entertainment,Cinemax
POS Vivo Restaurant RO #221,Restaurants,Vivo Restaurant
Plata POS wendys Branch 12 #221,Restaurants,Wendys
PMT POS Trattoria Buongiorno Ploiesti #001,Restaurants,Trattoria Buongiorno
PURCHASE stb bucuresti Downtown,Transport,STB Bucuresti
PMT POS medlife Online #4321,Health,MedLife
PURCHASE FARMACIA DONA Iasi 12345,Health,Farmacia Dona
POS SUSHI TO GO Online #221,Restaurants,Sushi to Go
PMT GetYourGuide tur AFI Cotroceni AUT:887412,Travel,GetYourGuide tur
Cumparare INSTALATOR URGENTA EU,Housing,Instalator urgenta
PMT POS cloudflare pro Store 04 #4321,Subscriptions,Cloudflare Pro
POS coursera Bucharest 12345,Education,Coursera
PMT POS CURTEA VECHE BISTRO Promenada #001,Restaurants,Curtea Veche Bistro
Achizitie PlayStation Network ROM RID:34521,Entertainment,PlayStation Network
PMT foodpanda Branch 12 #4321,Restaurants,FoodPanda
Cumparare plata chirie iulie Constanta 12345,Housing,Plata chirie iulie
Cumparare bio romania Cluj RO,Groceries,Bio Romania
POS SCOALA GENERALA 4 Vitan #14,Education,Scoala Generala 4
Imobiliare.ro listare Mall Vitan #221,Housing,Imobiliare.ro listare
PURCHASE Metrorex Baneasa RID:34521,Transport,Metrorex
Achizitie Binance Spot Constanta RO,Investments,Binance Spot
Cumparare TV CABLU ROMTELECOM Timisoara RO,Utilities,TV Cablu Romtelecom
Achizitie Virament BRD catre BCR Bucharest #4321,Transfer,Virament BRD catre BCR
Achizitie RCS RDS Branch 12 #221,Utilities,RCS RDS
Achizitie adobe creative cloud Aviatorilor (RO),Subscriptions,Adobe Creative Cloud
Plata POS BK Promenada RID:34521,Restaurants,BK
PMT POS ASIGURARE CALATORIE ALLIANZ Constanta RID:34521,Travel,Asigurare calatorie Allianz
Achizitie NIKE STORE Park Lake #221,Other,Nike store
PMT Raja Constanta Oradea RID:34521,Utilities,Raja Constanta
KINDLE UNLIMITED EU AUT:887412,Subscriptions,Kindle Unlimited
Plata cu cardul UBER EATS Bucuresti #4321,Restaurants,Uber Eats
Plata cu cardul bistroteca Pipera 12345,Restaurants,Bistroteca
Niro Market Drumul Taberei,Groceries,Niro Market
PMT POS headspace Brasov AUT:887412,Subscriptions,Headspace
PURCHASE upc romania Store 04 RID:34521,Utilities,UPC Romania
Plata cu cardul BRD transfer extern Sun Plaza #001,Transfer,BRD transfer extern
PMT TOP-UP REVOLUT RO #001,Transfer,Top-up Revolut
POS ASOCIATIE PROPRIETARI BLOC 5 Pipera RID:34521,Housing,Asociatie Proprietari Bloc 5
Plata cu cardul bowling cosmos Constanta RID:34521,Entertainment,Bowling Cosmos
PMT POS shein order Online #14,Other,Shein order
PMT TRADING212 DEPOSIT RO,Investments,Trading212 deposit
PURCHASE PUB DRUMUL TABEREI Timisoara AUT:887412,Restaurants,Pub Drumul Taberei
Plata cu cardul VIETNAM RESTAURANT Center #4321,Restaurants,Vietnam Restaurant
Plata cu cardul coop Floreasca (RO),Groceries,Coop
WENDYS Promenada #14,Restaurants,Wendys
PMT CEZ Romania AFI Cotroceni 12345,Utilities,CEZ Romania
Cumparare Metro Cash & Carry Branch 12 #4321,Groceries,Metro Cash & Carry
Plata POS taxi pelicanul Baneasa 12345,Transport,Taxi Pelicanul
Plata cu cardul PIZZERIA 4 AMICI Bucuresti,Restaurants,Pizzeria 4 Amici
Achizitie DECONT SALARIAL Mall Vitan #221,Salary,Decont salarial
PMT UBER EATS Sun Plaza 12345,Restaurants,Uber Eats
Achizitie Trading 212 Invest Online RO,Investments,Trading 212 Invest
Plata cu cardul LUFTHANSA Aviatorilor #001,Travel,Lufthansa
PURCHASE Joc PC Steam Mall Vitan,Entertainment,Joc PC Steam
Plata cu cardul Salariu ore suplimentare Sibiu RO,Salary,Salariu ore suplimentare
PMT costa coffee Constanta RO,Restaurants,Costa Coffee
POS SPITALUL FLOREASCA ROM #4321,Health,Spitalul Floreasca
Achizitie Libraria Humanitas RO #4321,Education,Libraria Humanitas
Plata POS trader joe's Ploiesti #14,Groceries,Trader Joe's
Achizitie restaurant hanu' berarilor RO RID:34521,Restaurants,Restaurant Hanu' Berarilor
PMT POS NOTION PERSONAL Bucharest AUT:887412,Subscriptions,Notion Personal
Cumparare crypto staking reward Promenada (RO),Investments,Crypto staking reward
POS chirie luna iulie Iasi RO,Housing,Chirie luna iulie
PMT POS Lufthansa AFI Cotroceni #001,Travel,Lufthansa
PMT POS City tour Lisbon Baneasa 12345,Travel,City tour Lisbon
Plata POS Bolt Scooter Downtown #4321,Transport,Bolt Scooter
POS CLAUDE PRO Center AUT:887412,Subscriptions,Claude Pro
PMT SPITALUL COLTEA Sibiu #001,Health,Spitalul Coltea
Plata cu cardul Patiseria Simigerie EU (RO),Groceries,Patiseria Simigerie
Plata cu cardul SUSHI TO GO Timisoara AUT:887412,Restaurants,Sushi to Go
PURCHASE ETF EUNL EU RO,Investments,ETF EUNL
PMT POS Shein order ROM,Other,Shein order
Achizitie VIVRE.RO Ploiesti AUT:887412,Other,Vivre.ro
PMT calvin klein store RO #221,Other,Calvin Klein store
Cumparare Qatar Airways EU #14,Travel,Qatar Airways
Achizitie RCS RDS Sibiu RO,Utilities,RCS RDS
PMT POS FESTIVAL ELECTRIC CASTLE Branch 12 (RO),Entertainment,Festival Electric Castle
PMT STARBUCKS Floreasca AUT:887412,Restaurants,Starbucks
PMT POS Gift card EU (RO),Other,Gift card
Achizitie Taxa scolarizare licenta Branch 12 RID:34521,Education,Taxa scolarizare licenta
POS Hotel Hilton Sibiu Iasi,Travel,Hotel Hilton Sibiu
POS Asigurare apartament ROM #4321,Housing,Asigurare apartament
POS Rovinieta Branch 12,Transport,Rovinieta
Cumparare RAJA CONSTANTA Sibiu RO,Utilities,Raja Constanta
POS Liceul Cantemir Timisoara RO,Education,Liceul Cantemir
PURCHASE TRADER JOE'S Store 04,Groceries,Trader Joe's
PMT Mentenanta lift Bucharest #4321,Housing,Mentenanta lift
POS asociatie locatari sect 1 Baneasa (RO),Housing,Asociatie locatari sect 1
PURCHASE subway Downtown,Restaurants,Subway
Cumparare virament salariu net Downtown RO,Salary,VIRAMENT SALARIU NET
Plata POS wish.com Constanta #14,Other,Wish.com
Achizitie PARCARE AEROPORT OTOPENI Drumul Taberei #14,Transport,Parcare Aeroport Otopeni
PURCHASE ETF VOO ROM #001,Investments,ETF VOO
Cumparare E.ON Park Lake RO,Utilities,E.ON
PMT Equity buy MSFT Constanta AUT:887412,Investments,Equity buy MSFT
PMT POS SANADOR Sibiu,Health,Sanador
Plata cu cardul Wise transfer Constanta AUT:887412,Transfer,Wise transfer
PMT POS sportisimo Baneasa 12345,Other,Sportisimo
PMT POS DECONT DEPLASARE EU RO,Salary,Decont deplasare
Plata POS UNISWAP SWAP Branch 12 RO,Investments,Uniswap swap
PURCHASE SALARY EMPLOYER Pipera 12345,Salary,SALARY EMPLOYER
PMT hotel marriott bucuresti Bucharest 12345,Travel,Hotel Marriott Bucuresti
PMT Treehouse Ploiesti RO,Education,Treehouse
Cumparare Festival Neversea Promenada RID:34521,Entertainment,Festival Neversea
Plata cu cardul Crypto staking reward Drumul Taberei 12345,Investments,Crypto staking reward
Cumparare Cofetaria Delice Online,Other,Cofetaria Delice
Plata cu cardul aeroitalia Mall Vitan #221,Travel,AeroItalia
Achizitie 5 to Go Branch 12 #001,Restaurants,5 to Go
COURSERA PLUS ANNUAL Pipera RO,Subscriptions,Coursera Plus annual
PURCHASE LENSA.RO Brasov RID:34521,Health,Lensa.ro
Plata POS Crypto airdrop Vitan (RO),Investments,Crypto airdrop
PMT SINSAY ROM 12345,Other,Sinsay
E.ON Energie Romania Aviatorilor #001,Utilities,E.ON Energie Romania
PMT POS Payroll April 2026 Center #001,Salary,Payroll April 2026
PMT pubul trafic AFI Cotroceni AUT:887412,Restaurants,Pubul Trafic
PMT domo romania EU 12345,Other,Domo Romania
Plata POS Rata ipoteca Cotroceni #4321,Housing,Rata ipoteca
niro market Mall Vitan RID:34521,Groceries,Niro Market
Cumparare British Airways Downtown 12345,Travel,British Airways
Plata POS SURFSHARK VPN Drumul Taberei #4321,Subscriptions,Surfshark VPN
Cumparare AIRBNB Sibiu #001,Travel,Airbnb
Achizitie OPTICA QUATTRO Sibiu (RO),Health,Optica Quattro
POS PAYPAL TRANSFER Galati 12345,Transfer,PayPal transfer
PMT POS internet fibra optica Pipera 12345,Utilities,Internet fibra optica
Plata cu cardul Mega Image Shop&Go Drumul Taberei RID:34521,Groceries,Mega Image Shop&Go
PMT POS AUTO SERVICE PITESTI Constanta 12345,Transport,Auto Service Pitesti
ROBINHOOD DEPOSIT Galati #4321,Investments,Robinhood deposit
POS Piata Obor RO #221,Groceries,Piata Obor
PURCHASE Cafenea Aviatorilor AFI Cotroceni RO,Restaurants,Cafenea Aviatorilor
PURCHASE Restaurantul La Mama Downtown,Restaurants,Restaurantul La Mama
PMT POS Dr Dentist Ploiesti (RO),Health,Dr Dentist
Plata POS Gift card Online AUT:887412,Other,Gift card
POS Lifeclub Sala ROM RID:34521,Health,Lifeclub Sala
Plata cu cardul ETF SPY Cluj #14,Investments,ETF SPY
Plata POS Vueling Vitan #14,Travel,Vueling
Plata cu cardul Hornbach magazin Downtown #4321,Other,Hornbach magazin
Achizitie BABBEL SUBSCRIPTION Bucuresti #221,Subscriptions,Babbel subscription
POS curatenie casa Constanta RID:34521,Housing,Curatenie casa
Plata POS GitHub Pro Aviatorilor #221,Subscriptions,GitHub Pro
POS Inchiriere masina Sixt Galati (RO),Travel,Inchiriere masina Sixt
PURCHASE Terasa Vara Herastrau Bucharest RO,Restaurants,Terasa Vara Herastrau
CFR Calatori Bucharest,Transport,CFR Calatori
Cumparare revolut transfer to friend Downtown RO,Transfer,Revolut transfer to friend
PMT POS CHIRIE LUNA MAI Timisoara #14,Housing,Chirie luna mai
Cumparare engie fact Timisoara AUT:887412,Utilities,ENGIE FACT
Plata POS air france EU,Travel,Air France
Cumparare Trader Joe's Pipera (RO),Groceries,Trader Joe's
PMT POS APOMETRU INDEX Branch 12 #14,Utilities,Apometru index
PURCHASE Uber Romania Baneasa RID:34521,Transport,Uber Romania
Plata POS Cabinet Stomatologic Bright Timisoara RID:34521,Health,Cabinet Stomatologic Bright
Plata POS Achizitie diversa ROM,Other,Achizitie diversa
PURCHASE FMI Bucuresti RO #001,Education,FMI Bucuresti
POS Twitch subscription Store 04 #001,Entertainment,Twitch subscription
PMT TERASA VARA HERASTRAU Vitan RID:34521,Restaurants,Terasa Vara Herastrau
Plata POS FIVE GUYS Center (RO),Restaurants,Five Guys
Plata POS Medic de familie Vitan #001,Health,Medic de familie
PURCHASE LinkedIn Learning EU RO,Education,LinkedIn Learning
Plata cu cardul crucea rosie donatie Floreasca (RO),Other,Crucea Rosie donatie
Plata cu cardul stripe payout Timisoara,Salary,Stripe payout
Achizitie BONUS PERFORMANTA Q2 Ploiesti 12345,Salary,Bonus performanta Q2
Plata POS METAMASK TRANSACTION Branch 12 #001,Investments,MetaMask transaction
POS Chirie luna iulie Cotroceni RO,Housing,Chirie luna iulie
POS stb abonament online Online #14,Transport,STB Abonament Online
PMT dominos pizza Downtown 12345,Restaurants,Dominos Pizza
Plata cu cardul Brutaria Paul Ploiesti RO,Groceries,Brutaria Paul
Plata POS TAROM bilet online Floreasca,Travel,TAROM bilet online
Cumparare PROFI CITY Center,Groceries,Profi City
POS McDonald's Mall,Restaurants,McDonald's
PURCHASE ETF SPY Store 04 #221,Investments,ETF SPY
Cumparare FARMACIA TEI Bucharest AUT:887412,Health,Farmacia Tei
POS concert mihai margineanu Mall AUT:887412,Entertainment,Concert Mihai Margineanu
PURCHASE EPIC GAMES Galati #14,Entertainment,Epic Games
Cumparare ROYALTY PAYMENT AMAZON Pipera,Salary,Royalty payment Amazon
PURCHASE UDEMY COURSE Downtown #4321,Education,Udemy Course
Cumparare caffe del sud Drumul Taberei #001,Restaurants,Caffe del Sud
PURCHASE Air France Bucuresti 12345,Travel,Air France
Plata cu cardul Lem's mobilier Mall Vitan #221,Other,Lem's mobilier
PMT Recoltare analize EU RID:34521,Health,Recoltare analize
Plata POS Selgros Center #221,Groceries,Selgros
Cumparare Colegiul National Lazar Center RO,Education,Colegiul National Lazar
POS Colegiul Mihai Viteazul Iasi #221,Education,Colegiul Mihai Viteazul
Plata cu cardul UBER*TRIP ROM (RO),Transport,UBER*TRIP
Plata cu cardul Tichete vacanta Branch 12 #221,Salary,Tichete vacanta
PMT POS lifeclub sala Floreasca,Health,Lifeclub Sala
Achizitie RESTAURANTUL LA MAMA Downtown #4321,Restaurants,Restaurantul La Mama
Plata cu cardul Drumuri Nationale RO #14,Transport,Drumuri Nationale
PMT TRENITALIA Bucharest AUT:887412,Transport,Trenitalia
Squarespace Plan Pipera 12345,Subscriptions,Squarespace Plan
PURCHASE LIBRARIA HUMANITAS Bucharest RO,Education,Libraria Humanitas
PMT POS Cinema City Promenada Sun Plaza #001,Entertainment,Cinema City Promenada
PMT POS McD Oradea #221,Restaurants,McD
PMT drumuri nationale Iasi (RO),Transport,Drumuri Nationale
Achizitie salariu ore suplimentare Mall Vitan (RO),Salary,Salariu ore suplimentare
PMT POS CLAUDE.AI Online #001,Subscriptions,Claude.ai
Plata POS BLACKROCK ISHARES Center AUT:887412,Investments,BlackRock iShares
PMT POS Transfer Revolut to BCR Center (RO),Transfer,Transfer Revolut to BCR
BERSHKA SHOP Branch 12 RO,Other,Bershka shop
PMT POS onorariu consultanta Park Lake 12345,Salary,Onorariu consultanta
Achizitie REALESTATE ROMANIA Downtown #4321,Housing,RealEstate Romania
Achizitie Uniqlo Constanta #001,Other,Uniqlo
POS xbox live EU #001,Entertainment,Xbox Live
PURCHASE FACULTATEA DE INFORMATICA Center #14,Education,Facultatea de Informatica
Achizitie tichete cadou edenred Park Lake,Salary,Tichete cadou Edenred
Grammarly Premium Cotroceni 12345,Subscriptions,Grammarly Premium
POS puma store Timisoara RO,Other,Puma store
PMT POS glovo Floreasca RO,Restaurants,Glovo
POS BOOTCAMP CODING Online,Education,Bootcamp Coding
Cumparare TakeAway Downtown 12345,Restaurants,TakeAway
Sanador Diagnostic Cotroceni AUT:887412,Health,Sanador Diagnostic
PMT POS Cablu TV + Internet Mall Vitan RID:34521,Utilities,Cablu TV + Internet
Achizitie CEC VIRAMENT Bucuresti #4321,Transfer,CEC virament
Plata POS ROSETTA STONE ROM #4321,Education,Rosetta Stone
Achizitie OFFICE 365 Branch 12 #001,Subscriptions,Office 365
Plata POS MADO PASTRY & COFFEE Park Lake #14,Restaurants,Mado Pastry & Coffee
PMT orange prepay Downtown #14,Utilities,Orange PrePay
POS Equity buy NVDA Sibiu 12345,Investments,Equity buy NVDA
Plata POS disney plus RO #001,Subscriptions,Disney Plus
Plata POS HOTEL ATHENEE PALACE Mall Vitan #14,Travel,Hotel Athenee Palace
POS curatenie casa Bucharest #221,Housing,Curatenie casa
POS Bonus performanta Q2 Center #14,Salary,Bonus performanta Q2
PMT Cafenea Aviatorilor Bucuresti AUT:887412,Restaurants,Cafenea Aviatorilor
PMT POS rezervare airbnb cluj EU 12345,Travel,Rezervare Airbnb Cluj
Achizitie Twitch subscription RO AUT:887412,Entertainment,Twitch subscription
Plata POS Storia.ro listare Sibiu (RO),Housing,Storia.ro listare
POS top-up revolut Cluj #4321,Transfer,Top-up Revolut
Plata cu cardul UNIVERSITATE TEHNICA Cotroceni #14,Education,Universitate Tehnica
Plata cu cardul P2P PAYMENT ANDREI Aviatorilor AUT:887412,Transfer,P2P payment Andrei
SALAD BOX Ploiesti #14,Restaurants,Salad Box
Achizitie Curatatorie 5aSec Downtown RO,Other,Curatatorie 5aSec
Plata POS PATISERIE BOULANGERIE Mall Vitan RID:34521,Other,Patiserie Boulangerie
Plata cu cardul Steam Oradea #14,Entertainment,Steam
POS ASOCIATIE PROPRIETARI BLOC 5 Brasov RO,Housing,Asociatie Proprietari Bloc 5
POS realestate romania Constanta #4321,Housing,RealEstate Romania
Escape Room Logica Branch 12,Entertainment,Escape Room Logica
Cumparare Electrician apartament Brasov RID:34521,Housing,Electrician apartament
Plata POS Costa Coffee Aviatorilor RO,Restaurants,Costa Coffee
PMT POS YouTube Music Branch 12,Subscriptions,YouTube Music
PMT POS Mentenanta lift Online 12345,Housing,Mentenanta lift
PURCHASE CODECADEMY EU RID:34521,Education,Codecademy
POS Tommy Hilfiger RO #221,Other,Tommy Hilfiger
Plata POS skillshare Sun Plaza #14,Education,Skillshare
PMT POS TAXA SCOLARIZARE LICENTA Galati (RO),Education,Taxa scolarizare licenta
Cumparare RAT Sibiu Online RO,Transport,RAT Sibiu
POS CEC Bank transfer Bucuresti RO,Transfer,CEC Bank transfer
Achizitie OMV PETROLSTATION Center #4321,Transport,OMV PetrolStation
Plata POS frontend masters subscription Bucharest #221,Education,Frontend Masters subscription
POS Raja Constanta Mall Vitan RO,Utilities,Raja Constanta
Cumparare OpenSea purchase NFT Sibiu #221,Investments,OpenSea purchase NFT
PURCHASE COFETARIA CAPSA Branch 12 12345,Other,Cofetaria Capsa
PURCHASE Hard Rock Cafe Sun Plaza #14,Restaurants,Hard Rock Cafe
PMT Pensie facultativa NN Pipera 12345,Investments,Pensie facultativa NN
POS hipmenu Pipera 12345,Restaurants,Hipmenu
PMT POS apa nova bucuresti RO RO,Utilities,Apa Nova Bucuresti
teatrul mic Cluj #4321,Entertainment,Teatrul Mic
Cumparare Bank to bank SWIFT Floreasca RID:34521,Transfer,Bank to bank SWIFT
COMISION AGENTIE IMOBILIARA Park Lake #221,Housing,Comision agentie imobiliara
POS Zen Sushi RO #221,Restaurants,Zen Sushi
Plata cu cardul Stripe payout Mall 12345,Salary,Stripe payout
POS Bolt Food RO,Restaurants,Bolt Food
LIFECLUB SALA Aviatorilor (RO),Health,Lifeclub Sala
Mentenanta lift Brasov RID:34521,Housing,Mentenanta lift
Karaoke Sing City Park Lake (RO),Entertainment,Karaoke Sing City
Plata cu cardul FESTIVAL UNTOLD EU #001,Entertainment,Festival Untold
Plata cu cardul Yoga clasa Mall,Health,Yoga clasa
Cumparare La Placinte RO #221,Restaurants,La Placinte
liceul cantemir Online #221,Education,Liceul Cantemir
PMT Add money Revolut Center RID:34521,Transfer,Add money Revolut
Plata chirie iulie Cotroceni #14,Housing,Plata chirie iulie
Achizitie WOLT Pipera RO,Restaurants,Wolt
Cumparare M60 Coffee Aviatorilor RID:34521,Restaurants,M60 Coffee
Cumparare DEGIRO TRANSFER Store 04 #14,Investments,DEGIRO transfer
Cumparare CHEF BURGER Store 04 RO,Restaurants,Chef Burger
Plata POS eToro deposit Ploiesti,Investments,eToro deposit
PMT COINBASE BUY RO #14,Investments,Coinbase buy
Achizitie Cabinet Stomatologic Bright RO 12345,Health,Cabinet Stomatologic Bright
Plata cu cardul LUKOIL Sibiu AUT:887412,Transport,Lukoil
Cumparare MCDS Oradea #221,Restaurants,MCDS
Plata POS Rompetrol Statie Store 04 AUT:887412,Transport,Rompetrol Statie
Achizitie WAGE TRANSFER Sibiu #221,Salary,Wage Transfer
Plata POS TAXA SCOLARIZARE LICENTA Store 04 RID:34521,Education,Taxa scolarizare licenta
Synevo Laborator ROM 12345,Health,Synevo Laborator
PURCHASE FRESHMARKET Baneasa #14,Groceries,FreshMarket
PURCHASE Linea Closer to the Moon ROM AUT:887412,Restaurants,Linea Closer to the Moon
Plata cu cardul etf eunl Drumul Taberei RO,Investments,ETF EUNL
Plata cu cardul Direct Deposit ACME Sun Plaza #4321,Salary,Direct Deposit ACME
Achizitie Imobiliare.ro listare Center #4321,Housing,Imobiliare.ro listare
Plata cu cardul taxi cris Bucharest RO,Transport,Taxi Cris
Plata POS vietnam restaurant RO AUT:887412,Restaurants,Vietnam Restaurant
PURCHASE RealEstate Romania Bucharest #4321,Housing,RealEstate Romania
ETF VOO Bucuresti RO,Investments,ETF VOO
PURCHASE NETFLIX PREMIUM Bucuresti #14,Subscriptions,Netflix Premium
PMT POS vodafone romania Sun Plaza #4321,Utilities,Vodafone Romania
Achizitie Cazare camin studenti Baneasa #14,Education,Cazare camin studenti
Plata POS APA CLUJ Promenada,Utilities,Apa Cluj
POS policlinica titu maiorescu Park Lake 12345,Health,Policlinica Titu Maiorescu
P2P PAYMENT ANA Bucharest RID:34521,Transfer,P2P payment Ana
Plata cu cardul Arby's RO,Restaurants,Arby's
Cumparare citire contor ROM 12345,Utilities,Citire contor
Plata cu cardul IKEA BUCURESTI Mall #001,Other,IKEA Bucuresti
PURCHASE psn store Sibiu #221,Entertainment,PSN Store
Plata POS DROPBOX PLUS Galati AUT:887412,Subscriptions,Dropbox Plus
PMT Medic de familie Branch 12 12345,Health,Medic de familie
PMT POS Tradeville Romania Promenada #001,Investments,Tradeville Romania
POS Parking Mall Bucharest,Transport,Parking Mall
Plata POS ASIGURARE LOCUINTA Online #4321,Housing,Asigurare locuinta
PMT POS Hotel Crowne Plaza Baneasa #14,Travel,Hotel Crowne Plaza
POS Marketul de Cartier Branch 12 #221,Groceries,Marketul de Cartier
PMT Bootcamp Data Science Bucuresti #4321,Education,Bootcamp Data Science
Plata cu cardul CABINET STOMATOLOGIC BRIGHT Cotroceni (RO),Health,Cabinet Stomatologic Bright
Cumparare ICLOUD STORAGE 200GB Park Lake #001,Subscriptions,iCloud Storage 200GB
Microsoft 365 Family EU (RO),Subscriptions,Microsoft 365 Family
trading212 deposit Center RO,Investments,Trading212 deposit
PMT POS RENT JULY Branch 12 #4321,Housing,RENT JULY
Achizitie EDX Center,Education,edX
Plata cu cardul DUNKIN DONUTS Timisoara RID:34521,Restaurants,Dunkin Donuts
Cumparare ADOBE PHOTOSHOP Cotroceni 12345,Subscriptions,Adobe Photoshop
PURCHASE CABINET CARDIOLOGIE EU 12345,Health,Cabinet Cardiologie
Plata cu cardul MAX.COM Vitan,Subscriptions,Max.com
PMT Fresca Bucuresti (RO),Restaurants,Fresca
Plata cu cardul medicover Brasov RID:34521,Health,Medicover
energiea bar Cluj RID:34521,Restaurants,Energiea Bar
PMT brd transfer extern Oradea #14,Transfer,BRD transfer extern
Plata cu cardul MEDICOVER ROMANIA Cotroceni 12345,Health,Medicover Romania
Achizitie SALARIU NET APRILIE Center RO,Salary,Salariu Net Aprilie
PMT Reparatii instalatie sanitara ROM 12345,Housing,Reparatii instalatie sanitara
Plata POS Workshop UX Bucharest #4321,Education,Workshop UX
Cumparare AIR FRANCE Galati (RO),Travel,Air France
Plata POS SALARY TRANSFER Sun Plaza 12345,Salary,SALARY TRANSFER
Plata POS DEGIRO DEPOSIT Pipera #14,Investments,DEGIRO deposit
Cumparare SANADOR Drumul Taberei AUT:887412,Health,Sanador
Cumparare Payslip Tech Corp Floreasca #001,Salary,Payslip Tech Corp
Airbnb Downtown RID:34521,Travel,Airbnb
Plata POS Factura internet Galati 12345,Utilities,Factura internet
PMT YouTube TV Mall #4321,Subscriptions,YouTube TV
SURFSHARK VPN Center AUT:887412,Subscriptions,Surfshark VPN
PURCHASE COURSERA PLUS Brasov RO,Education,Coursera Plus
Achizitie PUBUL TRAFIC Drumul Taberei #221,Restaurants,Pubul Trafic
POS Decont deplasare ROM,Salary,Decont deplasare
PMT SALARY TRANSFER ROM AUT:887412,Salary,SALARY TRANSFER
Cumparare Engie GazNaturale Floreasca #14,Utilities,Engie GazNaturale
PMT POS RENT JULY Cotroceni RO,Housing,RENT JULY
LC WAIKIKI ROM,Other,LC Waikiki
Plata cu cardul deposit rent Constanta #001,Housing,Deposit rent
Plata POS BILET AVION ONLINE EU RO,Travel,Bilet avion online
POS wizz air Vitan #221,Travel,Wizz Air
Cumparare STB Bucuresti Cluj #001,Transport,STB Bucuresti
Cumparare FreshMarket Constanta RO,Groceries,FreshMarket
INSTALATOR URGENTA Baneasa #221,Housing,Instalator urgenta
PMT POS Factura gaze Sun Plaza #221,Utilities,Factura gaze
Achizitie CEZ Vanzare ROM RO,Utilities,CEZ Vanzare
Plata POS Xbox Live EU 12345,Entertainment,Xbox Live
PMT POS Property Manager fees Branch 12 #14,Housing,Property Manager fees
PMT Regina Maria Online,Health,Regina Maria
PMT POS youtube tv Drumul Taberei RO,Subscriptions,YouTube TV
PMT diana express Online (RO),Groceries,Diana Express
Achizitie Cabinet Veterinar Pet Doctor AFI Cotroceni RO,Other,Cabinet Veterinar Pet Doctor
PMT vila carpati Pipera #001,Travel,Vila Carpati
PURCHASE FRESCA Park Lake #221,Restaurants,Fresca
PURCHASE ENTERPRISE CAR RENTAL Oradea RO,Travel,Enterprise Car Rental
Plata cu cardul AeroItalia Ploiesti #001,Travel,AeroItalia
Cumparare rent may Branch 12 #14,Housing,RENT MAY
Plata POS codecademy ROM #14,Education,Codecademy
Plata POS Karaoke Sing City Bucharest 12345,Entertainment,Karaoke Sing City
Achizitie FESTIVAL AWAKE AFI Cotroceni #4321,Entertainment,Festival Awake
PMT POS CHIRIE LUNA IULIE Center,Housing,Chirie luna iulie
Plata POS GitHub Copilot Floreasca #001,Subscriptions,GitHub Copilot
PURCHASE XTB invest Floreasca RO,Investments,XTB invest
POS TAXI COBALCESCU Sibiu RO,Transport,Taxi Cobalcescu
PMT POS House Cotroceni #221,Other,House
Plata cu cardul Cabinet Dermatologie Constanta,Health,Cabinet Dermatologie
youtube tv Store 04,Subscriptions,YouTube TV
bolt romania Online (RO),Transport,Bolt Romania
Plata cu cardul RTEC Constanta Pipera #001,Transport,RTEC Constanta
Achizitie psn store Brasov RID:34521,Entertainment,PSN Store
Plata POS LUKOIL Pipera,Transport,Lukoil
PMT AUDIBLE ROM #14,Subscriptions,Audible
PURCHASE Caru' cu Bere Bucuresti #4321,Restaurants,Caru' cu Bere
Plata cu cardul PC GARAGE Iasi (RO),Other,PC Garage
PURCHASE sushi to go Baneasa 12345,Restaurants,Sushi to Go
Achizitie EUROSPAR RO,Groceries,Eurospar
Achizitie recoltare analize Branch 12 RID:34521,Health,Recoltare analize
Achizitie Curatatorie chimica Branch 12 #14,Other,Curatatorie chimica
Plata POS Plata chirie iunie Brasov RID:34521,Housing,Plata chirie iunie
Plata cu cardul mega bio Park Lake 12345,Groceries,Mega Bio
PURCHASE bringo Promenada #221,Restaurants,Bringo
POS MIC.RO Oradea #14,Groceries,Mic.ro
POS SQUARESPACE PLAN Promenada #221,Subscriptions,Squarespace Plan
Plata cu cardul RATB Online #4321,Transport,RATB
POS hard rock cafe ROM 12345,Restaurants,Hard Rock Cafe
PMT POS Crucea Rosie donatie AFI Cotroceni #14,Other,Crucea Rosie donatie
Plata cu cardul Brutaria Boromir ROM #4321,Groceries,Brutaria Boromir
ELECTRICIAN APARTAMENT RO RO,Housing,Electrician apartament
POS teatrul bulandra AFI Cotroceni #14,Entertainment,Teatrul Bulandra
POS Wendy's Ploiesti,Restaurants,Wendy's
Plata POS upwork payout Branch 12 #14,Salary,Upwork payout
POS Pub Drumul Taberei Floreasca #14,Restaurants,Pub Drumul Taberei
Achizitie C&A FASHION Iasi #14,Other,C&A fashion
PURCHASE Amazon DE Pipera #14,Other,Amazon DE
POS COMPENSATIE SPORT 7CARD Branch 12 #221,Salary,Compensatie sport 7card
Achizitie Libraria Mihai Eminescu Constanta RO,Education,Libraria Mihai Eminescu
PURCHASE SCHIMB EUR-RON BCR ROM RO,Transfer,Schimb EUR-RON BCR
Cumparare Wolt Scooter Mall #14,Transport,Wolt Scooter
PURCHASE Robinhood deposit Downtown RO,Investments,Robinhood deposit
PMT synevo EU RO,Health,Synevo
Achizitie BURGERKING RO #001,Restaurants,BURGERKING
Achizitie METRO CASH & CARRY Store 04 #001,Groceries,Metro Cash & Carry
POS qatar airways Floreasca #4321,Travel,Qatar Airways
Plata cu cardul Springtime Bucuresti #001,Restaurants,Springtime
Achizitie LIDL Center RO,Groceries,Lidl
Cumparare NINTENDO ESHOP Ploiesti #221,Entertainment,Nintendo eShop
REVOLUT TOP-UP Park Lake,Transfer,Revolut top-up
Achizitie wendys Galati 12345,Restaurants,Wendys
Plata POS HBO MAX RO Galati RO,Subscriptions,HBO Max RO
AVANS CHIRIE Online,Housing,Avans chirie
Cumparare Twitch subscription Bucuresti #221,Entertainment,Twitch subscription
POS CARREFOUR MARKET Center #4321,Groceries,Carrefour Market
Cumparare DISNEY+ RO Timisoara 12345,Subscriptions,Disney+ RO
TAXA SCOLARIZARE MASTER Sibiu #221,Education,Taxa scolarizare master
POS SUBWAY Pipera (RO),Restaurants,Subway
ETF VWCE Floreasca #14,Investments,ETF VWCE
POS stripe payout Online RID:34521,Salary,Stripe payout
POS EON.RO factura Ploiesti #001,Utilities,EON.RO factura
POS Gazprom ROM #001,Transport,Gazprom
PMT POLICLINICA TITU MAIORESCU Store 04,Health,Policlinica Titu Maiorescu
Cumparare mcd Iasi #221,Restaurants,McD
Plata cu cardul rebu bucuresti Park Lake #001,Utilities,REBU Bucuresti
Achizitie rebu bucuresti Pipera RID:34521,Utilities,REBU Bucuresti
Orange Fix Cotroceni #221,Utilities,Orange Fix
PMT POS bio romania Vitan RO,Groceries,Bio Romania
Plata POS Virament BRD catre BCR Mall #14,Transfer,Virament BRD catre BCR
PMT Shake Shack Constanta #14,Restaurants,Shake Shack
Achizitie RENT MAY Center #221,Housing,RENT MAY
universitatea cluj Galati (RO),Education,Universitatea Cluj
Cumparare telekom mobile Store 04 RID:34521,Utilities,Telekom Mobile
PLAYSTATION NETWORK Baneasa #221,Entertainment,PlayStation Network
AUTO SERVICE PITESTI Sun Plaza AUT:887412,Transport,Auto Service Pitesti
PURCHASE profi loco ROM RID:34521,Groceries,Profi Loco
Plata cu cardul EUROWINGS ROM RID:34521,Travel,Eurowings
Vercel Pro Sun Plaza AUT:887412,Subscriptions,Vercel Pro
PMT Hanu lui Manuc Store 04 RO,Restaurants,Hanu lui Manuc
Plata POS bolt Cotroceni RID:34521,Transport,Bolt
Achizitie Amazon order Park Lake #14,Other,Amazon order
Plata POS Recoltare analize Branch 12 12345,Health,Recoltare analize
POS bolt food Ploiesti #14,Restaurants,Bolt Food
Cumparare VRBO Ploiesti #001,Travel,Vrbo
Plata POS bilete fotbal dinamo Mall RID:34521,Entertainment,Bilete fotbal Dinamo
Five Guys Pipera #001,Restaurants,Five Guys
Plata POS BRICOLAJ DEDEMAN Branch 12 RID:34521,Other,Bricolaj Dedeman
Plata cu cardul Udemy Bucharest,Education,Udemy
Cumparare microsoft 365 family Bucuresti AUT:887412,Subscriptions,Microsoft 365 Family
PMT ETF VWCE Oradea RO,Investments,ETF VWCE
Plata cu cardul JOC PC STEAM Cluj #001,Entertainment,Joc PC Steam
PURCHASE Revolut Invest Cotroceni AUT:887412,Investments,Revolut Invest
POS BUMBLE PREMIUM Timisoara RO,Subscriptions,Bumble Premium
POS ADMINISTRATOR BLOC 12 Ploiesti RID:34521,Housing,Administrator bloc 12
PMT POS RESTAURANT HANU' BERARILOR EU RID:34521,Restaurants,Restaurant Hanu' Berarilor
POS VIETNAMEZA PIPERA Promenada RO,Restaurants,Vietnameza Pipera
PMT 5toGo Store 04 #14,Restaurants,5toGo
Plata POS Payroll May 2026 Promenada #001,Salary,Payroll May 2026
Annabella Bucuresti RO,Groceries,Annabella
PMT POS Tommy Hilfiger Downtown 12345,Other,Tommy Hilfiger
Achizitie telekom mobile Ploiesti #14,Utilities,Telekom Mobile
PURCHASE Facultatea de Informatica Pipera #001,Education,Facultatea de Informatica
POS Eventim Bilet Bucharest 12345,Entertainment,Eventim Bilet
Achizitie Profi Floreasca RO,Groceries,Profi
PMT POS Hardee's EU #14,Restaurants,Hardee's
POS MEDICAL CENTER BUCURESTI AFI Cotroceni #4321,Health,Medical Center Bucuresti
Achizitie e.on Mall #4321,Utilities,E.ON
McDonalds Timisoara RO,Restaurants,McDonalds
Plata POS PlayStation Network Cluj AUT:887412,Entertainment,PlayStation Network
Achizitie Decont salarial Ploiesti #001,Salary,Decont salarial
POS ROBLOX SUBSCRIPTION Branch 12 #001,Entertainment,Roblox subscription
PMT POS Workshop UX Center AUT:887412,Education,Workshop UX
Plata cu cardul Five Guys Sun Plaza RID:34521,Restaurants,Five Guys
DOMO ROMANIA Promenada,Other,Domo Romania
Achizitie Patiseria Simigerie Cluj #14,Groceries,Patiseria Simigerie
PURCHASE Cabinet Familie Dr. Popescu Aviatorilor RO,Health,Cabinet Familie Dr. Popescu
PURCHASE PLAFAR MAGAZIN Aviatorilor #001,Groceries,Plafar magazin
Cumparare Asociatie locatari sect 1 Mall 12345,Housing,Asociatie locatari sect 1
PMT POS SUBWAY SANDWICH Galati,Restaurants,SUBWAY SANDWICH
Plata cu cardul DataCamp Premium Ploiesti RID:34521,Education,DataCamp Premium
TAXA SCOLARIZARE MASTER Park Lake RO,Education,Taxa scolarizare master
PMT etf vuaa Mall,Investments,ETF VUAA
Plata POS NOTION PERSONAL Pipera #221,Subscriptions,Notion Personal
Achizitie REVOLUT INVEST Downtown AUT:887412,Investments,Revolut Invest
Cumparare festival electric castle Bucharest 12345,Entertainment,Festival Electric Castle
PURCHASE wizz air voucher RO #221,Transport,Wizz Air voucher
PURCHASE SALARIU NET APRILIE Oradea (RO),Salary,Salariu Net Aprilie
PURCHASE DATACAMP Drumul Taberei #4321,Education,DataCamp
PMT Mentenanta lift Downtown #001,Housing,Mentenanta lift
Achizitie Service Auto Andrei EU RID:34521,Transport,Service Auto Andrei
Plata POS MADO PASTRY & COFFEE Aviatorilor RO,Restaurants,Mado Pastry & Coffee
PMT POS Netflix Downtown (RO),Subscriptions,Netflix
apple.com/bill Center,Subscriptions,Apple.com/bill
PMT POS Crucea Rosie donatie Branch 12 (RO),Other,Crucea Rosie donatie
Achizitie VODAFONE CABLE Center AUT:887412,Utilities,Vodafone Cable
PMT POS world class romania Ploiesti #001,Health,World Class Romania
Vel Pitar Cotroceni #221,Groceries,Vel Pitar
Plata cu cardul HARD ROCK CAFE Park Lake #14,Restaurants,Hard Rock Cafe
PMT DIGI*FACT Constanta (RO),Utilities,DIGI*FACT
PMT POS libraria humanitas Aviatorilor #4321,Education,Libraria Humanitas
PMT MEDICAL CENTER BUCURESTI Galati 12345,Health,Medical Center Bucuresti
PURCHASE Yoga clasa Branch 12 RID:34521,Health,Yoga clasa
Plata cu cardul Cinema City AFI Floreasca 12345,Entertainment,Cinema City AFI
Plata cu cardul Transfer intern Bucharest #221,Transfer,Transfer intern
vodafone cable ROM RID:34521,Utilities,Vodafone Cable
Plata POS TIER SCOOTER Floreasca (RO),Transport,Tier Scooter
Cumparare El Torito Mexican Store 04 RID:34521,Restaurants,El Torito Mexican
PMT cazare camin studenti Online 12345,Education,Cazare camin studenti
Plata POS Salariu ore suplimentare Branch 12 (RO),Salary,Salariu ore suplimentare
Cumparare teatrul mic Pipera RID:34521,Entertainment,Teatrul Mic
Plata cu cardul RCS-RDS Bucuresti RO,Utilities,RCS-RDS
PSIHOLOG CABINET Store 04 AUT:887412,Health,Psiholog Cabinet
Achizitie EVENTIM Ploiesti (RO),Entertainment,Eventim
Cumparare ALTEX.RO Branch 12 #221,Other,Altex.ro
PMT POS Rosetta Stone Timisoara #001,Education,Rosetta Stone
PURCHASE CONCERT SALA POLIVALENTA Constanta 12345,Entertainment,Concert Sala Polivalenta
Intersport Ploiesti,Other,Intersport
POS h&m magazin Ploiesti #001,Other,H&M magazin
PMT POS shell romania Online #14,Transport,Shell Romania
PMT Air France Baneasa #4321,Travel,Air France
PENSIUNE BRAN Cluj #14,Travel,Pensiune Bran
Achizitie APPLE.COM/BILL Pipera (RO),Subscriptions,Apple.com/bill
Achizitie VIRAMENT BRD CATRE BCR ROM #221,Transfer,Virament BRD catre BCR
POS Scoala Generala 4 RO AUT:887412,Education,Scoala Generala 4
PMT stock purchase aapl Oradea #14,Investments,Stock purchase AAPL
Plata cu cardul FARMACIA TEI Sun Plaza RO,Health,Farmacia Tei
Plata cu cardul Trattoria Buongiorno Downtown RID:34521,Restaurants,Trattoria Buongiorno
Cumparare macromex Store 04 #001,Groceries,Macromex
POS ENGIE ROMANIA Brasov AUT:887412,Utilities,Engie Romania
PMT POS fizioterapie sedinta Galati #4321,Health,Fizioterapie sedinta
POS TRADING 212 DEPOSIT Cotroceni 12345,Investments,Trading 212 deposit
PURCHASE ELECTRICA DISTRIBUTIE Cotroceni RID:34521,Utilities,Electrica Distributie
Cumparare teatrul national ROM AUT:887412,Entertainment,Teatrul National
Khan Academy Park Lake #14,Education,Khan Academy
PMT POS COFETARIA DELICE AFI Cotroceni AUT:887412,Other,Cofetaria Delice
Achizitie Spotify Drumul Taberei #001,Subscriptions,Spotify
Cumparare hbo max Bucharest #001,Subscriptions,HBO Max
Plata cu cardul PARCARE PIATA VICTORIEI RO #14,Transport,Parcare Piata Victoriei
Achizitie opera bucuresti Galati #4321,Entertainment,Opera Bucuresti
POS pull&bear Bucuresti RID:34521,Other,Pull&Bear
PURCHASE MetaMask transaction Pipera RID:34521,Investments,MetaMask transaction
PURCHASE CONCERT SALA POLIVALENTA Downtown #4321,Entertainment,Concert Sala Polivalenta
Plata cu cardul Transfer in EUR Oradea 12345,Transfer,Transfer in EUR
PMT Fond mutual NN Constanta #221,Investments,Fond mutual NN
POS AEROFLOT Baneasa #4321,Travel,AeroFlot
PURCHASE hidroelectrica vanzare Vitan (RO),Utilities,Hidroelectrica vanzare
Plata POS revolut invest Cotroceni 12345,Investments,Revolut Invest
PMT OMV PetrolStation Galati #001,Transport,OMV PetrolStation
Bolt Scooter AFI Cotroceni #221,Transport,Bolt Scooter
El Torito Mexican Vitan AUT:887412,Restaurants,El Torito Mexican
Plata POS ETORO BUY Center 12345,Investments,eToro buy
Cumparare STB Abonament Online Store 04 #221,Transport,STB Abonament Online
PMT POS diana express Drumul Taberei #14,Groceries,Diana Express
Asociatie Proprietari Bloc 12 Bucharest RO,Housing,Asociatie Proprietari Bloc 12
PMT ASOCIATIE LOCATARI SECT 1 ROM (RO),Housing,Asociatie locatari sect 1
Cumparare asigurare locuinta Baneasa (RO),Housing,Asigurare locuinta
Plata cu cardul METROREX ABONAMENT Store 04 12345,Transport,Metrorex Abonament
POS service auto premium Promenada RID:34521,Transport,Service Auto Premium
Achizitie Sala fitness 7card AFI Cotroceni #4321,Health,Sala fitness 7card
Plata POS etf sxr8 Floreasca #221,Investments,ETF SXR8
Plata cu cardul WAGE TRANSFER Constanta AUT:887412,Salary,Wage Transfer
Plata cu cardul iabilet Online #001,Entertainment,iaBilet
Achizitie SYNEVO LABORATOR Drumul Taberei AUT:887412,Health,Synevo Laborator
Plata POS LINEAR APP Brasov RID:34521,Subscriptions,Linear App
POS optica quattro Galati RO,Health,Optica Quattro
PMT ETF VOO Park Lake #001,Investments,ETF VOO
PMT Medical Center Bucuresti Mall (RO),Health,Medical Center Bucuresti
PMT WHOLE FOODS MARKET Branch 12 RID:34521,Groceries,Whole Foods Market
Plata POS inmedio Park Lake #14,Groceries,Inmedio
PURCHASE EXCURSIE ITALIA Baneasa,Travel,Excursie Italia
Plata POS CURS CORPORATE TRAINING Floreasca,Education,Curs Corporate Training
PURCHASE Robinhood deposit Park Lake,Investments,Robinhood deposit
PMT POS PSN Store Store 04,Entertainment,PSN Store
Plata POS Coursera EU RID:34521,Education,Coursera
PMT expedia Cotroceni #001,Travel,Expedia
Plata cu cardul restaurant hanu' berarilor Cluj #001,Restaurants,Restaurant Hanu' Berarilor
PMT POS Pensiune Sinaia Downtown RID:34521,Travel,Pensiune Sinaia
Cumparare Pluralsight Skills Center (RO),Education,Pluralsight Skills
CURS CORPORATE TRAINING Pipera AUT:887412,Education,Curs Corporate Training
Cumparare ENGIE GAZNATURALE Sun Plaza #001,Utilities,Engie GazNaturale
Cumparare MEDICOVER ROMANIA EU RID:34521,Health,Medicover Romania
Plata POS Vodafone Cable Cluj,Utilities,Vodafone Cable
Plata POS HBO Max ROM RO,Subscriptions,HBO Max
Achizitie BROKER BT CAPITAL Branch 12 #4321,Investments,Broker BT Capital
Cumparare CEC Bank transfer EU RID:34521,Transfer,CEC Bank transfer
PURCHASE Sanador Diagnostic Downtown #001,Health,Sanador Diagnostic
PURCHASE Instalator urgenta Park Lake (RO),Housing,Instalator urgenta
Treehouse Cotroceni RID:34521,Education,Treehouse
Achizitie Property Manager fees Aviatorilor,Housing,Property Manager fees
Achizitie Plata chirie iunie Store 04 RID:34521,Housing,Plata chirie iunie
Cumparare INTERACTIVE BROKERS Center 12345,Investments,Interactive Brokers
PMT POS KARAOKE SING CITY EU #221,Entertainment,Karaoke Sing City
Plata POS Direct Deposit ACME Sibiu 12345,Salary,Direct Deposit ACME
PMT Squarespace Plan Cluj #001,Subscriptions,Squarespace Plan
PMT SUBSTACK SUBSCRIPTION Floreasca 12345,Subscriptions,Substack subscription
PMT POS tichet feribot Floreasca RO,Travel,Tichet feribot
Cumparare Sportisimo ROM #14,Other,Sportisimo
FRESHMARKET Brasov RO,Groceries,FreshMarket
PURCHASE Gazprom RO 12345,Transport,Gazprom
Achizitie TAROM Ploiesti AUT:887412,Travel,TAROM
PMT POS Spar Floreasca (RO),Groceries,Spar
Cumparare springtime Pipera #14,Restaurants,Springtime
Cumparare wise fx Drumul Taberei #221,Transfer,Wise FX
Achizitie GITHUB PRO Store 04 RID:34521,Subscriptions,GitHub Pro
Cumparare Pharmacy ROK Oradea #001,Health,Pharmacy ROK
PMT POS STOCK PURCHASE AAPL Bucharest #14,Investments,Stock purchase AAPL
Plata cu cardul disney plus Iasi RO,Subscriptions,Disney Plus
Achizitie BIO ROMANIA Floreasca #4321,Groceries,Bio Romania
PMT colegiul national lazar Cluj #14,Education,Colegiul National Lazar
Wolt AFI Cotroceni (RO),Restaurants,Wolt
PMT EPIC GAMES STORE Floreasca 12345,Entertainment,Epic Games Store
PMT POS BILETE FOTBAL STEAUA Center #4321,Entertainment,Bilete fotbal Steaua
POS GOOGLE ONE Sun Plaza 12345,Subscriptions,Google One
Plata cu cardul CINEMA CITY Mall Vitan,Entertainment,Cinema City
PMT POS Sushi Master Downtown RID:34521,Restaurants,Sushi Master
Cumparare Pet Shop Animax Branch 12 #001,Other,Pet Shop Animax
Achizitie BILLA RO 12345,Groceries,Billa
PURCHASE Pensiune Bran Bucharest 12345,Travel,Pensiune Bran
PMT Bootcamp Coding Online #001,Education,Bootcamp Coding
Plata POS Metrorex Abonament Downtown #221,Transport,Metrorex Abonament
PURCHASE Casa Inteligenta administrare ROM #001,Housing,Casa Inteligenta administrare
Plata POS Saxo Bank trade Drumul Taberei 12345,Investments,Saxo Bank trade
POS PULL&BEAR Timisoara #001,Other,Pull&Bear
POS Carturesti Online RO 12345,Education,Carturesti Online
Plata cu cardul încasare salariu maria Branch 12 12345,Transfer,Încasare salariu Maria
Sala Palatului concert Store 04,Entertainment,Sala Palatului concert
Achizitie Manual Editura Niculescu Mall,Education,Manual Editura Niculescu
FESTIVAL NEVERSEA Iasi #221,Entertainment,Festival Neversea
Achizitie Transfer in lei Ploiesti RID:34521,Transfer,Transfer in lei
PURCHASE Bursa de studii Galati 12345,Education,Bursa de studii
Achizitie H&M MAGAZIN Downtown #221,Other,H&M magazin
Plata cu cardul festival neversea Cluj (RO),Entertainment,Festival Neversea
Cumparare Stripe payout Park Lake AUT:887412,Salary,Stripe payout
Cumparare deutsche bahn AFI Cotroceni,Transport,Deutsche Bahn
PMT POS SELGROS Store 04 AUT:887412,Groceries,Selgros
Plata POS coffee project Constanta #221,Restaurants,Coffee Project
Achizitie instalator urgenta Bucharest,Housing,Instalator urgenta
PMT salariu luna iunie Baneasa #001,Salary,Salariu luna iunie
Achizitie FIZIOTERAPIE SEDINTA Online AUT:887412,Health,Fizioterapie sedinta
Plata POS Croitorie de Lux Iasi,Other,Croitorie de Lux
Medical Center Bucuresti Brasov RO,Health,Medical Center Bucuresti
POS OpenSea purchase NFT RO (RO),Investments,OpenSea purchase NFT
Achizitie DEPOSIT RENT Store 04 #221,Housing,Deposit rent
PMT POS cosmetic & food shop ROM RO,Groceries,Cosmetic & Food Shop
POS TAROM FLIGHT Iasi #4321,Transport,Tarom flight
Cumparare Avans chirie Bucharest #001,Housing,Avans chirie
Plata POS Bolt Romania Timisoara #14,Transport,Bolt Romania
PMT POS Engie GazNaturale Galati RID:34521,Utilities,Engie GazNaturale
PMT Macromex Brasov RO,Groceries,Macromex
Achizitie Hostel Friends Pipera RO,Travel,Hostel Friends
Achizitie ASE Taxa Master Sun Plaza #14,Education,ASE Taxa Master
Cumparare Energiea Bar Pipera #14,Restaurants,Energiea Bar
PMT POS lidl plus Online #001,Groceries,Lidl Plus
POS CABINET DERMATOLOGIE Center #221,Health,Cabinet Dermatologie
Cumparare radet bucuresti Cluj 12345,Utilities,Radet Bucuresti
PURCHASE Service Auto Andrei RO RID:34521,Transport,Service Auto Andrei
PURCHASE DM DROGERIE MARKT RO (RO),Groceries,DM Drogerie Markt
Plata cu cardul EVENTIM BILET Vitan #14,Entertainment,Eventim Bilet
PURCHASE ENGIE FACT Branch 12 #14,Utilities,ENGIE FACT
PMT Bootcamp Data Science Bucharest AUT:887412,Education,Bootcamp Data Science
Plata POS PSN Store Sibiu AUT:887412,Entertainment,PSN Store
PURCHASE Kaufland Online Floreasca AUT:887412,Groceries,Kaufland Online
Plata cu cardul CHICK-FIL-A Sun Plaza #14,Restaurants,Chick-fil-A
PMT POS chef burger Promenada AUT:887412,Restaurants,Chef Burger
Plata POS TRANSFER IN EUR RO #14,Transfer,Transfer in EUR
PURCHASE GOOGLE ONE Oradea #14,Subscriptions,Google One
PMT p2p payment ana Constanta 12345,Transfer,P2P payment Ana
Cumparare Termoficare CET Galati (RO),Utilities,Termoficare CET
PMT vaccinare centrul medical Baneasa,Health,Vaccinare Centrul Medical
POS CODECADEMY Bucuresti RO,Education,Codecademy
PURCHASE Kayak Sun Plaza,Travel,Kayak
Plata cu cardul pluralsight skills ROM #001,Education,Pluralsight Skills
Plata cu cardul CFR Bilet Online Constanta #4321,Transport,CFR Bilet Online
Plata cu cardul SALON BEAUTY LOUNGE Downtown RID:34521,Other,Salon Beauty Lounge
GIFT CARD Branch 12 #4321,Other,Gift card
Achizitie Roblox subscription Oradea 12345,Entertainment,Roblox subscription
POS sushi master Mall Vitan RID:34521,Restaurants,Sushi Master
RCS-RDS Store 04,Utilities,RCS-RDS
Stock purchase MSFT Mall Vitan AUT:887412,Investments,Stock purchase MSFT
Achizitie codecademy Floreasca #001,Education,Codecademy
Plata POS TERMOENERGETICA Cluj 12345,Utilities,Termoenergetica
Manual Editura Niculescu RO (RO),Education,Manual Editura Niculescu
PMT POS LIBRARIA HUMANITAS Sun Plaza #4321,Education,Libraria Humanitas
PMT POS Inchiriere masina Sixt Aviatorilor (RO),Travel,Inchiriere masina Sixt
hanu lui manuc Bucharest (RO),Restaurants,Hanu lui Manuc
Achizitie p2p payment andrei EU #14,Transfer,P2P payment Andrei
Plata POS Figma Pro Park Lake RID:34521,Subscriptions,Figma Pro
PURCHASE Expedia Downtown #4321,Travel,Expedia
PMT WISH.COM Center,Other,Wish.com
PMT Pharmacy 24/7 EU #001,Health,Pharmacy 24/7
PMT POS ADD MONEY REVOLUT Drumul Taberei AUT:887412,Transfer,Add money Revolut
Cumparare TEATRUL NATIONAL AFI Cotroceni #001,Entertainment,Teatrul National
POS DIANA EXPRESS Drumul Taberei #001,Groceries,Diana Express
Achizitie Brokerage Tradeville Baneasa (RO),Investments,Brokerage Tradeville
Achizitie WIZZ AIR Online 12345,Travel,Wizz Air
Plata POS administrator bloc 28 Brasov,Housing,Administrator bloc 28
PMT POS Arby's EU (RO),Restaurants,Arby's
Plata cu cardul internet la domiciliu Timisoara (RO),Utilities,Internet la Domiciliu
Achizitie MERCADONA Promenada #4321,Groceries,Mercadona
PMT POS Domino's Park Lake,Restaurants,Domino's
PMT POS FARMACIA 24H AFI Cotroceni #4321,Health,Farmacia 24h
PMT Asociatie Proprietari Bloc 12 Downtown #4321,Housing,Asociatie Proprietari Bloc 12
Achizitie Cofetaria Capsa Vitan #4321,Other,Cofetaria Capsa
PMT POS DUNKIN' Cotroceni 12345,Restaurants,Dunkin'
PMT Spotify Aviatorilor RID:34521,Subscriptions,Spotify
Plata cu cardul REGINA MARIA Center,Health,Regina Maria
PMT POS COLEGIU NATIONAL SAVA EU,Education,Colegiu National Sava
PMT STEAK HOUSE BUCURESTI AFI Cotroceni RID:34521,Restaurants,Steak House Bucuresti
Achizitie MEDLIFE Iasi #001,Health,MedLife
PMT AUCHAN Mall Vitan #221,Groceries,Auchan
Plata POS petrom statie Brasov RO,Transport,Petrom Statie
Salon Coafor Bucuresti,Other,Salon Coafor
Plata POS Termoenergetica Constanta #221,Utilities,Termoenergetica
PMT LINKEDIN LEARNING Park Lake #4321,Education,LinkedIn Learning
Cumparare Uber Eats AFI Cotroceni (RO),Restaurants,Uber Eats
Plata cu cardul masterclass course AFI Cotroceni,Education,MasterClass course
Plata POS Autostrada A2 Oradea 12345,Transport,Autostrada A2
PURCHASE ADD MONEY REVOLUT Vitan #14,Transfer,Add money Revolut
Achizitie CARL'S JR Bucharest #001,Restaurants,Carl's Jr
Plata POS Synevo Labs Mall (RO),Health,Synevo Labs
Plata POS El Torito Mexican Sibiu 12345,Restaurants,El Torito Mexican
Cumparare BOLT*RIDE Branch 12 RID:34521,Transport,BOLT*RIDE
Cumparare Glovo Mall Vitan #4321,Restaurants,Glovo
PMT POS Emag.ro Cotroceni #4321,Other,Emag.ro
PMT POS Universitate Tehnica Drumul Taberei #4321,Education,Universitate Tehnica
Plata cu cardul INTERSPORT Pipera #221,Other,Intersport
Plata cu cardul ADMINISTRATOR BLOC 12 Park Lake AUT:887412,Housing,Administrator bloc 12
Plata cu cardul 5-to-go RO AUT:887412,Restaurants,5-to-Go
PMT BRD transfer extern Online #221,Transfer,BRD transfer extern
POS SALUBRIZARE BUCURESTI Store 04 #4321,Utilities,Salubrizare Bucuresti
POS Coffee Project RO 12345,Restaurants,Coffee Project
POS expedia Floreasca AUT:887412,Travel,Expedia
POS CHARLES SCHWAB Bucuresti #221,Investments,Charles Schwab
PMT Synevo Labs Mall #001,Health,Synevo Labs
Plata POS BIKERO Sibiu RO,Transport,BikeRO
POS Plata online generic Constanta AUT:887412,Other,Plata online generic
Plata cu cardul AlimentaraXpress Ploiesti (RO),Groceries,AlimentaraXpress
Achizitie sixt rent a car Oradea RO,Travel,Sixt Rent a Car
PMT POS Targul de Legume Vitan #4321,Groceries,Targul de Legume
Plata POS Kraken purchase RO RID:34521,Investments,Kraken purchase
Cumparare Bolt Scooter Store 04 AUT:887412,Transport,Bolt Scooter
POS Discord Nitro Timisoara #001,Entertainment,Discord Nitro
Plata cu cardul BAR DE ZI FLOREASCA ROM RID:34521,Restaurants,Bar de zi Floreasca
Cumparare KAUFLAND ONLINE Cluj #221,Groceries,Kaufland Online
POS PLATA CONTRACT DREPTURI AUTOR Sun Plaza,Salary,Plata contract drepturi autor
POS HOUSE Baneasa RID:34521,Other,House
Achizitie teatrul bulandra Promenada #001,Entertainment,Teatrul Bulandra
Plata cu cardul Coinbase deposit Pipera (RO),Investments,Coinbase deposit
Achizitie inmedio AFI Cotroceni RID:34521,Groceries,Inmedio
PMT SEPA CREDIT TRANSFER Floreasca #221,Transfer,SEPA Credit Transfer
Floraria Mada Galati,Other,Floraria Mada
PURCHASE SPITALUL COLTEA Cluj #001,Health,Spitalul Coltea
PMT CINEMAX Sun Plaza (RO),Entertainment,Cinemax
OMV EU AUT:887412,Transport,OMV
PMT POS Vueling Cotroceni #001,Travel,Vueling
Achizitie CURATENIE APARTAMENT EU AUT:887412,Housing,Curatenie apartament
PMT Auchan Timisoara #14,Groceries,Auchan
PMT POS SALARIU LUNA IUNIE Cluj #221,Salary,Salariu luna iunie
Plata POS KIKA MOBILIER Online,Other,Kika mobilier
Cumparare praktiker Sibiu,Other,Praktiker
Sephora Branch 12 AUT:887412,Other,Sephora
POS GetYourGuide tur Cluj,Travel,GetYourGuide tur
Plata POS SALARIU NET APRILIE Branch 12 #14,Salary,Salariu Net Aprilie
Cumparare bilet filarmonica Center,Entertainment,Bilet Filarmonica
PMT CHARLES SCHWAB Online,Investments,Charles Schwab
PMT Kentucky Fried Chicken Constanta AUT:887412,Restaurants,Kentucky Fried Chicken
Plata cu cardul RetiM Servicii Cluj AUT:887412,Utilities,RetiM Servicii
PURCHASE NordVPN EU RO,Subscriptions,NordVPN
Plata cu cardul rompetrol Timisoara,Transport,Rompetrol
PMT Aquapark Therme ROM AUT:887412,Entertainment,Aquapark Therme
Achizitie OTP VIRAMENT Promenada,Transfer,OTP virament
POS Payroll May 2026 Downtown #221,Salary,Payroll May 2026
Achizitie ing home'bank transfer Bucuresti #14,Transfer,ING Home'Bank transfer
PMT Cinemax Iulius Mall RO (RO),Entertainment,Cinemax Iulius Mall
Plata cu cardul UBER*TRIP Vitan #221,Transport,UBER*TRIP
Plata cu cardul Tinder Gold Baneasa #221,Subscriptions,Tinder Gold
PURCHASE Cosmetic & Food Shop EU #14,Groceries,Cosmetic & Food Shop
DIURNĂ DEPLASARE Baneasa #4321,Salary,Diurnă deplasare
Plata POS uber*trip Baneasa #14,Transport,UBER*TRIP
Plata POS Grammarly Premium Downtown RO,Subscriptions,Grammarly Premium
PMT METRO CASH & CARRY Online AUT:887412,Groceries,Metro Cash & Carry
Plata cu cardul CORA ROM #4321,Groceries,Cora
POS Garantie chirie Drumul Taberei (RO),Housing,Garantie chirie
Plata cu cardul Expedia Ploiesti (RO),Travel,Expedia
Plata POS OTP virament Iasi #221,Transfer,OTP virament
PMT POS ETSY PURCHASE Online #001,Other,Etsy purchase
POS ADD MONEY REVOLUT AFI Cotroceni #001,Transfer,Add money Revolut
Plata POS Energiea Bar Center RID:34521,Restaurants,Energiea Bar
PMT POS edo sushi Oradea #14,Restaurants,Edo Sushi
Cumparare Opera Bucuresti Floreasca #4321,Entertainment,Opera Bucuresti
POS RETIM SERVICII EU #4321,Utilities,RetiM Servicii
Plata POS CARREFOUR.RO ONLINE Bucharest 12345,Groceries,Carrefour.ro online
POS Universitate Tehnica Timisoara #14,Education,Universitate Tehnica
PMT POS TWITCH SUBSCRIPTION Floreasca #14,Entertainment,Twitch subscription
PURCHASE Colegiu National Sava Iasi #001,Education,Colegiu National Sava
Plata cu cardul Bistro French Center #14,Restaurants,Bistro French
Cumparare hostelworld Sibiu (RO),Travel,Hostelworld
Achizitie ETF SXR8 Sun Plaza (RO),Investments,ETF SXR8
PMT POS Trading 212 deposit Oradea RO,Investments,Trading 212 deposit
POS FreshMarket Sibiu AUT:887412,Groceries,FreshMarket
PURCHASE Dr. Dent Constanta #001,Health,Dr. Dent
Plata POS CFR CALATORI Promenada #4321,Transport,CFR Calatori
Plata cu cardul EXCURSIE ITALIA RO,Travel,Excursie Italia
PMT POS Lensa.ro Store 04 RO,Health,Lensa.ro
Plata POS service gsm RO 12345,Other,Service GSM
Plata cu cardul cofetaria delice Oradea,Other,Cofetaria Delice
PURCHASE revolut invest Promenada #14,Investments,Revolut Invest
PMT POS profi loco Downtown 12345,Groceries,Profi Loco
NORDVPN Downtown,Subscriptions,NordVPN
PMT Policlinica Titu Maiorescu Iasi AUT:887412,Health,Policlinica Titu Maiorescu
Plata cu cardul viator tour Timisoara 12345,Travel,Viator tour
Plata POS DISTRIGAZ SUD AFI Cotroceni #221,Utilities,Distrigaz Sud
Brutaria Paul Iasi RO,Groceries,Brutaria Paul
PMT facultatea de informatica Branch 12 #4321,Education,Facultatea de Informatica
PURCHASE Libraria Mihai Eminescu Timisoara #14,Education,Libraria Mihai Eminescu
PMT Plata contract drepturi autor Drumul Taberei RID:34521,Salary,Plata contract drepturi autor
Achizitie WOK TO WALK Branch 12 #4321,Restaurants,Wok to Walk
PURCHASE Carturesti Online EU RO,Education,Carturesti Online
Hanu lui Manuc Bucharest RO,Restaurants,Hanu lui Manuc
Wise FX Center #4321,Transfer,Wise FX
Achizitie LC Waikiki Mall,Other,LC Waikiki
Cumparare carrefour market Oradea #001,Groceries,Carrefour Market
PMT HelpNet AFI Cotroceni #14,Health,HelpNet
PURCHASE eToro buy Constanta #14,Investments,eToro buy
PMT YouTube TV Cotroceni #001,Subscriptions,YouTube TV
Plata POS Imobiliare.ro listare Mall RO,Housing,Imobiliare.ro listare
POS Crypto.com RO #221,Investments,Crypto.com
Achizitie Vivre.ro Cluj (RO),Other,Vivre.ro
PURCHASE POPEYES LOUISIANA KITCHEN Timisoara AUT:887412,Restaurants,Popeyes Louisiana Kitchen
Plata cu cardul Profi City AFI Cotroceni #14,Groceries,Profi City
PMT Renfe EU (RO),Transport,Renfe
PURCHASE Stripe internal transfer Center (RO),Transfer,Stripe internal transfer
PURCHASE pharmacy rok Mall #001,Health,Pharmacy ROK
Plata POS Marionnaud Center #001,Other,Marionnaud
Achizitie VODAFONE ROMANIA Online RO,Utilities,Vodafone Romania
DEUTSCHE BAHN Store 04 #14,Transport,Deutsche Bahn
Plata POS ETF VOO Downtown 12345,Investments,ETF VOO
Cumparare ANNABELLA Ploiesti AUT:887412,Groceries,Annabella
PMT POS TAXI COBALCESCU Aviatorilor #14,Transport,Taxi Cobalcescu
PMT McDonalds Promenada AUT:887412,Restaurants,McDonalds
PMT WENDYS Downtown RO,Restaurants,Wendys
Cumparare Colegiul Mihai Viteazul RO (RO),Education,Colegiul Mihai Viteazul
PURCHASE Carrefour Market Online (RO),Groceries,Carrefour Market
Policlinica Titu Maiorescu Pipera #221,Health,Policlinica Titu Maiorescu
PURCHASE COURSERA Promenada #4321,Education,Coursera
Plata cu cardul FreeNow Pipera #14,Transport,FreeNow
PURCHASE Banca Transilvania transfer Sun Plaza #4321,Transfer,Banca Transilvania transfer
POS SAXO BANK TRADE Downtown #14,Investments,Saxo Bank trade
POS Banca Transilvania transfer Pipera #14,Transfer,Banca Transilvania transfer
Plata cu cardul ALTEX.RO Brasov #4321,Other,Altex.ro
PMT Fresca EU #14,Restaurants,Fresca
Achizitie Beraria H Mall Vitan #14,Restaurants,Beraria H
Achizitie MEGA BIO Downtown 12345,Groceries,Mega Bio
Cumparare Beans & Dots Brasov 12345,Restaurants,Beans & Dots
Plata cu cardul STRIPE INTERNAL TRANSFER Cotroceni #4321,Transfer,Stripe internal transfer
PMT BRITISH AIRWAYS Downtown (RO),Travel,British Airways
PURCHASE Libraria Diverta ROM RID:34521,Education,Libraria Diverta
Plata cu cardul Apple Music Online RO,Subscriptions,Apple Music
POS Hervis Sports Cotroceni #4321,Other,Hervis Sports
Plata cu cardul FRIZERIE OLD SCHOOL Baneasa,Other,Frizerie Old School
Frizerie Old School Center RO,Other,Frizerie Old School
POS PAYROLL MAY 2026 Branch 12 #001,Salary,Payroll May 2026
Achizitie DEUTSCHE BAHN Online AUT:887412,Transport,Deutsche Bahn
Plata POS avans chirie Mall AUT:887412,Housing,Avans chirie
PMT POS AEROFLOT Store 04 RO,Travel,AeroFlot
Plata cu cardul IKEA BUCURESTI Vitan RO,Other,IKEA Bucuresti
POS Decont deplasare Oradea RID:34521,Salary,Decont deplasare
POS spitalul coltea Brasov #221,Health,Spitalul Coltea
PMT POS Tichete vacanta RO #001,Salary,Tichete vacanta
Plata POS Escape Room Adventure Cotroceni #001,Entertainment,Escape Room Adventure
PMT ENGIE FACT Downtown (RO),Utilities,ENGIE FACT
Plata POS cfr calatori Promenada #4321,Transport,CFR Calatori
Plata cu cardul FARMACIA 24H Floreasca #4321,Health,Farmacia 24h
PMT POS P2P crypto exchange Mall Vitan #14,Investments,P2P crypto exchange
Plata POS Concert Mihai Margineanu EU #4321,Entertainment,Concert Mihai Margineanu
Plata POS bilete fotbal steaua Sibiu #14,Entertainment,Bilete fotbal Steaua
Plata cu cardul etf vuaa Timisoara 12345,Investments,ETF VUAA
Achizitie Crypto staking reward Mall #001,Investments,Crypto staking reward
PMT POS Domino's Center RID:34521,Restaurants,Domino's
Plata POS Frizerie Old School Sun Plaza 12345,Other,Frizerie Old School
Hotel Cismigiu Park Lake,Travel,Hotel Cismigiu
Plata cu cardul Tichete masa Sodexo Sibiu #221,Salary,Tichete masa Sodexo
PMT OTP virament Aviatorilor AUT:887412,Transfer,OTP virament
PURCHASE Concert Sala Polivalenta Bucuresti #14,Entertainment,Concert Sala Polivalenta
POS Frontend Masters subscription EU #221,Education,Frontend Masters subscription
POS Administrator bloc 28 Store 04 #001,Housing,Administrator bloc 28
Achizitie Piata Matache Mall,Groceries,Piata Matache
Achizitie Asociatie locatari Promenada (RO),Housing,Asociatie locatari
Cumparare Compari.ro Bucuresti RID:34521,Other,Compari.ro
Plata cu cardul Cursuri online IT Promenada #4321,Education,Cursuri online IT
Cumparare FrontendMasters Bucharest #221,Education,FrontendMasters
PURCHASE VIRAMENT SALARIU SRL Oradea 12345,Salary,VIRAMENT SALARIU SRL
Achizitie Carrefour Express Aviatorilor #001,Groceries,Carrefour Express
Plata POS Blue Air Aviatorilor RO,Travel,Blue Air
POS INCASARE DE LA MARIA ROM RID:34521,Transfer,Incasare de la Maria
BURSA BUCURESTI BVB Floreasca #14,Investments,Bursa Bucuresti BVB
PMT POS Opera Nationala Cotroceni (RO),Entertainment,Opera Nationala
Cumparare BOLT ROMANIA Mall RID:34521,Transport,Bolt Romania
PMT La Brutaria Bucharest AUT:887412,Restaurants,La Brutaria
PMT ETF VWCE Center #001,Investments,ETF VWCE
Plata POS apple.com/bill Bucuresti,Subscriptions,Apple.com/bill
Plata POS Bistro French Cluj (RO),Restaurants,Bistro French
Plata cu cardul LA PLACINTE Sun Plaza RO,Restaurants,La Placinte
POS VERCEL PRO Galati AUT:887412,Subscriptions,Vercel Pro
PURCHASE internet fibra optica Bucuresti AUT:887412,Utilities,Internet fibra optica
Plata cu cardul Întreținere apartament AFI Cotroceni #001,Housing,Întreținere apartament
POS EDITURA HUMANITAS Store 04 (RO),Education,Editura Humanitas
NORWEGIAN AIR Downtown #14,Travel,Norwegian Air
Plata cu cardul FIVE GUYS Store 04 #14,Restaurants,Five Guys
Achizitie Optimall optica Store 04 AUT:887412,Health,Optimall optica
netflix premium Bucharest #14,Subscriptions,Netflix Premium
Plata cu cardul Administrator bloc 12 Center 12345,Housing,Administrator bloc 12
POS SUSHI MASTER Baneasa #001,Restaurants,Sushi Master
PMT 1Password Family ROM (RO),Subscriptions,1Password Family
Plata POS FIVE GUYS AFI Cotroceni #14,Restaurants,Five Guys
Achizitie Mega Image Shop&Go Center #221,Groceries,Mega Image Shop&Go
Achizitie eToro buy EU RO,Investments,eToro buy
Kaufland Ploiesti AUT:887412,Groceries,Kaufland
PURCHASE INCASARE DE LA MARIA Cluj RID:34521,Transfer,Incasare de la Maria
Cumparare Service Telefon Sibiu AUT:887412,Other,Service Telefon
Cabinet Ortopedie Branch 12 (RO),Health,Cabinet Ortopedie
Plata cu cardul HOLLYWOOD MULTIPLEX Mall Vitan 12345,Entertainment,Hollywood Multiplex
orange romania fixed Sibiu AUT:887412,Utilities,Orange Romania Fixed
PURCHASE DECONT 7CARD Sun Plaza #221,Salary,Decont 7Card
PURCHASE Radet Bucuresti ROM 12345,Utilities,Radet Bucuresti
PMT Vaccinare Centrul Medical EU (RO),Health,Vaccinare Centrul Medical
Achizitie FRESCA Branch 12 12345,Restaurants,Fresca
Plata cu cardul Salon Beauty Lounge Bucharest #221,Other,Salon Beauty Lounge
Cumparare UNISWAP SWAP Sibiu #4321,Investments,Uniswap swap
PMT POS plata chirie iunie Mall #001,Housing,Plata chirie iunie
PMT FACTURA GAZE Oradea AUT:887412,Utilities,Factura gaze
Plata cu cardul Teatrul Comedie Pipera #221,Entertainment,Teatrul Comedie
PMT POS STORIA.RO LISTARE Park Lake #221,Housing,Storia.ro listare
Cumparare Camera din Fata Branch 12 RO,Restaurants,Camera din Fata
mini market pipera Center 12345,Groceries,Mini Market Pipera
Plata POS plata chirie iunie Iasi 12345,Housing,Plata chirie iunie
Plata cu cardul SEPA CREDIT TRANSFER Cotroceni,Transfer,SEPA Credit Transfer
Plata POS psn store Promenada 12345,Entertainment,PSN Store
PMT mcdonald's Cotroceni #14,Restaurants,McDonald's
PMT POS Farmacia Dona Iasi (RO),Health,Farmacia Dona
Cumparare ETORO DEPOSIT Floreasca #4321,Investments,eToro deposit
POS Xbox Live Floreasca #221,Entertainment,Xbox Live
XTB invest Pipera AUT:887412,Investments,XTB invest
Plata POS HERTZ RENT A CAR Sun Plaza,Travel,Hertz Rent a Car
PURCHASE bilet master Galati #14,Entertainment,Bilet Master
Curatatorie 5aSec Bucharest 12345,Other,Curatatorie 5aSec
PURCHASE BAUMAX Cluj,Other,BAUMAX
PMT annabella Bucharest (RO),Groceries,Annabella
PURCHASE Spalatorie Auto Center #14,Transport,Spalatorie Auto
PMT Nike store Ploiesti #001,Other,Nike store
Cumparare Coursera Plus Bucharest,Education,Coursera Plus
PURCHASE Hornbach magazin Promenada AUT:887412,Other,Hornbach magazin
POS Biletul Sportiv Iasi RID:34521,Entertainment,Biletul Sportiv
PURCHASE XBOX LIVE RO #001,Entertainment,Xbox Live
POS CODECADEMY Park Lake (RO),Education,Codecademy
Achizitie bikero Downtown #4321,Transport,BikeRO
Achizitie EQUITY BUY MSFT Sun Plaza RID:34521,Investments,Equity buy MSFT
Cumparare Carrefour City RO #14,Groceries,Carrefour City
FARMACIA HELP Cluj (RO),Health,Farmacia Help
Achizitie Udemy Business Cotroceni RID:34521,Education,Udemy Business
Achizitie Patiseria Simigerie Timisoara #4321,Groceries,Patiseria Simigerie
PURCHASE Crypto.com Constanta,Investments,Crypto.com
PMT shein order AFI Cotroceni (RO),Other,Shein order
PMT PSN STORE Mall RO,Entertainment,PSN Store
POS etf vuaa Floreasca #4321,Investments,ETF VUAA
POS carrefour city Vitan #4321,Groceries,Carrefour City
Plata POS Avans chirie AFI Cotroceni,Housing,Avans chirie
Plata POS Twitch subscription Bucuresti #221,Entertainment,Twitch subscription
Plata POS medicover romania EU #001,Health,Medicover Romania
PURCHASE VIATOR TOUR Park Lake #221,Travel,Viator tour
POS Surfshark VPN Bucuresti,Subscriptions,Surfshark VPN
CAFFE DEL SUD Online 12345,Restaurants,Caffe del Sud
Reserved RO Drumul Taberei RID:34521,Other,Reserved RO
Achizitie crypto staking reward Downtown (RO),Investments,Crypto staking reward
PMT MasterClass course Store 04 (RO),Education,MasterClass course
POS Cofetaria Capsa EU (RO),Other,Cofetaria Capsa
Bar de zi Floreasca Oradea AUT:887412,Restaurants,Bar de zi Floreasca
PURCHASE Memrise Store 04 #4321,Education,Memrise
Achizitie XBOX GAME PASS RO #14,Entertainment,Xbox Game Pass
PMT POS Storia.ro listare ROM #14,Housing,Storia.ro listare
PMT POS PANERA BREAD Promenada 12345,Restaurants,Panera Bread
zara online Ploiesti #221,Other,Zara online
Plata POS RENT JUNE Branch 12 #14,Housing,RENT JUNE
PURCHASE PLATA CHIRIE Vitan #14,Housing,Plata chirie
PURCHASE Sala Palatului concert AFI Cotroceni RO,Entertainment,Sala Palatului concert
Achizitie PENNY Bucharest RID:34521,Groceries,Penny
Achizitie BINANCE SPOT Mall #14,Investments,Binance Spot
PMT POS linear app AFI Cotroceni,Subscriptions,Linear App
POS service auto premium Pipera RO,Transport,Service Auto Premium
PMT REALESTATE ROMANIA EU RO,Housing,RealEstate Romania
Cumparare Upwork payout Pipera,Salary,Upwork payout
Achizitie transfer intern Vitan 12345,Transfer,Transfer intern
PMT POS Reteaua Regina Maria Center 12345,Health,Reteaua Regina Maria
Plata cu cardul Rezervare hotel Predeal Cluj #001,Travel,Rezervare hotel Predeal
Achizitie Kindle Unlimited Promenada AUT:887412,Subscriptions,Kindle Unlimited
Cumparare transfer revolut to bcr Branch 12 #14,Transfer,Transfer Revolut to BCR
PMT SUBSTACK SUBSCRIPTION Promenada RO,Subscriptions,Substack subscription
Mobexpert Ploiesti #4321,Other,Mobexpert
PMT POS Întreținere casa EU #221,Housing,Întreținere casa
Achizitie REBU BUCURESTI EU 12345,Utilities,REBU Bucuresti
Plata POS Tarom flight Store 04,Transport,Tarom flight
Cumparare croitorie express Bucuresti 12345,Other,Croitorie Express
POS Burger King Bucharest #001,Restaurants,Burger King
Booking.com Hotel Online #001,Travel,Booking.com Hotel
POS subway Online AUT:887412,Restaurants,Subway
Plata cu cardul marketul de cartier ROM,Groceries,Marketul de Cartier
PMT Caru' cu Bere Drumul Taberei RO,Restaurants,Caru' cu Bere
Cumparare LC Waikiki Timisoara,Other,LC Waikiki
PMT POS FOND MUTUAL NN Downtown RO,Investments,Fond mutual NN
Plata POS Vueling Oradea #14,Travel,Vueling
PURCHASE Coinbase deposit Mall (RO),Investments,Coinbase deposit
BITWARDEN PREMIUM Timisoara,Subscriptions,Bitwarden Premium
Achizitie BK Bucharest AUT:887412,Restaurants,BK
Plata POS Altex.ro Mall Vitan #14,Other,Altex.ro
PMT POS chirie luna mai Mall #001,Housing,Chirie luna mai
PURCHASE iCloud Cluj RID:34521,Subscriptions,iCloud
PMT POS MEGA BIO RO #221,Groceries,Mega Bio
Plata POS recoltare analize Sibiu,Health,Recoltare analize
Plata cu cardul BEAUTY SALON PRETTY Promenada 12345,Other,Beauty Salon Pretty
Plata cu cardul Vodafone Cable Timisoara #001,Utilities,Vodafone Cable
Cumparare CLOUDFLARE PRO AFI Cotroceni,Subscriptions,Cloudflare Pro
Karaoke Sing City Branch 12 #4321,Entertainment,Karaoke Sing City
Plata cu cardul FARMACIA SENSIBLU Vitan RID:34521,Health,Farmacia Sensiblu
Cumparare House Park Lake (RO),Other,House
PMT Expedia Cotroceni #14,Travel,Expedia
Cumparare Farmacia Dona Mall,Health,Farmacia Dona
PMT Fond mutual NN Vitan #14,Investments,Fond mutual NN
Cumparare decont 7card Sun Plaza,Salary,Decont 7Card
ASOCIATIE LOCATARI SECT 1 Branch 12,Housing,Asociatie locatari sect 1
POS Escape Room Adventure Brasov (RO),Entertainment,Escape Room Adventure
PMT termoenergetica sud Iasi #14,Utilities,Termoenergetica Sud
PMT Festival Awake Ploiesti #001,Entertainment,Festival Awake
Plata POS salubritate urban Timisoara RID:34521,Utilities,Salubritate URBAN
Cumparare bilete fotbal dinamo Promenada RID:34521,Entertainment,Bilete fotbal Dinamo
PMT POS Bilete fotbal Dinamo Oradea #001,Entertainment,Bilete fotbal Dinamo
Plata cu cardul fond mutual nn Center #221,Investments,Fond mutual NN
PMT Stock purchase MSFT Ploiesti #221,Investments,Stock purchase MSFT
Plata cu cardul billa Branch 12 AUT:887412,Groceries,Billa
PMT JYSK mobilier Vitan,Other,JYSK mobilier
Plata cu cardul DIURNĂ DEPLASARE Timisoara #4321,Salary,Diurnă deplasare
PMT POS 5 TO GO Store 04 AUT:887412,Restaurants,5 to Go
Plata POS INMEDIO Drumul Taberei AUT:887412,Groceries,Inmedio
PMT Reparatii electrocasnice Sibiu AUT:887412,Other,Reparatii electrocasnice
POS STB Galati 12345,Transport,STB
Plata cu cardul inchiriere masina sixt Store 04 RO,Travel,Inchiriere masina Sixt
POS DUNKIN DONUTS Aviatorilor RID:34521,Restaurants,Dunkin Donuts
Plata POS BIO ROMANIA Downtown #001,Groceries,Bio Romania
Achizitie td ameritrade Sibiu AUT:887412,Investments,TD Ameritrade
Cumparare vietnameza pipera Store 04,Restaurants,Vietnameza Pipera
Bowling Mega Mall Mall #001,Entertainment,Bowling Mega Mall
PMT POS El Torito Mexican Downtown #221,Restaurants,El Torito Mexican
PURCHASE Plata chirie iunie Downtown AUT:887412,Housing,Plata chirie iunie
OpenAI ChatGPT Bucharest (RO),Subscriptions,OpenAI ChatGPT
PMT POS colegiu national sava Sibiu #001,Education,Colegiu National Sava
Achizitie FRESH CORNER EU RO,Groceries,Fresh Corner
Plata cu cardul pret a manger EU RID:34521,Restaurants,Pret a Manger
PMT ALIMENTARAXPRESS Oradea #14,Groceries,AlimentaraXpress
Plata POS five guys Bucuresti RO,Restaurants,Five Guys
Achizitie GREGGS Floreasca 12345,Restaurants,Greggs
POS Escape Room Logica Promenada #001,Entertainment,Escape Room Logica
Plata cu cardul ENEL ENERGIE Oradea #4321,Utilities,Enel Energie
POS netflix premium Floreasca #221,Subscriptions,Netflix Premium
POS RATBV Brasov Bucharest 12345,Transport,RATBV Brasov
Plata POS SUBWAY SANDWICH Center #4321,Restaurants,SUBWAY SANDWICH
Plata cu cardul BRUTARIA ANATOLIA Bucharest (RO),Groceries,Brutaria Anatolia
Achizitie Shake Shack Brasov #001,Restaurants,Shake Shack
PMT Disney+ Promenada #14,Subscriptions,Disney+
Achizitie xtb invest Store 04 #4321,Investments,XTB invest
Plata POS Vodafone Cable Store 04 #14,Utilities,Vodafone Cable
Plata POS PRAKTIKER Store 04 #001,Other,Praktiker
Plata POS Karaoke Sing City Mall (RO),Entertainment,Karaoke Sing City
Achizitie Spotify Premium Promenada RID:34521,Subscriptions,Spotify Premium
POS POPEYES LOUISIANA KITCHEN Baneasa,Restaurants,Popeyes Louisiana Kitchen
Plata cu cardul CFR Calatori Downtown,Transport,CFR Calatori
PURCHASE MCDS Pipera #14,Restaurants,MCDS
PMT POS CARTE TEHNICA ONLINE AFI Cotroceni #4321,Education,Carte tehnica online
HOTEL CISMIGIU Mall #001,Travel,Hotel Cismigiu
Cumparare Plata chirie iunie Store 04,Housing,Plata chirie iunie
POS CASA INTELIGENTA ADMINISTRARE Bucuresti AUT:887412,Housing,Casa Inteligenta administrare
Cumparare Max.com Bucuresti RID:34521,Subscriptions,Max.com
bikero Sun Plaza RID:34521,Transport,BikeRO
Achizitie Viator tour Mall #4321,Travel,Viator tour
POS MIGROS Branch 12 RID:34521,Groceries,Migros
centrul medical pluton Online #221,Health,Centrul Medical Pluton
Plata POS DIRECT DEPOSIT ACME Store 04,Salary,Direct Deposit ACME
PURCHASE ICLOUD STORAGE 200GB Park Lake #221,Subscriptions,iCloud Storage 200GB
SALUBRIZARE BUCURESTI Downtown,Utilities,Salubrizare Bucuresti
PATISERIA SIMIGERIE Center #14,Groceries,Patiseria Simigerie
PURCHASE STB Abonament Online Bucharest RID:34521,Transport,STB Abonament Online
POS Inmedio Online #221,Groceries,Inmedio
Plata POS MEDLIFE Bucharest (RO),Health,MedLife
PMT ROYALTY PAYMENT AMAZON Pipera,Salary,Royalty payment Amazon
iaBilet concert Downtown RID:34521,Entertainment,iaBilet concert
Achizitie kindle unlimited Promenada AUT:887412,Subscriptions,Kindle Unlimited
PMT POS BRINGO Center #14,Restaurants,Bringo
Wolt Scooter Pipera #001,Transport,Wolt Scooter
Achizitie Steam Cluj 12345,Entertainment,Steam
Achizitie Coffee Lab Branch 12 (RO),Restaurants,Coffee Lab
PURCHASE Puma store Constanta RO,Other,Puma store
Plata cu cardul SYNEVO Timisoara #4321,Health,Synevo
POS Aliexpress order Bucuresti 12345,Other,Aliexpress order
Cumparare Fizioterapie sedinta Mall #221,Health,Fizioterapie sedinta
Plata cu cardul Royalty payment Amazon EU RID:34521,Salary,Royalty payment Amazon
PMT HelpNet EU AUT:887412,Health,HelpNet
PMT emag EU #14,Other,eMAG
Plata POS P2P PAYMENT ANA Store 04 #221,Transfer,P2P payment Ana
POS CARTURESTI Promenada #4321,Education,Carturesti
Achizitie BikeRO Drumul Taberei RID:34521,Transport,BikeRO
Plata cu cardul RealEstate Romania Store 04 AUT:887412,Housing,RealEstate Romania
Plata cu cardul Hotel Marriott Bucuresti Timisoara 12345,Travel,Hotel Marriott Bucuresti
POS CARD PREPLATIT UP EU RO,Other,Card preplatit Up
POS ENEL ENERGIE Cotroceni RID:34521,Utilities,Enel Energie
PMT POS la brutaria AFI Cotroceni (RO),Restaurants,La Brutaria
Steam Store ROM #221,Entertainment,Steam Store
PURCHASE PLATA CONTRACT DREPTURI AUTOR Baneasa (RO),Salary,Plata contract drepturi autor
Carturesti Vitan 12345,Education,Carturesti
salariu net iunie Constanta AUT:887412,Salary,Salariu Net Iunie
POS opera bucuresti Floreasca RID:34521,Entertainment,Opera Bucuresti
Plata cu cardul Orange Romania Branch 12 #221,Utilities,Orange Romania
Plata POS COURSERA PLUS Downtown RID:34521,Education,Coursera Plus
Rompetrol Bucharest (RO),Transport,Rompetrol
PMT POS Digi Romania AFI Cotroceni AUT:887412,Utilities,Digi Romania
PMT TARGUL DE LEGUME Vitan #221,Groceries,Targul de Legume
Cumparare PLATA CONTRACT DREPTURI AUTOR Cluj (RO),Salary,Plata contract drepturi autor
Cumparare moneygram receive AFI Cotroceni 12345,Transfer,MoneyGram receive
Plata POS universitatea bucuresti Constanta AUT:887412,Education,Universitatea Bucuresti
Plata POS Reserved RO Promenada #4321,Other,Reserved RO
Plata POS Salariu Net Iunie Cotroceni #14,Salary,Salariu Net Iunie
Microsoft 365 Family Drumul Taberei 12345,Subscriptions,Microsoft 365 Family
Cumparare Hotel Marriott Bucuresti Bucharest #221,Travel,Hotel Marriott Bucuresti
Popeyes Louisiana Kitchen Galati,Restaurants,Popeyes Louisiana Kitchen
PMT POS VERCEL PRO Ploiesti,Subscriptions,Vercel Pro
PMT POS Apometru index AFI Cotroceni,Utilities,Apometru index
Plata cu cardul City tour Lisbon EU #4321,Travel,City tour Lisbon
Cumparare Dunkin Donuts AFI Cotroceni #001,Restaurants,Dunkin Donuts
Plata cu cardul Greggs Galati #14,Restaurants,Greggs
PMT udemy business Pipera 12345,Education,Udemy Business
Achizitie chick-fil-a Vitan 12345,Restaurants,Chick-fil-A
PMT SCHIMB VALUTAR BCR Iasi (RO),Transfer,Schimb valutar BCR
PMT curatenie apartament Mall RO,Housing,Curatenie apartament
POS BANK TO BANK SWIFT Cluj #14,Transfer,Bank to bank SWIFT
Achizitie Pull&Bear RO #4321,Other,Pull&Bear
Plata POS sncf Downtown 12345,Transport,SNCF
Achizitie DATACAMP PREMIUM Vitan RID:34521,Education,DataCamp Premium
POS CARREFOUR EXPRESS Vitan #14,Groceries,Carrefour Express
PMT Spotify Family RO AUT:887412,Subscriptions,Spotify Family
Plata POS Wolt Scooter Iasi (RO),Transport,Wolt Scooter
Achizitie spotify family Timisoara (RO),Subscriptions,Spotify Family
Cumparare Linea Closer to the Moon Sibiu #221,Restaurants,Linea Closer to the Moon
Achizitie Park Lake bowling Promenada #14,Entertainment,Park Lake bowling
Atelier Foto Andrei Oradea RID:34521,Other,Atelier Foto Andrei
PMT POS bowling cosmos Online #4321,Entertainment,Bowling Cosmos
POS Chirie apartament Park Lake (RO),Housing,Chirie apartament
Plata cu cardul Cauciucuri Premium Constanta #14,Transport,Cauciucuri Premium
PMT analize medicale Promenada,Health,Analize medicale
Cumparare Zara online ROM #14,Other,Zara online
PMT POS BERE SI GRILL Baneasa #221,Restaurants,Bere si grill
PMT POS hbo max Cluj #14,Subscriptions,HBO Max
PMT Transfer cont curent Timisoara RID:34521,Transfer,Transfer cont curent
Plata POS hostelworld ROM RO,Travel,Hostelworld
Cumparare velorent Sibiu (RO),Transport,VeloRent
Plata POS Payroll May 2026 Mall Vitan #4321,Salary,Payroll May 2026
PMT POS FoodPanda Park Lake #221,Restaurants,FoodPanda
Plata POS Anthropic API Timisoara RO,Subscriptions,Anthropic API
PURCHASE editura polirom carte Mall Vitan #4321,Education,Editura Polirom carte
PMT POS STARBUCKS Galati RO,Restaurants,Starbucks
Cumparare Restaurantul La Mama RO #4321,Restaurants,Restaurantul La Mama
POS CROITORIE EXPRESS Park Lake #221,Other,Croitorie Express
PMT Bar de zi Floreasca Downtown #221,Restaurants,Bar de zi Floreasca
DB Bahn EU RO,Transport,DB Bahn
Achizitie TINDER GOLD Galati (RO),Subscriptions,Tinder Gold
POS universitatea bucuresti Floreasca #4321,Education,Universitatea Bucuresti
PURCHASE Steak House Bucuresti Constanta (RO),Restaurants,Steak House Bucuresti
Achizitie Penny Online #001,Groceries,Penny
Cumparare PARCARE PIATA VICTORIEI Ploiesti,Transport,Parcare Piata Victoriei
Achizitie Transfer intern RO #221,Transfer,Transfer intern
Pet Shop Animax Bucuresti #4321,Other,Pet Shop Animax
Cumparare kaufland online Cluj #221,Groceries,Kaufland Online
PMT POS Fond mutual BT Asset Mgmt Sun Plaza #001,Investments,Fond mutual BT Asset Mgmt
PMT Factura curent Bucuresti #14,Utilities,Factura curent
POS Autostrada A1 Branch 12,Transport,Autostrada A1
PURCHASE Orange Romania Fixed Online (RO),Utilities,Orange Romania Fixed
Achizitie krispy kreme Ploiesti RID:34521,Restaurants,Krispy Kreme
Plata cu cardul Uber Eats Center AUT:887412,Restaurants,Uber Eats
POS Decont deplasare Aviatorilor #14,Salary,Decont deplasare
Plata POS 1PASSWORD Branch 12 AUT:887412,Subscriptions,1Password
PMT POS gold purchase bnr Downtown RID:34521,Investments,Gold purchase BNR
Petexpert Ploiesti,Other,Petexpert
PMT Cosmetic & Food Shop RO RID:34521,Groceries,Cosmetic & Food Shop
Achizitie Banca Transilvania transfer Baneasa #4321,Transfer,Banca Transilvania transfer
Kraken purchase Baneasa #4321,Investments,Kraken purchase
PMT Restaurantul La Mama Aviatorilor,Restaurants,Restaurantul La Mama
PMT coffee project Branch 12 RID:34521,Restaurants,Coffee Project
PMT POS iaBilet Oradea (RO),Entertainment,iaBilet
Plata POS MEDICOVER ROMANIA Bucuresti,Health,Medicover Romania
Vila Carpati EU #4321,Travel,Vila Carpati
POS P2P payment Andrei Floreasca 12345,Transfer,P2P payment Andrei
Asociatie Proprietari Bloc 5 Promenada 12345,Housing,Asociatie Proprietari Bloc 5
PMT POS Bershka shop Floreasca #001,Other,Bershka shop
PMT POS TERMOENERGETICA SUD Galati #4321,Utilities,Termoenergetica Sud
Achizitie COFETARIA CAPSA Sun Plaza #4321,Other,Cofetaria Capsa
PMT POS OPENAI PLUS Cotroceni RID:34521,Subscriptions,OpenAI Plus
POS Instalator urgenta Aviatorilor #001,Housing,Instalator urgenta
PURCHASE CURS CORPORATE TRAINING RO RID:34521,Education,Curs Corporate Training
Plata cu cardul cnair rovinieta Oradea #4321,Transport,CNAIR Rovinieta
Achizitie Viator tour Branch 12 #14,Travel,Viator tour
Achizitie CFR Bilet Online Vitan AUT:887412,Transport,CFR Bilet Online
PMT Cofetaria Capsa Cluj 12345,Other,Cofetaria Capsa
POS Netlify Pro Downtown RID:34521,Subscriptions,Netlify Pro
PMT POS spartan Timisoara #001,Restaurants,Spartan
Achizitie Black Cab Galati 12345,Transport,Black Cab
Equity buy NVDA Branch 12 12345,Investments,Equity buy NVDA
PMT ROYALTY PAYMENT AMAZON Timisoara,Salary,Royalty payment Amazon
POS Biletul Sportiv Promenada AUT:887412,Entertainment,Biletul Sportiv
Cumparare CURS CORPORATE TRAINING Floreasca #001,Education,Curs Corporate Training
Plata cu cardul Epic Games Brasov RO,Entertainment,Epic Games
Cumparare KRAKEN PURCHASE Center RO,Investments,Kraken purchase
Cumparare Supermarket Local Mall #4321,Groceries,Supermarket Local
PMT POS Niro Market Park Lake (RO),Groceries,Niro Market
Achizitie MoneyGram receive Bucharest RID:34521,Transfer,MoneyGram receive
Plata cu cardul YANGO Floreasca 12345,Transport,Yango
Plata cu cardul Bowling Cosmos Pipera AUT:887412,Entertainment,Bowling Cosmos
FESTIVAL NEVERSEA Promenada RID:34521,Entertainment,Festival Neversea
Cumparare Substack subscription Sun Plaza,Subscriptions,Substack subscription
Plata POS Aldi RO #001,Groceries,Aldi
PMT Argint investitie Cotroceni RO,Investments,Argint investitie
Achizitie BURGERKING Sibiu RID:34521,Restaurants,BURGERKING
Cumparare PETROM STATIE Bucharest #4321,Transport,Petrom Statie
Cumparare AlimentaraXpress Iasi #4321,Groceries,AlimentaraXpress
Plata cu cardul rata credit ipotecar Online 12345,Housing,Rata credit ipotecar
Achizitie OBB Austria Oradea (RO),Transport,OBB Austria
PMT POS cinema city promenada Center AUT:887412,Entertainment,Cinema City Promenada
Achizitie Mic.ro Galati #4321,Groceries,Mic.ro
PMT cabinet stomatologic smile Downtown RID:34521,Health,Cabinet Stomatologic Smile
POS EDX Timisoara RO,Education,edX
PMT POS STEAK HOUSE BUCURESTI Pipera,Restaurants,Steak House Bucuresti
Domo Romania Galati #221,Other,Domo Romania
Plata cu cardul Subway Branch 12 RO,Restaurants,Subway
Cumparare TICHET FERIBOT Center #14,Travel,Tichet feribot
WISH.COM AFI Cotroceni #14,Other,Wish.com
PMT POS Logoped sedinta Bucharest #14,Health,Logoped sedinta
PURCHASE asociatie proprietari bloc 5 Branch 12 12345,Housing,Asociatie Proprietari Bloc 5
Achizitie PETROM Online (RO),Transport,Petrom
Achizitie piata amzei Downtown RO,Groceries,Piata Amzei
PMT Cloudflare Pro Aviatorilor AUT:887412,Subscriptions,Cloudflare Pro
Plata cu cardul 1PASSWORD FAMILY ROM,Subscriptions,1Password Family
Achizitie HBO Max RO Brasov #221,Subscriptions,HBO Max RO
POS OPERA NATIONALA RO #14,Entertainment,Opera Nationala
PURCHASE Salariu luna mai Sun Plaza #001,Salary,Salariu luna mai
Plata POS Enel Energie Aviatorilor RO,Utilities,Enel Energie
PMT Sala fitness 7card Store 04 RID:34521,Health,Sala fitness 7card
Boromir Prod EU #001,Groceries,Boromir Prod
Plata cu cardul dm Mall Vitan RID:34521,Groceries,DM
PURCHASE TAXI CRIS Cluj (RO),Transport,Taxi Cris
OPERA NATIONALA AFI Cotroceni (RO),Entertainment,Opera Nationala
PMT Udemy Business Vitan RID:34521,Education,Udemy Business
wolt scooter Drumul Taberei #221,Transport,Wolt Scooter
PMT POS Bio Romania Cotroceni #14,Groceries,Bio Romania
POS Massimo Dutti RO #221,Other,Massimo Dutti
Cumparare Brokerage Tradeville Constanta #001,Investments,Brokerage Tradeville
Achizitie Sanador Cluj #221,Health,Sanador
Achizitie SALAD BOX RO RO,Restaurants,Salad Box
PURCHASE statia itp Cluj (RO),Transport,Statia ITP
POS Liceul Cantemir EU AUT:887412,Education,Liceul Cantemir
PMT POS bt capital invest Oradea 12345,Investments,BT Capital Invest
Cumparare revolut stocks EU RO,Investments,Revolut stocks
PMT POS Add money Revolut Brasov RID:34521,Transfer,Add money Revolut
PMT SPITALUL COLTEA Timisoara (RO),Health,Spitalul Coltea
PMT POS lidl Downtown #001,Groceries,Lidl
Cumparare TERASA VARA HERASTRAU Mall RID:34521,Restaurants,Terasa Vara Herastrau
Plata POS Trattoria Buongiorno Branch 12 RID:34521,Restaurants,Trattoria Buongiorno
Plata cu cardul Tichete cadou Edenred ROM #221,Salary,Tichete cadou Edenred
PMT POS Tesco Downtown #14,Groceries,Tesco
Achizitie ITP SERVICE Cotroceni RO,Transport,ITP Service
Plata POS Plata chirie iulie Ploiesti AUT:887412,Housing,Plata chirie iulie
PMT POS factura internet Iasi #4321,Utilities,Factura internet
PURCHASE YouTube TV EU #221,Subscriptions,YouTube TV
Plata POS cabinet dermatologie Galati RID:34521,Health,Cabinet Dermatologie
Cumparare Salon Beauty Lounge Iasi #14,Other,Salon Beauty Lounge
binance spot Cotroceni #001,Investments,Binance Spot
POS P2P payment Andrei Cluj #001,Transfer,P2P payment Andrei
PURCHASE STB EU #001,Transport,STB
PURCHASE Magazin Mixt AFI Cotroceni (RO),Groceries,Magazin Mixt
PURCHASE PayPal payout Drumul Taberei RID:34521,Transfer,PayPal payout
Plata POS VODAFONE ROMANIA Sibiu AUT:887412,Utilities,Vodafone Romania
PURCHASE ENGIE FACT Brasov AUT:887412,Utilities,ENGIE FACT
Plata cu cardul BCR transfer extern Promenada RO,Transfer,BCR transfer extern
PMT POS GetYourGuide tur Branch 12 (RO),Travel,GetYourGuide tur
Plata POS Kindle Unlimited Mall Vitan #14,Subscriptions,Kindle Unlimited
POS hotels.com Online RO,Travel,Hotels.com
PMT ETIHAD AIRWAYS Aviatorilor RID:34521,Travel,Etihad Airways
Rovinieta Brasov #221,Transport,Rovinieta
PMT POS HOTEL CISMIGIU Iasi #14,Travel,Hotel Cismigiu
PURCHASE Rezervare hotel Predeal Downtown 12345,Travel,Rezervare hotel Predeal
Cumparare MASTERCLASS COURSE Bucuresti (RO),Education,MasterClass course
PMT POS Alimentara Express Sibiu #4321,Groceries,Alimentara Express
POS Max.com Brasov RID:34521,Subscriptions,Max.com
Plata cu cardul McDonalds Drumul Taberei 12345,Restaurants,McDonalds
Plata cu cardul cnair rovinieta Iasi RID:34521,Transport,CNAIR Rovinieta
PURCHASE decathlon Cotroceni #4321,Other,Decathlon
CHICK-FIL-A Timisoara AUT:887412,Restaurants,Chick-fil-A
Plata cu cardul roblox subscription Bucharest #001,Entertainment,Roblox subscription
Plata cu cardul carte tehnica online Vitan #001,Education,Carte tehnica online
Achizitie Pilon III pensie privata AFI Cotroceni #221,Investments,Pilon III pensie privata
SALARIU NET APRILIE Sibiu #221,Salary,Salariu Net Aprilie
Plata POS electrica distributie ROM RO,Utilities,Electrica Distributie
PMT Springtime Downtown,Restaurants,Springtime
PMT POS Bowling Mega Mall Cotroceni AUT:887412,Entertainment,Bowling Mega Mall
Cumparare Enel Energie Galati #221,Utilities,Enel Energie
Cumparare CAMERA DIN FATA Center #14,Restaurants,Camera din Fata
Plata cu cardul Domino's Store 04 (RO),Restaurants,Domino's
PURCHASE VIATOR TOUR Aviatorilor,Travel,Viator tour
PMT Virament BRD catre BCR AFI Cotroceni #221,Transfer,Virament BRD catre BCR
POS Concert Mihai Margineanu Floreasca RID:34521,Entertainment,Concert Mihai Margineanu
POS ShopMagazin Center 12345,Groceries,ShopMagazin
Achizitie EON.RO factura Center RO,Utilities,EON.RO factura
PMT POS card cadou emag AFI Cotroceni #001,Other,Card cadou eMAG
Achizitie Strava Premium Bucharest #14,Subscriptions,Strava Premium
Cumparare XTB INVEST Sun Plaza 12345,Investments,XTB invest
Plata POS WIZZAIR BILET Brasov RID:34521,Travel,WizzAir Bilet
PMT SYNEVO Brasov #14,Health,Synevo
Achizitie Penny Market Timisoara 12345,Groceries,Penny Market
PMT kentucky fried chicken Cluj (RO),Restaurants,Kentucky Fried Chicken
PMT POS direct deposit tech EU,Salary,Direct Deposit Tech
Plata POS renfe Ploiesti 12345,Transport,Renfe
PMT POS Grammarly Premium RO AUT:887412,Subscriptions,Grammarly Premium
POS Virament BCR catre BRD Downtown #221,Transfer,Virament BCR catre BRD
Achizitie pub drumul taberei RO RID:34521,Restaurants,Pub Drumul Taberei
Achizitie Plata chirie Aviatorilor #4321,Housing,Plata chirie
POS Tichete masa Sodexo Center 12345,Salary,Tichete masa Sodexo
Cumparare Annabella Timisoara #4321,Groceries,Annabella
Achizitie Adobe Premiere Pro home Sibiu #14,Entertainment,Adobe Premiere Pro home
Plata cu cardul ATELIER FOTO ANDREI EU (RO),Other,Atelier Foto Andrei
Plata cu cardul Onorariu consultanta Sun Plaza #4321,Salary,Onorariu consultanta
Cumparare loft cafe Downtown #14,Restaurants,Loft Cafe
PURCHASE 5 to go Mall 12345,Restaurants,5 to Go
Raiffeisen virament Constanta,Transfer,Raiffeisen virament
Plata cu cardul PROTONVPN ROM #001,Subscriptions,ProtonVPN
Plata POS UDEMY Cotroceni #221,Education,Udemy
PURCHASE EasyJet Drumul Taberei RO,Travel,EasyJet
Cumparare onlyfans subscription Galati #4321,Subscriptions,OnlyFans subscription
Plata cu cardul VIRAMENT BCR CATRE BRD Center #001,Transfer,Virament BCR catre BRD
PMT Brutaria Anatolia Mall Vitan RO,Groceries,Brutaria Anatolia
POS xtb invest Ploiesti #4321,Investments,XTB invest
Achizitie internet la domiciliu Drumul Taberei RO,Utilities,Internet la Domiciliu
PMT vivo restaurant Floreasca AUT:887412,Restaurants,Vivo Restaurant
PMT POS HELPNET Center (RO),Health,HelpNet
Plata cu cardul CRYPTO AIRDROP Branch 12 (RO),Investments,Crypto airdrop
PURCHASE ITP Service Mall Vitan #221,Transport,ITP Service
XTB deposit Aviatorilor #001,Investments,XTB deposit
Cumparare Uber ROM,Transport,Uber
Cumparare SNCF ROM #4321,Transport,SNCF
Cumparare costa coffee EU #4321,Restaurants,Costa Coffee
PURCHASE Termoenergetica Sud Timisoara RID:34521,Utilities,Termoenergetica Sud
Plata POS HBO Max Floreasca (RO),Subscriptions,HBO Max
Plata cu cardul Cinema City Promenada Ploiesti (RO),Entertainment,Cinema City Promenada
PMT POS Rovinieta RO RID:34521,Transport,Rovinieta
PMT POS Pensiune Sinaia Aviatorilor #001,Travel,Pensiune Sinaia
PURCHASE trader joe's Pipera,Groceries,Trader Joe's
PMT POS rompetrol Park Lake #221,Transport,Rompetrol
PURCHASE RENT MAY Store 04 RO,Housing,RENT MAY
Plata cu cardul cabinet stomatologic bright Drumul Taberei AUT:887412,Health,Cabinet Stomatologic Bright
PURCHASE Autostrada A2 Pipera (RO),Transport,Autostrada A2
Disney+ RO (RO),Subscriptions,Disney+
Cumparare Mega Bio Cluj #221,Groceries,Mega Bio
Achizitie karaoke bar avant AFI Cotroceni #221,Entertainment,Karaoke Bar Avant
Plata POS RATA IPOTECA Cotroceni 12345,Housing,Rata ipoteca
Plata cu cardul P2P payment Andrei Iasi #14,Transfer,P2P payment Andrei
PURCHASE IKEA BUCURESTI Store 04 #221,Other,IKEA Bucuresti
Cumparare Tesco Center RID:34521,Groceries,Tesco
SCOALA GENERALA 4 Constanta (RO),Education,Scoala Generala 4
PMT POS GOG.com Aviatorilor AUT:887412,Entertainment,GOG.com
Plata POS DRUMURI NATIONALE ROM #221,Transport,Drumuri Nationale
POS Synevo ROM (RO),Health,Synevo
Achizitie LIME SCOOTER ROM #001,Transport,Lime Scooter
Achizitie Nintendo Switch Online AFI Cotroceni 12345,Entertainment,Nintendo Switch Online
Cumparare AEROITALIA Mall,Travel,AeroItalia
Plata cu cardul Diurnă deplasare Online #4321,Salary,Diurnă deplasare
Cumparare CLAUDE PRO Vitan AUT:887412,Subscriptions,Claude Pro
Plata cu cardul ShopMagazin Cotroceni (RO),Groceries,ShopMagazin
Trading 212 deposit Mall RID:34521,Investments,Trading 212 deposit
Plata cu cardul colegiul mihai viteazul Sibiu #4321,Education,Colegiul Mihai Viteazul
POS DENTIST BRILLIANT Online #14,Health,Dentist Brilliant
PMT POS CRYPTO STAKING REWARD Baneasa #14,Investments,Crypto staking reward
Plata cu cardul REALESTATE ROMANIA Downtown RO,Housing,RealEstate Romania
Achizitie SANADOR DIAGNOSTIC Baneasa #14,Health,Sanador Diagnostic
POS GAZE NATURALE ROMANIA ROM #4321,Utilities,Gaze Naturale Romania
Cumparare EDX MICROSOFT Online RID:34521,Education,edX Microsoft
Plata POS Spalatorie Auto EU,Transport,Spalatorie Auto
Plata POS Cabinet Veterinar Pet Doctor RO #221,Other,Cabinet Veterinar Pet Doctor
Plata POS sala palatului concert Oradea #14,Entertainment,Sala Palatului concert
Plata POS EON.RO factura Downtown #4321,Utilities,EON.RO factura
Brokerage Tradeville Oradea RID:34521,Investments,Brokerage Tradeville
POS SHELL ROMANIA Ploiesti (RO),Transport,Shell Romania
PMT POS Coffee Shop Bohemia Store 04 #4321,Restaurants,Coffee Shop Bohemia
Plata POS Equity buy MSFT Drumul Taberei AUT:887412,Investments,Equity buy MSFT
imobiliare.ro listare Vitan RID:34521,Housing,Imobiliare.ro listare
PMT POS BONUS ANUAL Cluj,Salary,Bonus anual
Plata cu cardul Incasare de la Maria Cotroceni #001,Transfer,Incasare de la Maria
PMT POS Memrise Bucharest (RO),Education,Memrise
PMT SYNEVO Cluj 12345,Health,Synevo
Plata POS Rata credit ipotecar Mall #4321,Housing,Rata credit ipotecar
Cumparare OMV PetrolStation Cotroceni #4321,Transport,OMV PetrolStation
POS autostrada a1 Sun Plaza #001,Transport,Autostrada A1
PURCHASE Apple.com/bill Bucuresti,Subscriptions,Apple.com/bill
PMT Optica Optiblu Cluj,Health,Optica Optiblu
Plata POS AWS billing Center 12345,Subscriptions,AWS billing
Plata POS IMOBILIARE.RO LISTARE Galati #4321,Housing,Imobiliare.ro listare
Achizitie CORA Baneasa,Groceries,Cora
Achizitie Anaida Restaurant Brasov RO,Restaurants,Anaida Restaurant
Achizitie Deutsche Bahn RO #221,Transport,Deutsche Bahn
Hollywood Multiplex Mall,Entertainment,Hollywood Multiplex
Achizitie penny Branch 12 RID:34521,Groceries,Penny
POS Colegiul Mihai Viteazul Sun Plaza #001,Education,Colegiul Mihai Viteazul
PMT SEPA CREDIT TRANSFER Downtown #4321,Transfer,SEPA Credit Transfer
PMT RETIM SERVICII Oradea 12345,Utilities,RetiM Servicii
Cumparare Anthropic API Pipera RO,Subscriptions,Anthropic API
POS Selgros Baneasa #14,Groceries,Selgros
PMT POS MEGA IMAGE Brasov AUT:887412,Groceries,Mega Image
POS Clinica Polisano Center (RO),Health,Clinica Polisano
PURCHASE RetiM Servicii Floreasca #001,Utilities,RetiM Servicii
POS linea closer to the moon Pipera (RO),Restaurants,Linea Closer to the Moon
PMT direct deposit tech Cotroceni RO,Salary,Direct Deposit Tech
PURCHASE VELORENT RO (RO),Transport,VeloRent
Cumparare Festival Electric Castle Baneasa (RO),Entertainment,Festival Electric Castle
Administrator bloc 12 Center #14,Housing,Administrator bloc 12
Plata POS LinkedIn Premium Online AUT:887412,Subscriptions,LinkedIn Premium
Cumparare RCS-RDS Mall,Utilities,RCS-RDS
Plata POS interactive brokers Constanta #221,Investments,Interactive Brokers
BONUS PERFORMANTA Q1 Downtown #221,Salary,Bonus performanta Q1
Regina Maria Mall Vitan #001,Health,Regina Maria
Plata cu cardul cauciucuri premium Vitan (RO),Transport,Cauciucuri Premium
PMT POS Patreon membership Bucharest #001,Subscriptions,Patreon membership
Plata POS Schimb EUR-RON BCR Aviatorilor 12345,Transfer,Schimb EUR-RON BCR
Plata cu cardul Springtime Brasov AUT:887412,Restaurants,Springtime
PMT POS compensatie sport 7card Mall Vitan #14,Salary,Compensatie sport 7card
Plata cu cardul Aquapark Therme Iasi RO,Entertainment,Aquapark Therme
PMT UNIVERSITATEA BUCURESTI Sibiu #14,Education,Universitatea Bucuresti
PMT POS bcr transfer extern Mall RID:34521,Transfer,BCR transfer extern
Cumparare Cafenea Aviatorilor Floreasca 12345,Restaurants,Cafenea Aviatorilor
Cumparare GAZPROM Brasov #001,Transport,Gazprom
Cumparare TAROM bilet online Vitan (RO),Travel,TAROM bilet online
Achizitie Hotel Crowne Plaza Center #001,Travel,Hotel Crowne Plaza
Plata POS substack subscription EU #221,Subscriptions,Substack subscription
PMT Direct Deposit Payroll Online (RO),Salary,Direct Deposit Payroll
PURCHASE CURATATORIE CHIMICA Cluj #4321,Other,Curatatorie chimica
PMT Croitorie Express Store 04 #14,Other,Croitorie Express
Achizitie Starbucks Timisoara RID:34521,Restaurants,Starbucks
Plata POS udemy course ROM (RO),Education,Udemy Course
PMT Pilates studio Sibiu #14,Health,Pilates studio
Plata POS Hotel Marriott Bucuresti Promenada (RO),Travel,Hotel Marriott Bucuresti
Plata POS ICLOUD STORAGE 200GB Bucharest #4321,Subscriptions,iCloud Storage 200GB
PMT INSTALATOR URGENTA Bucharest #14,Housing,Instalator urgenta
cabinet stomatologic bright Pipera RID:34521,Health,Cabinet Stomatologic Bright
Plata cu cardul SUBSTACK SUBSCRIPTION Center #001,Subscriptions,Substack subscription
Crypto airdrop Constanta 12345,Investments,Crypto airdrop
Cumparare COSTA COFFEE Sibiu (RO),Restaurants,Costa Coffee
POS DB Bahn Online AUT:887412,Transport,DB Bahn
POS CARL'S JR Bucuresti #001,Restaurants,Carl's Jr
internet la domiciliu EU 12345,Utilities,Internet la Domiciliu
BRD TRANSFER EXTERN ROM RID:34521,Transfer,BRD transfer extern
PMT Factura gaze Branch 12 12345,Utilities,Factura gaze
Plata POS petrom statie Bucuresti #14,Transport,Petrom Statie
POS Chirie apartament Cluj AUT:887412,Housing,Chirie apartament
PMT POS RADET BUCURESTI Galati #4321,Utilities,Radet Bucuresti
PURCHASE PAYROLL JUNE 2026 Drumul Taberei RID:34521,Salary,Payroll June 2026
PMT POS Service GSM Center #001,Other,Service GSM
Plata cu cardul CEL.RO Pipera (RO),Other,Cel.ro
Plata cu cardul YANGO Aviatorilor AUT:887412,Transport,Yango
coffee lab Mall Vitan (RO),Restaurants,Coffee Lab
Achizitie BT Capital Invest Downtown (RO),Investments,BT Capital Invest
Plata POS DECONT 7CARD Vitan 12345,Salary,Decont 7Card
POS Raiffeisen virament Timisoara #001,Transfer,Raiffeisen virament
PMT TAROM BILET ONLINE Bucuresti AUT:887412,Travel,TAROM bilet online
GRAMMARLY PREMIUM Center #14,Subscriptions,Grammarly Premium
CONCERT SALA POLIVALENTA Park Lake,Entertainment,Concert Sala Polivalenta
Achizitie ramses sushi Online #14,Restaurants,Ramses Sushi
Cumparare PIZZERIA 4 AMICI Park Lake RO,Restaurants,Pizzeria 4 Amici
Achizitie Carturesti Bucharest #221,Education,Carturesti
PMT bistro vintage Cluj,Restaurants,Bistro Vintage
Achizitie disney+ ro Iasi #221,Subscriptions,Disney+ RO
PURCHASE Chirie luna mai Mall #001,Housing,Chirie luna mai
DR DENTIST Cotroceni AUT:887412,Health,Dr Dentist
Plata cu cardul DISNEY+ RO Park Lake #001,Subscriptions,Disney+ RO
Plata POS Clinica Polisano Constanta #001,Health,Clinica Polisano
Plata POS coursera plus Mall RO,Education,Coursera Plus
RCS-RDS Promenada #14,Utilities,RCS-RDS
Plata POS Intretinere Branch 12 AUT:887412,Housing,Intretinere
POS interactive brokers Branch 12 AUT:887412,Investments,Interactive Brokers
PMT POS Cinema City Promenada Store 04 #221,Entertainment,Cinema City Promenada
Achizitie UBER*TRIP Park Lake #4321,Transport,UBER*TRIP
Cumparare medicover romania Mall Vitan #14,Health,Medicover Romania
Cumparare REPARATII ELECTROCASNICE Timisoara AUT:887412,Other,Reparatii electrocasnice
POS TELEKOM MOBILE Cluj RID:34521,Utilities,Telekom Mobile
Plata cu cardul Spar Branch 12 AUT:887412,Groceries,Spar
Cumparare salad box Ploiesti RID:34521,Restaurants,Salad Box
Plata POS SALARIU ORE SUPLIMENTARE Iasi AUT:887412,Salary,Salariu ore suplimentare
Cumparare frizerie old school Sun Plaza RID:34521,Other,Frizerie Old School
PMT POS Epic Games Store Brasov #4321,Entertainment,Epic Games Store
PMT POS TERMOENERGETICA SUD Oradea #221,Utilities,Termoenergetica Sud
PMT AU BON PAIN Floreasca #14,Restaurants,Au Bon Pain
Plata cu cardul Viator tour Vitan 12345,Travel,Viator tour
PMT POS asociatie proprietari bloc 5 Online #221,Housing,Asociatie Proprietari Bloc 5
Achizitie orange romania fixed Center,Utilities,Orange Romania Fixed
Cumparare OPTICA OPTIBLU Vitan 12345,Health,Optica Optiblu
Cumparare BONUS PERFORMANTA Q1 Baneasa #4321,Salary,Bonus performanta Q1
Cumparare Trading 212 Invest Bucharest AUT:887412,Investments,Trading 212 Invest
POS BCR transfer extern Promenada RO,Transfer,BCR transfer extern
PURCHASE trading 212 invest Online #4321,Investments,Trading 212 Invest
PMT POS linkedin learning Bucuresti RO,Education,LinkedIn Learning
PURCHASE recoltare analize ROM AUT:887412,Health,Recoltare analize
PMT POS itp service Center (RO),Transport,ITP Service
BOROMIR PROD Sun Plaza #14,Groceries,Boromir Prod
PMT POS Casa Rusu mobilier Cotroceni,Other,Casa Rusu mobilier
Plata cu cardul Mailchimp Standard Baneasa #4321,Subscriptions,Mailchimp Standard
PMT wise transfer Bucharest RO,Transfer,Wise transfer
POS Cora Branch 12 RO,Groceries,Cora
PMT RENFE Online RO,Transport,Renfe
Plata POS Piata Amzei Iasi AUT:887412,Groceries,Piata Amzei
Plata POS COMPARI.RO Downtown AUT:887412,Other,Compari.ro
Cumparare RAT SIBIU Pipera (RO),Transport,RAT Sibiu
PMT BILETE FOTBAL DINAMO Constanta (RO),Entertainment,Bilete fotbal Dinamo
PMT POS COFFEE PROJECT Floreasca AUT:887412,Restaurants,Coffee Project
Plata cu cardul Bilete fotbal Steaua Floreasca #221,Entertainment,Bilete fotbal Steaua
PURCHASE PETEXPERT Center (RO),Other,Petexpert
Plata cu cardul AeroFlot ROM (RO),Travel,AeroFlot
PMT omv Center RID:34521,Transport,OMV
Cumparare chef burger Baneasa 12345,Restaurants,Chef Burger
PMT MIC.RO EU 12345,Groceries,Mic.ro
RENT JUNE Floreasca (RO),Housing,RENT JUNE
ETF VUAA Vitan (RO),Investments,ETF VUAA
ANAIDA RESTAURANT Iasi #001,Restaurants,Anaida Restaurant
Plata cu cardul Strava Premium Cotroceni,Subscriptions,Strava Premium
POS Calm app Oradea #4321,Subscriptions,Calm app
Achizitie PATISERIA SIMIGERIE Oradea RO,Groceries,Patiseria Simigerie
PMT Hostel Friends Center #001,Travel,Hostel Friends
Achizitie VRBO Timisoara RID:34521,Travel,Vrbo
Achizitie rent may Vitan,Housing,RENT MAY
Plata POS camera din fata Center #14,Restaurants,Camera din Fata
Plata POS Hardee's Brasov AUT:887412,Restaurants,Hardee's
PMT Mega Image Shop&Go EU RID:34521,Groceries,Mega Image Shop&Go
PMT POS BUMBLE PREMIUM Cluj RO,Subscriptions,Bumble Premium
PURCHASE CARREFOUR.RO ONLINE Park Lake,Groceries,Carrefour.ro online
Salon Coafor Brasov,Other,Salon Coafor
Achizitie DIURNĂ DEPLASARE EU,Salary,Diurnă deplasare
Cumparare la doi pasi Galati #4321,Groceries,La Doi Pasi
POS fmi bucuresti Sun Plaza #221,Education,FMI Bucuresti
Cumparare Pharmacy ROK Mall Vitan 12345,Health,Pharmacy ROK
Cumparare cursuri online it RO RID:34521,Education,Cursuri online IT
Plata POS Cauciucuri Premium Mall AUT:887412,Transport,Cauciucuri Premium
PURCHASE camin bucuresti Bucuresti AUT:887412,Education,Camin Bucuresti
PURCHASE LICEUL CANTEMIR Vitan #221,Education,Liceul Cantemir
Profi Baneasa RO,Groceries,Profi
PMT POS Cauciucuri Premium Sun Plaza RID:34521,Transport,Cauciucuri Premium
POS SALARIU ORE SUPLIMENTARE Park Lake RID:34521,Salary,Salariu ore suplimentare
PMT POS salad box Pipera 12345,Restaurants,Salad Box
POS Fond mutual NN Center 12345,Investments,Fond mutual NN
PMT ADMINISTRATOR BLOC 28 RO #4321,Housing,Administrator bloc 28
Achizitie OMV Mall RID:34521,Transport,OMV
POS metrorex abonament Oradea AUT:887412,Transport,Metrorex Abonament
PMT POS salariu ore suplimentare Bucharest,Salary,Salariu ore suplimentare
PMT greggs EU RO,Restaurants,Greggs
PMT POS ANALIZE MEDICALE Downtown AUT:887412,Health,Analize medicale
Achizitie Babbel Learning Pipera #4321,Education,Babbel Learning
PMT POS yango Online RID:34521,Transport,Yango
Plata POS MANGO SHOP Iasi 12345,Other,Mango shop
PMT POS 5 to go Sun Plaza #001,Restaurants,5 to Go
Cumparare CEC BANK TRANSFER Mall (RO),Transfer,CEC Bank transfer
PMT POS starbucks coffee Online 12345,Restaurants,STARBUCKS COFFEE
Cumparare Salariu luna mai Floreasca AUT:887412,Salary,Salariu luna mai
Plata POS Cauciucuri Premium AFI Cotroceni AUT:887412,Transport,Cauciucuri Premium
PMT Payslip ACME SRL Oradea #001,Salary,Payslip ACME SRL
Cumparare PSN Store Brasov AUT:887412,Entertainment,PSN Store
PMT TERASA VARA HERASTRAU Downtown 12345,Restaurants,Terasa Vara Herastrau
PMT POS PANDORA BIJUTERII EU #4321,Other,Pandora bijuterii
PMT MERE PERE MAGAZIN Galati,Groceries,Mere Pere magazin
PURCHASE Bistroteca Mall #14,Restaurants,Bistroteca
Achizitie FIGMA PROFESSIONAL Cotroceni 12345,Subscriptions,Figma Professional
about you Cotroceni RID:34521,Other,About You
POS MANGO SHOP RO AUT:887412,Other,Mango shop
Plata cu cardul LEROY MERLIN Center #221,Other,Leroy Merlin
Plata cu cardul Piata Obor Timisoara AUT:887412,Groceries,Piata Obor
taxa scolarizare licenta Store 04 #14,Education,Taxa scolarizare licenta
POS curatenie casa Mall,Housing,Curatenie casa
POS Farmacia Help Vitan RO,Health,Farmacia Help
Achizitie Coursera RO #4321,Education,Coursera
Achizitie RESTAURANT HANU' BERARILOR Park Lake RO,Restaurants,Restaurant Hanu' Berarilor
PMT spartan Iasi #14,Restaurants,Spartan
PMT Auto Service Pitesti ROM (RO),Transport,Auto Service Pitesti
XBOX GAME PASS Promenada #221,Entertainment,Xbox Game Pass
Plata cu cardul Penny Market Cluj 12345,Groceries,Penny Market
Achizitie CAZARE CAMIN STUDENTI Bucuresti #001,Education,Cazare camin studenti
PMT Plata chirie iunie EU #14,Housing,Plata chirie iunie
PURCHASE roblox subscription ROM 12345,Entertainment,Roblox subscription
RENT MAY Galati RO,Housing,RENT MAY
PMT argint investitie Cotroceni (RO),Investments,Argint investitie
PMT CNAIR ROVINIETA Drumul Taberei #14,Transport,CNAIR Rovinieta
Cumparare LIDL ROM (RO),Groceries,Lidl
PMT Five Guys RO,Restaurants,Five Guys
Plata POS Reteaua Regina Maria Vitan RO,Health,Reteaua Regina Maria
PMT POS PAYPAL TRANSFER Mall AUT:887412,Transfer,PayPal transfer
Plata cu cardul EON.RO FACTURA Oradea RO,Utilities,EON.RO factura
Cumparare Clinica Polisano Floreasca,Health,Clinica Polisano
Plata POS achizitie aplicatie Pipera RID:34521,Other,Achizitie aplicatie
POS Pluralsight RO 12345,Education,Pluralsight
PMT E.ON Ploiesti AUT:887412,Utilities,E.ON
Plata cu cardul patiserie boulangerie ROM (RO),Other,Patiserie Boulangerie
Cumparare escape room logica Cotroceni #221,Entertainment,Escape Room Logica
PMT POS TRANSFER IN EUR Oradea #221,Transfer,Transfer in EUR
Plata POS discord nitro Center #4321,Entertainment,Discord Nitro
RETEAUA REGINA MARIA Vitan,Health,Reteaua Regina Maria
Plata POS foto studio premium Store 04 #4321,Other,Foto Studio Premium
PMT Rovinieta Sun Plaza (RO),Transport,Rovinieta
Plata cu cardul sixt rent a car Aviatorilor #14,Travel,Sixt Rent a Car
POS EPIC GAMES STORE Bucharest (RO),Entertainment,Epic Games Store
PMT Hanu lui Manuc Oradea RO,Restaurants,Hanu lui Manuc
PMT POS stradivarius Branch 12 #001,Other,Stradivarius
PMT POS Diana Express Floreasca 12345,Groceries,Diana Express
Plata cu cardul Carte tehnica online Mall,Education,Carte tehnica online
Plata POS SEPA CREDIT TRANSFER Galati #001,Transfer,SEPA Credit Transfer
Plata cu cardul western union transfer Downtown RO,Transfer,Western Union transfer
POS caffe del sud Galati #001,Restaurants,Caffe del Sud
PMT POS Payroll April 2026 Center RID:34521,Salary,Payroll April 2026
Plata cu cardul CARL'S JR Branch 12 RO,Restaurants,Carl's Jr
Cumparare RTEC CONSTANTA Downtown (RO),Transport,RTEC Constanta
POS Pubul Trafic Store 04 #14,Restaurants,Pubul Trafic
Termoenergetica Sud Sibiu #001,Utilities,Termoenergetica Sud
PMT FrontendMasters Park Lake #221,Education,FrontendMasters
PMT POS agoda Center #001,Travel,Agoda
PURCHASE Pilates studio RO #221,Health,Pilates studio
PMT POLICLINICA TITU MAIORESCU Vitan #4321,Health,Policlinica Titu Maiorescu
Plata POS rata ipoteca Aviatorilor #001,Housing,Rata ipoteca
Plata POS Dentist Brilliant Floreasca,Health,Dentist Brilliant
Cumparare rent may Drumul Taberei #4321,Housing,RENT MAY
POS Patiserie Boulangerie ROM (RO),Other,Patiserie Boulangerie
Telekom Romania Timisoara #221,Utilities,Telekom Romania
POS Spitalul Coltea RO #14,Health,Spitalul Coltea
Cumparare TEATRUL MIC Floreasca #14,Entertainment,Teatrul Mic
Achizitie IABILET CONCERT ROM RO,Entertainment,iaBilet concert
POS Coursera Plus ROM #4321,Education,Coursera Plus
Plata POS Statia ITP Mall Vitan (RO),Transport,Statia ITP
PMT POS Coffee Project Constanta AUT:887412,Restaurants,Coffee Project
POS EXPEDIA Brasov RID:34521,Travel,Expedia
RAT SIBIU Sibiu RID:34521,Transport,RAT Sibiu
SPARTAN Constanta #001,Restaurants,Spartan
PMT acuarela cafe Pipera,Restaurants,Acuarela Cafe
PURCHASE P2P payment Andrei Cluj #221,Transfer,P2P payment Andrei
Plata cu cardul PAYROLL JUNE 2026 Pipera #221,Salary,Payroll June 2026
PMT POS WIZZAIR BILET Mall #001,Travel,WizzAir Bilet
Plata cu cardul cinema 3d afi Branch 12 #14,Entertainment,Cinema 3D AFI
Plata POS asociatie proprietari bloc 5 Sun Plaza #221,Housing,Asociatie Proprietari Bloc 5
Plata POS notion family ROM (RO),Subscriptions,Notion Family
PMT TAROM bilet online Floreasca,Travel,TAROM bilet online
royalty payment amazon EU AUT:887412,Salary,Royalty payment Amazon
PMT POS kfc RO (RO),Restaurants,KFC
Plata POS Pensie facultativa NN ROM,Investments,Pensie facultativa NN
POS LOGOPED SEDINTA ROM #14,Health,Logoped sedinta
Achizitie Nintendo Switch Online Sibiu AUT:887412,Entertainment,Nintendo Switch Online
FESTIVAL UNTOLD Ploiesti AUT:887412,Entertainment,Festival Untold
Achizitie COLEGIU NATIONAL SAVA Cluj AUT:887412,Education,Colegiu National Sava
PURCHASE Strava Premium Iasi #221,Subscriptions,Strava Premium
PMT POS fizioterapie sedinta Ploiesti #4321,Health,Fizioterapie sedinta
Salon Coafor Timisoara #4321,Other,Salon Coafor
Cumparare COMISION AGENTIE IMOBILIARA Bucharest,Housing,Comision agentie imobiliara
PMT edX MicroMasters Center AUT:887412,Education,edX MicroMasters
Plata cu cardul WIZZ AIR Center AUT:887412,Travel,Wizz Air
Achizitie BILET MASTER Center 12345,Entertainment,Bilet Master
POS Teatrul Mic Cotroceni 12345,Entertainment,Teatrul Mic
PMT POS FLORARIA MADA Oradea #001,Other,Floraria Mada
SPOTIFY Mall Vitan AUT:887412,Subscriptions,Spotify
Plata cu cardul Norwegian Air AFI Cotroceni RID:34521,Travel,Norwegian Air
TAROM Floreasca #4321,Travel,TAROM
Plata POS domo romania Center (RO),Other,Domo Romania
Achizitie Office 365 Mall #14,Subscriptions,Office 365
Cumparare Tichete masa Up Branch 12 RID:34521,Salary,Tichete masa Up
Achizitie Mentenanta lift Park Lake,Housing,Mentenanta lift
POS Turkish Airlines Cluj #001,Travel,Turkish Airlines
POS BOOKING.COM HOTEL RO (RO),Travel,Booking.com Hotel
Achizitie MINI MARKET PIPERA Branch 12 #4321,Groceries,Mini Market Pipera
Plata cu cardul Direct Deposit Payroll AFI Cotroceni 12345,Salary,Direct Deposit Payroll
Service Telefon Aviatorilor RO,Other,Service Telefon
PURCHASE Fidelity Invest Center #4321,Investments,Fidelity Invest
Achizitie Office 365 Promenada #4321,Subscriptions,Office 365
frontend masters subscription Galati #221,Education,Frontend Masters subscription
Plata cu cardul Policlinica Titu Maiorescu Sibiu AUT:887412,Health,Policlinica Titu Maiorescu
Plata cu cardul AQUATIM TIMISOARA Baneasa,Utilities,Aquatim Timisoara
Plata POS Internet fibra optica Park Lake RID:34521,Utilities,Internet fibra optica
Plata POS FASHION DAYS Iasi,Other,Fashion Days
POS BONUS PERFORMANTA Q2 Constanta #001,Salary,Bonus performanta Q2
Plata POS Festival Awake Constanta #221,Entertainment,Festival Awake
RENT MAY Floreasca,Housing,RENT MAY
Cumparare Adobe Creative Cloud Branch 12 AUT:887412,Subscriptions,Adobe Creative Cloud
Plata cu cardul El Torito Mexican Branch 12 #14,Restaurants,El Torito Mexican
Achizitie FREENOW ROM (RO),Transport,FreeNow
Plata cu cardul TFL OYSTER Online RO,Transport,TfL Oyster
PMT ETF SPY Downtown #4321,Investments,ETF SPY
Plata POS Black Cab Bucharest #14,Transport,Black Cab
Achizitie Psiholog Cabinet Timisoara #001,Health,Psiholog Cabinet
Plata cu cardul REVOLUT TOP-UP Promenada AUT:887412,Transfer,Revolut top-up
Plata cu cardul BikeRO Online,Transport,BikeRO
POS Mortgage payment Promenada #001,Housing,Mortgage payment
PMT POS kfc Bucuresti #221,Restaurants,KFC
PURCHASE Tichete cadou Edenred Park Lake AUT:887412,Salary,Tichete cadou Edenred
PMT POS Salariu luna iunie Store 04 (RO),Salary,Salariu luna iunie
PMT POS Alimentara Express Constanta 12345,Groceries,Alimentara Express
Plata POS FARMACIA SENSIBLU Galati RID:34521,Health,Farmacia Sensiblu
Plata POS WAGE TRANSFER Branch 12 #14,Salary,Wage Transfer
POS PUBUL TRAFIC Promenada,Restaurants,Pubul Trafic
PMT POS Bootcamp Coding Oradea (RO),Education,Bootcamp Coding
PURCHASE UNISWAP SWAP Online RO,Investments,Uniswap swap
POS LIDL PLUS Downtown (RO),Groceries,Lidl Plus
PMT ASE BUCURESTI Park Lake #4321,Education,ASE Bucuresti
POS Wizz Air voucher Vitan #4321,Transport,Wizz Air voucher
POS Salubritate URBAN Vitan AUT:887412,Utilities,Salubritate URBAN
Achizitie PENSIUNE SIBIEL AFI Cotroceni RO,Travel,Pensiune Sibiel
Cumparare Analize medicale Center 12345,Health,Analize medicale
PURCHASE SUSHI TO GO Pipera RO,Restaurants,Sushi to Go
POS APPLE MUSIC Floreasca,Subscriptions,Apple Music
Achizitie Colegiul Mihai Viteazul Downtown RO,Education,Colegiul Mihai Viteazul
Plata POS carl's jr Sibiu 12345,Restaurants,Carl's Jr
Achizitie RENT JUNE Downtown RID:34521,Housing,RENT JUNE
PURCHASE colegiul national lazar Floreasca AUT:887412,Education,Colegiul National Lazar
Direct Deposit ACME Bucuresti #4321,Salary,Direct Deposit ACME
Cumparare CEZ VANZARE Promenada RO,Utilities,CEZ Vanzare
PMT salariu ore suplimentare Sibiu #001,Salary,Salariu ore suplimentare
PMT POS OnlyFans subscription Mall RO,Subscriptions,OnlyFans subscription
BISTROTECA Bucharest #221,Restaurants,Bistroteca
PURCHASE ANNABELLA Bucharest #14,Groceries,Annabella
Plata POS Figma Pro Sun Plaza,Subscriptions,Figma Pro
Cumparare auchan Promenada RO,Groceries,Auchan
PMT POS BOLT*RIDE Mall Vitan 12345,Transport,BOLT*RIDE
PURCHASE Pensiune Bran Center #221,Travel,Pensiune Bran
PURCHASE Administrator bloc 28 Brasov #4321,Housing,Administrator bloc 28
PURCHASE Internet la Domiciliu AFI Cotroceni #4321,Utilities,Internet la Domiciliu
POS COINBASE BUY EU 12345,Investments,Coinbase buy
Vrbo AFI Cotroceni #001,Travel,Vrbo
POS Greggs Sibiu #221,Restaurants,Greggs
Plata POS Electrician apartament Mall 12345,Housing,Electrician apartament
PMT UBER ROMANIA Cotroceni 12345,Transport,Uber Romania
ENGIE FACT EU (RO),Utilities,ENGIE FACT
PMT POS MedLife Sun Plaza,Health,MedLife
Plata cu cardul Disney Plus Floreasca #4321,Subscriptions,Disney Plus
PMT VODAFONE CABLE Cluj #14,Utilities,Vodafone Cable
Achizitie NINTENDO ESHOP Timisoara (RO),Entertainment,Nintendo eShop
Plata cu cardul Bistroteca Floreasca (RO),Restaurants,Bistroteca
PMT Optimall optica Center 12345,Health,Optimall optica
Cumparare BOLT*RIDE Store 04 #14,Transport,BOLT*RIDE
PMT POS McDonalds EU RID:34521,Restaurants,McDonalds
Plata POS Royalty payment Amazon ROM #4321,Salary,Royalty payment Amazon
PARCARE PIATA VICTORIEI Baneasa (RO),Transport,Parcare Piata Victoriei
Plata cu cardul WOK TO WALK Center #221,Restaurants,Wok to Walk
PURCHASE Rata ipoteca Store 04 #221,Housing,Rata ipoteca
Plata POS PLATA CHIRIE IUNIE Pipera AUT:887412,Housing,Plata chirie iunie
PURCHASE DOMINOS PIZZA Mall #14,Restaurants,Dominos Pizza
Plata POS ETF VWCE RO #4321,Investments,ETF VWCE
PURCHASE NORWEGIAN AIR Sibiu 12345,Travel,Norwegian Air
AeroFlot Sibiu #4321,Travel,AeroFlot
Plata POS COSTA COFFEE Branch 12 #001,Restaurants,Costa Coffee
Plata cu cardul autostrada a2 Sun Plaza #4321,Transport,Autostrada A2
PMT Mercadona Downtown,Groceries,Mercadona
PMT POS pc garage Aviatorilor AUT:887412,Other,PC Garage
Plata cu cardul PATISERIA SIMIGERIE Aviatorilor #221,Groceries,Patiseria Simigerie
PURCHASE synevo labs Timisoara RID:34521,Health,Synevo Labs
PURCHASE GLOVO Aviatorilor 12345,Restaurants,Glovo
Plata cu cardul CEC virament Mall #221,Transfer,CEC virament
Plata POS Transfer in lei Cotroceni RO,Transfer,Transfer in lei
Plata POS SALARIU LUNA IUNIE Bucuresti AUT:887412,Salary,Salariu luna iunie
Cumparare Booking.com Aviatorilor 12345,Travel,Booking.com
Cumparare Foto Studio Premium Bucharest #14,Other,Foto Studio Premium
Cumparare HOUSE EU RID:34521,Other,House
Plata POS Supermarket Local Cluj (RO),Groceries,Supermarket Local
POS La Placinte Pipera #001,Restaurants,La Placinte
Plata cu cardul FARMACIA 24H Sun Plaza 12345,Health,Farmacia 24h
POS HARD ROCK CAFE Timisoara #221,Restaurants,Hard Rock Cafe
Linear App Branch 12 #001,Subscriptions,Linear App
Plata cu cardul emag.ro Mall #4321,Other,Emag.ro
PURCHASE electrica distributie Mall Vitan RO,Utilities,Electrica Distributie
Plata POS MONEYGRAM RECEIVE RO RO,Transfer,MoneyGram receive
PMT POS Joc PC Steam Mall,Entertainment,Joc PC Steam
Plata POS Garantie chirie Mall AUT:887412,Housing,Garantie chirie
Plata cu cardul Asigurare calatorie Allianz Center 12345,Travel,Asigurare calatorie Allianz
PMT POS tinder gold Cotroceni RID:34521,Subscriptions,Tinder Gold
PMT incasare de la ion Online 12345,Transfer,Incasare de la Ion
KFC EU #4321,Restaurants,KFC
Plata cu cardul BINANCE DEPOSIT Store 04 #221,Investments,Binance deposit
PMT plata contract drepturi autor Branch 12 #001,Salary,Plata contract drepturi autor
PURCHASE Rompetrol Statie Store 04 12345,Transport,Rompetrol Statie
Plata POS Workshop UI RO #14,Education,Workshop UI
Plata POS REZERVARE AIRBNB CLUJ Online #221,Travel,Rezervare Airbnb Cluj
PURCHASE M60 COFFEE Galati AUT:887412,Restaurants,M60 Coffee
PURCHASE Revolut transfer to friend Drumul Taberei #14,Transfer,Revolut transfer to friend
POS FAMILY MARKET Park Lake RID:34521,Groceries,Family Market
Cumparare hornbach magazin Promenada,Other,Hornbach magazin
Achizitie Setapp Ploiesti #221,Subscriptions,Setapp
PMT SUBWAY SANDWICH RO #4321,Restaurants,SUBWAY SANDWICH
Plata POS Puma store Center (RO),Other,Puma store
Achizitie Parking Mall Downtown RO,Transport,Parking Mall
PURCHASE EDX Bucharest #221,Education,edX
Cumparare wok to walk Sun Plaza (RO),Restaurants,Wok to Walk
PMT POS Cafenea Aviatorilor Downtown AUT:887412,Restaurants,Cafenea Aviatorilor
PURCHASE SNCF Drumul Taberei #4321,Transport,SNCF
PURCHASE pluralsight Bucharest RID:34521,Education,Pluralsight
Achizitie Salad Box Ploiesti #14,Restaurants,Salad Box
XPRESS Market Floreasca #14,Groceries,XPRESS Market
webull deposit Sun Plaza RID:34521,Investments,Webull deposit
PURCHASE Restaurant centrul vechi Branch 12 RO,Restaurants,Restaurant centrul vechi
Plata POS ORIGO COFFEE Iasi #14,Restaurants,Origo Coffee
PMT POS tarom Aviatorilor #4321,Travel,TAROM
Cumparare AQUATIM TIMISOARA Branch 12,Utilities,Aquatim Timisoara
PURCHASE Taxa scolarizare licenta Cotroceni AUT:887412,Education,Taxa scolarizare licenta
Plata cu cardul Hostel Friends Pipera #221,Travel,Hostel Friends
PMT POS deposit rent Promenada #4321,Housing,Deposit rent
POS MORTGAGE PAYMENT Branch 12 RO,Housing,Mortgage payment
RENT JULY Bucharest #221,Housing,RENT JULY
POS SCHIMB VALUTAR RAIFFEISEN Vitan #4321,Transfer,Schimb valutar Raiffeisen
PURCHASE DRUMURI NATIONALE Baneasa 12345,Transport,Drumuri Nationale
PMT TRANSFER CONT CURENT Timisoara #14,Transfer,Transfer cont curent
PMT Cabinet Stomatologic Smile Floreasca #14,Health,Cabinet Stomatologic Smile
PMT EasyJet Constanta AUT:887412,Travel,EasyJet
PURCHASE AeroFlot Branch 12 #001,Travel,AeroFlot
Plata cu cardul PATISERIE PARISUL Ploiesti (RO),Other,Patiserie Parisul
SALARIU LUNA MAI Promenada AUT:887412,Salary,Salariu luna mai
Plata cu cardul wizz air ROM #4321,Travel,Wizz Air
Achizitie Calm app Oradea,Subscriptions,Calm app
PMT edx Bucuresti #14,Education,edX
Plata cu cardul Asigurare apartament Online #001,Housing,Asigurare apartament
PMT POS pensie facultativa nn Store 04 12345,Investments,Pensie facultativa NN
Cafenea Aviatorilor RO RID:34521,Restaurants,Cafenea Aviatorilor
Cumparare AUTOSTRADA A1 Cotroceni RID:34521,Transport,Autostrada A1
PMT POS GIFT CARD Center AUT:887412,Other,Gift card
Achizitie MASTERCLASS COURSE EU,Education,MasterClass course
PURCHASE Frizerie Elite Mall #221,Other,Frizerie Elite
PURCHASE Tichete cadou Edenred Floreasca #001,Salary,Tichete cadou Edenred
Plata POS OLX Imobiliare Branch 12 RID:34521,Housing,OLX Imobiliare
Booking.com Store 04 #001,Travel,Booking.com
Plata cu cardul Pensie facultativa NN Cotroceni RO,Investments,Pensie facultativa NN
PURCHASE Hostelworld Downtown RO,Travel,Hostelworld
Cumparare Salad Box Brasov RO,Restaurants,Salad Box
PMT POS ETF VUAA RO #14,Investments,ETF VUAA
Cabinet Cardiologie Store 04 #221,Health,Cabinet Cardiologie
Plata cu cardul Casa Inteligenta administrare AFI Cotroceni #001,Housing,Casa Inteligenta administrare
Achizitie AVANS CHIRIE RO (RO),Housing,Avans chirie
Achizitie jd sports Park Lake #221,Other,JD Sports
Achizitie Carwash Express AFI Cotroceni #14,Transport,Carwash Express
POS DM DROGERIE MARKT Sibiu 12345,Groceries,DM Drogerie Markt
Achizitie Spitalul Elias Timisoara AUT:887412,Health,Spitalul Elias
Achizitie Editura Polirom carte Vitan #14,Education,Editura Polirom carte
Plata cu cardul PILATES STUDIO Online RID:34521,Health,Pilates studio
Cumparare Terasa Vara Herastrau Constanta #14,Restaurants,Terasa Vara Herastrau
Achizitie chipotle mexican grill Vitan 12345,Restaurants,Chipotle Mexican Grill
Glovo Cotroceni 12345,Restaurants,Glovo
Cumparare pubul trafic Oradea RID:34521,Restaurants,Pubul Trafic
Achizitie BVB tranzactie Branch 12 RID:34521,Investments,BVB tranzactie
PURCHASE comision agentie imobiliara Drumul Taberei RID:34521,Housing,Comision agentie imobiliara
PMT POS Revolut transfer to friend Iasi AUT:887412,Transfer,Revolut transfer to friend
Cumparare Strava Premium Oradea RID:34521,Subscriptions,Strava Premium
PMT POS ApaServ Brasov Branch 12 12345,Utilities,ApaServ Brasov
BERE SI GRILL RO 12345,Restaurants,Bere si grill
PMT POS Farmacia Help Ploiesti RO,Health,Farmacia Help
POS REZERVARE HOTEL PREDEAL RO AUT:887412,Travel,Rezervare hotel Predeal
Achizitie airbnb stay Downtown 12345,Travel,Airbnb Stay
Incasare de la Ion Oradea (RO),Transfer,Incasare de la Ion
Bolt Romania Branch 12 #001,Transport,Bolt Romania
Teatrul Comedie Mall Vitan AUT:887412,Entertainment,Teatrul Comedie
Plata cu cardul Metrorex Promenada AUT:887412,Transport,Metrorex
Drumuri Nationale Iasi RO,Transport,Drumuri Nationale
PMT POS coop Online RID:34521,Groceries,Coop
Achizitie workshop ux Galati 12345,Education,Workshop UX
Plata POS ARBY'S Aviatorilor RID:34521,Restaurants,Arby's
Plata cu cardul BAR DE ZI FLOREASCA Park Lake AUT:887412,Restaurants,Bar de zi Floreasca
EDX Sibiu (RO),Education,edX
PMT POS RCS-RDS Drumul Taberei RO,Utilities,RCS-RDS
Plata POS Epic Games Store Center RO,Entertainment,Epic Games Store
Plata POS Lufthansa Baneasa #4321,Travel,Lufthansa
Plata POS Farmacia Help Cluj RID:34521,Health,Farmacia Help
Spitalul Sf. Pantelimon Iasi,Health,Spitalul Sf. Pantelimon
Plata cu cardul INCHIRIERE MASINA SIXT Vitan #001,Travel,Inchiriere masina Sixt
POS OTP Bank schimb Branch 12 AUT:887412,Transfer,OTP Bank schimb
POS LA PLACINTE Drumul Taberei #4321,Restaurants,La Placinte
Achizitie Tichete cadou Edenred Timisoara,Salary,Tichete cadou Edenred
Plata cu cardul orange romania fixed Ploiesti (RO),Utilities,Orange Romania Fixed
Cumparare Clinica Polisano Store 04 AUT:887412,Health,Clinica Polisano
PURCHASE Lime Scooter Galati RID:34521,Transport,Lime Scooter
PURCHASE ETF SXR8 Vitan 12345,Investments,ETF SXR8
Cumparare Administrator bloc 12 Center RID:34521,Housing,Administrator bloc 12
PURCHASE Carwash Express Brasov RID:34521,Transport,Carwash Express
Plata cu cardul INCASARE DE LA MARIA EU AUT:887412,Transfer,Incasare de la Maria
PMT Payslip Tech Corp Vitan (RO),Salary,Payslip Tech Corp
Achizitie Fizioterapie sedinta Iasi (RO),Health,Fizioterapie sedinta
PMT RCS RDS Bucuresti #14,Utilities,RCS RDS
Achizitie BOOKING RO Mall,Travel,Booking RO
PMT POS PAYROLL JUNE 2026 Cluj RID:34521,Salary,Payroll June 2026
Plata POS ETF VOO RO 12345,Investments,ETF VOO
PURCHASE iberia Floreasca #4321,Travel,Iberia
PMT booking.com Mall #4321,Travel,Booking.com
PMT steam wallet Iasi AUT:887412,Entertainment,Steam Wallet
PMT TRENITALIA Promenada,Transport,Trenitalia
POS EUROWINGS Bucharest 12345,Travel,Eurowings
POS Farmacia Dona Sun Plaza #221,Health,Farmacia Dona
Plata POS vatra restaurant Sibiu #14,Restaurants,Vatra Restaurant
CFR Calatori Drumul Taberei #14,Transport,CFR Calatori
Achizitie OTP virament Floreasca RO,Transfer,OTP virament
Achizitie Crucea Rosie donatie Cotroceni AUT:887412,Other,Crucea Rosie donatie
Plata cu cardul SKILLSHARE Aviatorilor #14,Education,Skillshare
Plata POS Bowling Cosmos Bucharest #221,Entertainment,Bowling Cosmos
Plata cu cardul Adidas store EU RID:34521,Other,Adidas store
PURCHASE WAGE TRANSFER Sun Plaza RID:34521,Salary,Wage Transfer
velorent Constanta #001,Transport,VeloRent
Achizitie Salariu luna mai Constanta AUT:887412,Salary,Salariu luna mai
PMT TRADING 212 DEPOSIT Brasov AUT:887412,Investments,Trading 212 deposit
Plata POS New Yorker Drumul Taberei #001,Other,New Yorker
PURCHASE Trading 212 Invest Store 04 RID:34521,Investments,Trading 212 Invest
Plata POS Squarespace Plan Promenada #221,Subscriptions,Squarespace Plan
Plata POS DATACAMP Timisoara AUT:887412,Education,DataCamp
PMT POS BOOKING.COM Iasi RO,Travel,Booking.com
Cumparare Acuarela Cafe Ploiesti RID:34521,Restaurants,Acuarela Cafe
Cumparare Skillshare Store 04 #4321,Education,Skillshare
Achizitie YANGO Oradea #001,Transport,Yango
Plata POS Adobe Creative Cloud Bucuresti AUT:887412,Subscriptions,Adobe Creative Cloud
POS qatar airways EU RO,Travel,Qatar Airways
Plata cu cardul Tichete masa Sodexo Oradea #001,Salary,Tichete masa Sodexo
PMT POS Nintendo eShop ROM #14,Entertainment,Nintendo eShop
Cumparare Casa Rusu mobilier Downtown #4321,Other,Casa Rusu mobilier
stock purchase msft Galati #4321,Investments,Stock purchase MSFT
PURCHASE Carwash Express Online 12345,Transport,Carwash Express
PMT POS parking mall Mall #14,Transport,Parking Mall
PMT POS DM DROGERIE MARKT Floreasca #14,Groceries,DM Drogerie Markt
Achizitie starbucks coffee Oradea,Restaurants,STARBUCKS COFFEE
POS salariu ore suplimentare Floreasca AUT:887412,Salary,Salariu ore suplimentare
PURCHASE Auto Service Pitesti Bucuresti #14,Transport,Auto Service Pitesti
BURGERKING Branch 12,Restaurants,BURGERKING
PURCHASE achizitie aplicatie Sibiu RO,Other,Achizitie aplicatie
Plata POS Booking.com Mall Vitan #001,Travel,Booking.com
Plata POS Libraria Mihai Eminescu Promenada RO,Education,Libraria Mihai Eminescu
POS excursie italia Downtown #001,Travel,Excursie Italia
POS gaze naturale Cotroceni,Utilities,Gaze Naturale
Plata POS AEROFLOT Pipera,Travel,AeroFlot
Plata POS Metrorex Online RID:34521,Transport,Metrorex
Plata POS BILETE FOTBAL DINAMO EU RO,Entertainment,Bilete fotbal Dinamo
PMT Pensiune Bran Cotroceni #221,Travel,Pensiune Bran
Cumparare BRUTARIA BOROMIR Center #221,Groceries,Brutaria Boromir
Cumparare TfL Oyster Cotroceni #001,Transport,TfL Oyster
PURCHASE STEAM STORE Oradea AUT:887412,Entertainment,Steam Store
Plata cu cardul Lensa.ro ROM #14,Health,Lensa.ro
Plata cu cardul HBO MAX Bucuresti RO,Subscriptions,HBO Max
POS Notion AI Floreasca #4321,Subscriptions,Notion AI
POS Internet la Domiciliu RO #001,Utilities,Internet la Domiciliu
Cumparare velorent Cotroceni #221,Transport,VeloRent
PMT Disney+ RO Pipera #14,Subscriptions,Disney+ RO
Plata POS Schimb EUR-RON BCR Mall Vitan 12345,Transfer,Schimb EUR-RON BCR
POS Salariu luna iunie Online (RO),Salary,Salariu luna iunie
Plata POS psiholog cabinet Center AUT:887412,Health,Psiholog Cabinet
Raiffeisen virament Baneasa #4321,Transfer,Raiffeisen virament
PURCHASE Netflix Premium EU AUT:887412,Subscriptions,Netflix Premium
Plata POS Farmacia Sensiblu Timisoara 12345,Health,Farmacia Sensiblu
Achizitie CHIRIE LUNA MAI Iasi AUT:887412,Housing,Chirie luna mai
Plata cu cardul MEDICAL CENTER BUCURESTI Sibiu RO,Health,Medical Center Bucuresti
Plata POS LinkedIn Premium Pipera #001,Subscriptions,LinkedIn Premium
POS hotel caro ROM #001,Travel,Hotel Caro
Plata cu cardul BABBEL LEARNING Downtown (RO),Education,Babbel Learning
Netflix Premium Vitan 12345,Subscriptions,Netflix Premium
PURCHASE FMI UBB Aviatorilor (RO),Education,FMI UBB
PMT Factura internet RO,Utilities,Factura internet
Plata cu cardul Bitwarden Premium Cotroceni AUT:887412,Subscriptions,Bitwarden Premium
PMT POS SHOPMAGAZIN Brasov RO,Groceries,ShopMagazin
PMT La Placinte Mall 12345,Restaurants,La Placinte
Achizitie ExpressVPN EU,Subscriptions,ExpressVPN
Cumparare Pilon III pensie privata Downtown #001,Investments,Pilon III pensie privata
Cumparare FOTO STUDIO PREMIUM Cluj RID:34521,Other,Foto Studio Premium
Fresca Center #221,Restaurants,Fresca
Achizitie DROPBOX FAMILY Downtown RO,Subscriptions,Dropbox Family
PURCHASE apometru index Constanta #001,Utilities,Apometru index
PMT POS Marketul de Cartier Downtown RID:34521,Groceries,Marketul de Cartier
Plata cu cardul Kindle Unlimited Floreasca (RO),Subscriptions,Kindle Unlimited
XTB DEPOSIT ROM AUT:887412,Investments,XTB deposit
PMT POS Hotel Marriott Bucuresti Floreasca (RO),Travel,Hotel Marriott Bucuresti
Cumparare FACTURA INTERNET Aviatorilor #14,Utilities,Factura internet
COSMETIC & FOOD SHOP Timisoara RID:34521,Groceries,Cosmetic & Food Shop
Cumparare AU BON PAIN Sibiu AUT:887412,Restaurants,Au Bon Pain
Cumparare Douglas magazin Constanta RO,Other,Douglas magazin
Cumparare Inchiriere masina Sixt Sun Plaza #221,Travel,Inchiriere masina Sixt
PMT POS Nike store EU RO,Other,Nike store
Achizitie Festival Untold Store 04,Entertainment,Festival Untold
POS Kaufland Online Drumul Taberei,Groceries,Kaufland Online
Plata POS Plafar magazin Drumul Taberei,Groceries,Plafar magazin
POS protonvpn Baneasa #221,Subscriptions,ProtonVPN
PMT teatrul mic Drumul Taberei #14,Entertainment,Teatrul Mic
Plata POS Cabinet Ortopedie Cotroceni #14,Health,Cabinet Ortopedie
Plata cu cardul RENT MAY Oradea RID:34521,Housing,RENT MAY
pensiune sinaia Aviatorilor,Travel,Pensiune Sinaia
POS Kraken buy Center #4321,Investments,Kraken buy
LIDL PLUS AFI Cotroceni AUT:887412,Groceries,Lidl Plus
PURCHASE SPOTIFY PREMIUM Mall RO,Subscriptions,Spotify Premium
Magazin Animale Companie Online (RO),Other,Magazin Animale Companie
POS VIETNAM RESTAURANT Mall Vitan RO,Restaurants,Vietnam Restaurant
Plata POS Deposit rent Promenada #001,Housing,Deposit rent
Achizitie BCR transfer extern Center,Transfer,BCR transfer extern
Achizitie SETAPP Park Lake #14,Subscriptions,Setapp
Plata cu cardul BITWARDEN PREMIUM Downtown RO,Subscriptions,Bitwarden Premium
PMT CNAIR Rovinieta EU,Transport,CNAIR Rovinieta
POS Vercel Pro Cotroceni #14,Subscriptions,Vercel Pro
Achizitie PlayStation Network Center (RO),Entertainment,PlayStation Network
Plata POS engie gaznaturale Bucharest,Utilities,Engie GazNaturale
POS SPITALUL ELIAS Center #4321,Health,Spitalul Elias
Cumparare NETFLIX PREMIUM Bucuresti #221,Subscriptions,Netflix Premium
Plata cu cardul FRONTEND MASTERS SUBSCRIPTION RO #4321,Education,Frontend Masters subscription
POS RCS-RDS Cotroceni #001,Utilities,RCS-RDS
Plata cu cardul FARMACIA CATENA Sibiu RO,Health,Farmacia Catena
PURCHASE openai plus Baneasa AUT:887412,Subscriptions,OpenAI Plus
Plata cu cardul Teatrul Bulandra Vitan #221,Entertainment,Teatrul Bulandra
Plata cu cardul DOUGLAS MAGAZIN Aviatorilor,Other,Douglas magazin
FESTIVAL ELECTRIC CASTLE Cluj,Entertainment,Festival Electric Castle
POS Decathlon Downtown AUT:887412,Other,Decathlon
Plata cu cardul Instalator urgenta Baneasa (RO),Housing,Instalator urgenta
PURCHASE edX Sun Plaza #001,Education,edX
POS Niro Market Sun Plaza (RO),Groceries,Niro Market
POS Steam Wallet Vitan #14,Entertainment,Steam Wallet
PMT Carrefour Online #14,Groceries,Carrefour
PURCHASE DataCamp Ploiesti #14,Education,DataCamp
Achizitie psiholog cabinet Constanta #221,Health,Psiholog Cabinet
Cumparare Bere si grill Center (RO),Restaurants,Bere si grill
POS petrom AFI Cotroceni AUT:887412,Transport,Petrom
PMT Metroul Bucuresti Iasi #14,Transport,Metroul Bucuresti
Plata cu cardul Telekom Mobile Galati #221,Utilities,Telekom Mobile
PMT POS beraria h Timisoara #001,Restaurants,Beraria H
Taco Bell Mall 12345,Restaurants,Taco Bell
Plata POS Park Lake bowling Mall Vitan RO,Entertainment,Park Lake bowling
BURSA DE STUDII Pipera,Education,Bursa de studii
POS Taxi Pelicanul Sibiu (RO),Transport,Taxi Pelicanul
PMT VeloRent Promenada (RO),Transport,VeloRent
Cumparare stradivarius Iasi #14,Other,Stradivarius
Plata cu cardul Norwegian Air Brasov #14,Travel,Norwegian Air
TAXI COBALCESCU Drumul Taberei (RO),Transport,Taxi Cobalcescu
PURCHASE SALUBRIZARE BUCURESTI Online 12345,Utilities,Salubrizare Bucuresti
Cumparare City tour Lisbon Online RID:34521,Travel,City tour Lisbon
Plata POS Inchiriere masina Sixt RO AUT:887412,Travel,Inchiriere masina Sixt
PMT POS apa cluj Sibiu #001,Utilities,Apa Cluj
PMT Plata freelance proiect Brasov #14,Salary,Plata freelance proiect
PURCHASE MASTERCLASS COURSE Bucharest #14,Education,MasterClass course
Plata POS Beauty Salon Pretty Galati RO,Other,Beauty Salon Pretty
PMT MasterClass course ROM #14,Education,MasterClass course
Cumparare CEC Bank transfer Promenada (RO),Transfer,CEC Bank transfer
Achizitie Cinema City Promenada RO #221,Entertainment,Cinema City Promenada
Cumparare Achizitie diversa Constanta,Other,Achizitie diversa
Plata cu cardul WORKSHOP UI Promenada,Education,Workshop UI
POS glovo Store 04 #001,Restaurants,Glovo
PURCHASE Alimentara Express Mall Vitan AUT:887412,Groceries,Alimentara Express
PMT POS NETFLIX STANDARD Sun Plaza #4321,Subscriptions,Netflix Standard
POS magazin animale companie Park Lake,Other,Magazin Animale Companie
Plata cu cardul MEGA IMAGE SHOP&GO Galati #4321,Groceries,Mega Image Shop&Go
Cumparare WORKSHOP UI Sibiu #221,Education,Workshop UI
PMT UNIVERSITATEA CLUJ Ploiesti RO,Education,Universitatea Cluj
Cumparare RealEstate Romania Aviatorilor,Housing,RealEstate Romania
Cumparare WOLT Store 04 #001,Restaurants,Wolt
Plata cu cardul Turkish Airlines Bucuresti #221,Travel,Turkish Airlines
Achizitie AVANS CHIRIE Park Lake AUT:887412,Housing,Avans chirie
PMT POS XTB deposit Store 04 #001,Investments,XTB deposit
PMT POS DEGIRO DEPOSIT Park Lake (RO),Investments,DEGIRO deposit
Plata POS ryanair ROM RID:34521,Travel,Ryanair
PMT upwork payout Center #14,Salary,Upwork payout
Plata cu cardul ApaServ Brasov Iasi AUT:887412,Utilities,ApaServ Brasov
Cumparare VULCANIZARE AUTO Iasi #221,Transport,Vulcanizare Auto
POS udemy course ROM AUT:887412,Education,Udemy Course
Plata POS VANGUARD ETF RO #001,Investments,Vanguard ETF
Plata POS AIR FRANCE Oradea #221,Travel,Air France
PMT Rata credit ipotecar ROM 12345,Housing,Rata credit ipotecar
POS HOTEL HILTON SIBIU Mall 12345,Travel,Hotel Hilton Sibiu
Achizitie biletul sportiv Mall AUT:887412,Entertainment,Biletul Sportiv
POS SALON BEAUTY LOUNGE Center,Other,Salon Beauty Lounge
PMT ING HOME'BANK TRANSFER Galati 12345,Transfer,ING Home'Bank transfer
PURCHASE plata chirie Cotroceni 12345,Housing,Plata chirie
POS cadou online Timisoara,Other,Cadou online
TV CABLU ROMTELECOM Aviatorilor RID:34521,Utilities,TV Cablu Romtelecom
Plata cu cardul Answear.ro Constanta 12345,Other,Answear.ro
Plata POS Electrica Furnizare Aviatorilor RO,Utilities,Electrica Furnizare
Achizitie edx microsoft Oradea 12345,Education,edX Microsoft
POS Notion Personal Bucuresti #221,Subscriptions,Notion Personal
PMT POS AIRBNB STAY Store 04 12345,Travel,Airbnb Stay
Achizitie farmacia catena Bucuresti,Health,Farmacia Catena
Plata cu cardul SMASHBURGER EU RID:34521,Restaurants,Smashburger
Achizitie FMI UBB Sun Plaza #221,Education,FMI UBB
Cumparare Pilon III pensie privata Baneasa 12345,Investments,Pilon III pensie privata
POS Cinemax Iulius Mall EU,Entertainment,Cinemax Iulius Mall
POS Emag.ro Center #221,Other,Emag.ro
Achizitie PLURALSIGHT Park Lake #14,Education,Pluralsight
CAFENEA ORIGO Constanta (RO),Restaurants,Cafenea Origo
Cumparare BRILLIANT.ORG Branch 12 (RO),Education,Brilliant.org
PMT POS Bar de zi Floreasca Bucuresti #001,Restaurants,Bar de zi Floreasca
Plata POS EasyJet Sun Plaza (RO),Travel,EasyJet
POS Karaoke Bar Avant ROM RO,Entertainment,Karaoke Bar Avant
bikero Floreasca RO,Transport,BikeRO
TRANSFER IN LEI Brasov RID:34521,Transfer,Transfer in lei
Achizitie Direct Deposit ACME Sibiu AUT:887412,Salary,Direct Deposit ACME
PMT POS Asigurare casa Allianz EU #221,Housing,Asigurare casa Allianz
Plata cu cardul plata chirie iunie Cotroceni #14,Housing,Plata chirie iunie
PMT VIVRE.RO Aviatorilor (RO),Other,Vivre.ro
PMT POS DataCamp Mall Vitan 12345,Education,DataCamp
Achizitie Carl's Jr Drumul Taberei,Restaurants,Carl's Jr
MANGO SHOP Park Lake 12345,Other,Mango shop
Cumparare EasyJet Brasov #221,Travel,EasyJet
Plata POS Mic.ro Bucharest (RO),Groceries,Mic.ro
PMT POS C&A fashion Pipera (RO),Other,C&A fashion
Cumparare PAYROLL JUNE 2026 Ploiesti RO,Salary,Payroll June 2026
Plata POS DIRECT DEPOSIT PAYROLL Floreasca,Salary,Direct Deposit Payroll
Cumparare anaida restaurant RO #14,Restaurants,Anaida Restaurant
PURCHASE P2P crypto exchange Sibiu #14,Investments,P2P crypto exchange
Plata POS DOMINO'S Galati RID:34521,Restaurants,Domino's
Cumparare LUFTHANSA GROUP Floreasca #001,Travel,Lufthansa Group
Cumparare Trivago Promenada #4321,Travel,Trivago
Plata POS Brokerage Tradeville Floreasca #14,Investments,Brokerage Tradeville
PMT SCHIMB VALUTAR RAIFFEISEN EU RID:34521,Transfer,Schimb valutar Raiffeisen
Plata POS sushi to go Cotroceni RID:34521,Restaurants,Sushi to Go
PURCHASE blackrock ishares Cluj RID:34521,Investments,BlackRock iShares
PMT POS Udemy Cluj #221,Education,Udemy
ECO MARKET Brasov AUT:887412,Groceries,Eco Market
Achizitie spar Pipera,Groceries,Spar
Achizitie virament salariu srl RO AUT:887412,Salary,VIRAMENT SALARIU SRL
PMT POS Rezervare hotel Brasov Galati #221,Travel,Rezervare hotel Brasov
PayPal transfer Sibiu #4321,Transfer,PayPal transfer
TOP-UP REVOLUT Bucuresti #221,Transfer,Top-up Revolut
PMT POS Card cadou eMAG Timisoara #4321,Other,Card cadou eMAG
Achizitie RETIM SERVICII Constanta RO,Utilities,RetiM Servicii
PMT POS acuarela cafe Cluj AUT:887412,Restaurants,Acuarela Cafe
POS Sushi to Go Brasov 12345,Restaurants,Sushi to Go
Achizitie Adidas store Store 04 #4321,Other,Adidas store
POS REVOLUT TRANSFER TO FRIEND Bucharest AUT:887412,Transfer,Revolut transfer to friend
Achizitie BABBEL LEARNING Mall Vitan RID:34521,Education,Babbel Learning
Achizitie EMAG.RO Oradea #221,Other,Emag.ro
Iberia Cluj (RO),Travel,Iberia
PMT POS SELGROS ROM 12345,Groceries,Selgros
POS Booking.com Hotel ROM #4321,Travel,Booking.com Hotel
Plata cu cardul amazon order Cotroceni #221,Other,Amazon order
Cumparare City tour Lisbon Cluj #001,Travel,City tour Lisbon
PMT POS SAXO BANK DEPOSIT Park Lake #001,Investments,Saxo Bank deposit
PMT POS crypto staking reward Bucuresti #14,Investments,Crypto staking reward
ADMINISTRATOR BLOC 28 Aviatorilor #14,Housing,Administrator bloc 28
Achizitie aplicatie Mall #221,Other,Achizitie aplicatie
Cumparare MOL GROUP Cotroceni #221,Transport,MOL Group
Asigurare travel City Aviatorilor AUT:887412,Travel,Asigurare travel City
Cumparare vueling Park Lake RO,Travel,Vueling
POS About You EU (RO),Other,About You
PMT ETF EUNL Mall RO,Investments,ETF EUNL
PURCHASE CARTURESTI ONLINE Vitan 12345,Education,Carturesti Online
PMT POS RAJA CONSTANTA EU RO,Utilities,Raja Constanta
PURCHASE MOL Group Constanta (RO),Transport,MOL Group
AIR FRANCE Mall Vitan RID:34521,Travel,Air France
disney+ Sun Plaza #14,Subscriptions,Disney+
Achizitie HOTEL CROWNE PLAZA Downtown #4321,Travel,Hotel Crowne Plaza
PMT POS Bootcamp Data Science Branch 12 RID:34521,Education,Bootcamp Data Science
Cumparare spalatorie auto RO #001,Transport,Spalatorie Auto
PURCHASE NOTION FAMILY Galati #14,Subscriptions,Notion Family
carrefour express Center,Groceries,Carrefour Express
POS HIDROELECTRICA Constanta #4321,Utilities,Hidroelectrica
PURCHASE revolut stocks RO #14,Investments,Revolut stocks
POS HIDROELECTRICA Downtown #14,Utilities,Hidroelectrica
POS FIGMA PROFESSIONAL EU AUT:887412,Subscriptions,Figma Professional
DISCORD NITRO Ploiesti AUT:887412,Entertainment,Discord Nitro
PURCHASE NINTENDO ESHOP Bucuresti RO,Entertainment,Nintendo eShop
POS Atelier Foto Andrei Iasi AUT:887412,Other,Atelier Foto Andrei
Cumparare cabinet dermatologie Online RO,Health,Cabinet Dermatologie
Plata POS XPRESS Market Sun Plaza #4321,Groceries,XPRESS Market
Plata POS LinkedIn Learning Sibiu #4321,Education,LinkedIn Learning
PURCHASE ECO MARKET Mall #221,Groceries,Eco Market
POS DEPOSIT RENT Park Lake 12345,Housing,Deposit rent
PURCHASE spitalul sf. pantelimon Sun Plaza RO,Health,Spitalul Sf. Pantelimon
lime scooter ROM 12345,Transport,Lime Scooter
PMT POS Curatenie apartament Sun Plaza AUT:887412,Housing,Curatenie apartament
RENT JULY Store 04 12345,Housing,RENT JULY
PMT Anaida Restaurant Mall (RO),Restaurants,Anaida Restaurant
Medicover Galati RO,Health,Medicover
Cumparare VATRA RESTAURANT EU #001,Restaurants,Vatra Restaurant
PURCHASE CFR BILET ONLINE Sibiu,Transport,CFR Bilet Online
Plata cu cardul METROREX ABONAMENT Aviatorilor,Transport,Metrorex Abonament
PURCHASE direct deposit tech ROM,Salary,Direct Deposit Tech
CHEF BURGER Bucharest RID:34521,Restaurants,Chef Burger
PMT POS WAGE TRANSFER EU RID:34521,Salary,Wage Transfer
Plata POS FRONTEND MASTERS SUBSCRIPTION Floreasca AUT:887412,Education,Frontend Masters subscription
PMT POS AWS BILLING Center (RO),Subscriptions,AWS billing
POS bonus anual Promenada RID:34521,Salary,Bonus anual
PMT Teatrul Comedie Pipera 12345,Entertainment,Teatrul Comedie
Cumparare New Yorker Vitan #14,Other,New Yorker
PMT Cinema City AFI Bucharest RID:34521,Entertainment,Cinema City AFI
Cumparare SPORTISIMO ROM #14,Other,Sportisimo
Plata cu cardul Deposit rent Floreasca #4321,Housing,Deposit rent
baumax Bucuresti RID:34521,Other,BAUMAX
POS Decont 7Card RO AUT:887412,Salary,Decont 7Card
Answear.ro EU RID:34521,Other,Answear.ro
Plata POS Cabinet Veterinar Pet Doctor Branch 12 RID:34521,Other,Cabinet Veterinar Pet Doctor
PMT Spartan Floreasca 12345,Restaurants,Spartan
PURCHASE SHELL ROMANIA Galati RID:34521,Transport,Shell Romania
PURCHASE BILET MASTER Pipera #221,Entertainment,Bilet Master
Plata POS supermarket local Cotroceni RO,Groceries,Supermarket Local
PURCHASE CHIPOTLE MEXICAN GRILL Constanta AUT:887412,Restaurants,Chipotle Mexican Grill
Plata cu cardul Burgerista Downtown #001,Restaurants,Burgerista
Cumparare mere pere magazin Baneasa,Groceries,Mere Pere magazin
Cumparare XBOX LIVE EU 12345,Entertainment,Xbox Live
PURCHASE DROPBOX PLUS EU,Subscriptions,Dropbox Plus
Plata cu cardul Bringo Mall AUT:887412,Restaurants,Bringo
PMT POS Bilet avion online Center #14,Travel,Bilet avion online
PMT Revolut stocks Ploiesti AUT:887412,Investments,Revolut stocks
PURCHASE M60 COFFEE Vitan RO,Restaurants,M60 Coffee
Cumparare Transfer ING to Revolut Center #4321,Transfer,Transfer ING to Revolut
Plata cu cardul digitalocean droplet Floreasca #14,Subscriptions,DigitalOcean Droplet
Taco Bell Sun Plaza (RO),Restaurants,Taco Bell
Achizitie Penny Market Store 04 (RO),Groceries,Penny Market
Cumparare spitalul floreasca Branch 12 #4321,Health,Spitalul Floreasca
BANK TO BANK SWIFT Pipera #14,Transfer,Bank to bank SWIFT
PURCHASE MoneyGram receive Iasi RID:34521,Transfer,MoneyGram receive
Plata POS itp service Baneasa #4321,Transport,ITP Service
amazon order Bucharest #14,Other,Amazon order
Achizitie Burger Van Store 04 #4321,Restaurants,Burger Van
Achizitie TEATRUL MIC Drumul Taberei #221,Entertainment,Teatrul Mic
PMT decont salarial Mall Vitan RO,Salary,Decont salarial
PMT POS tv cablu romtelecom Pipera #4321,Utilities,TV Cablu Romtelecom
PURCHASE CRYPTO.COM Cluj #14,Investments,Crypto.com
Plata POS TRADEVILLE ROMANIA EU,Investments,Tradeville Romania
Cabinet Familie Dr. Popescu Brasov #4321,Health,Cabinet Familie Dr. Popescu
Cumparare moneygram receive Sun Plaza #221,Transfer,MoneyGram receive
PURCHASE camin bucuresti Aviatorilor RO,Education,Camin Bucuresti
Achizitie VATRA RESTAURANT Baneasa (RO),Restaurants,Vatra Restaurant
POS Grammarly Premium Downtown #4321,Subscriptions,Grammarly Premium
CARREFOUR Baneasa #001,Groceries,Carrefour
Plata POS WOLT EU (RO),Restaurants,Wolt
PURCHASE la brutaria Aviatorilor #4321,Restaurants,La Brutaria
PMT POS mercadona Store 04,Groceries,Mercadona
Plata cu cardul Bonus performanta Q1 Iasi #4321,Salary,Bonus performanta Q1
POS Cinema City ROM #001,Entertainment,Cinema City
Achizitie WALMART GROCERY Sun Plaza #221,Groceries,Walmart Grocery
PMT ryanair Aviatorilor RO,Travel,Ryanair
Plata POS Statia ITP Store 04 RO,Transport,Statia ITP
Cumparare Chef Burger Oradea,Restaurants,Chef Burger
Cumparare Universitatea Cluj Mall Vitan (RO),Education,Universitatea Cluj
PMT DIRECT DEPOSIT TECH Vitan,Salary,Direct Deposit Tech
POS RTEC CONSTANTA ROM (RO),Transport,RTEC Constanta
Plata cu cardul Sinsay Aviatorilor #221,Other,Sinsay
Plata POS Chirie luna iunie Online #001,Housing,Chirie luna iunie
Plata cu cardul REPARATII INSTALATIE SANITARA Iasi #221,Housing,Reparatii instalatie sanitara
Pizzeria 4 Amici EU 12345,Restaurants,Pizzeria 4 Amici
Fresca Bucharest 12345,Restaurants,Fresca
PMT POS mega image shop&go Online #001,Groceries,Mega Image Shop&Go
PMT POS pandora bijuterii Oradea #221,Other,Pandora bijuterii
PURCHASE orange romania Downtown 12345,Utilities,Orange Romania
Cumparare TucanoCoffee RO #4321,Restaurants,TucanoCoffee
Cumparare Karaoke Bar Avant ROM #001,Entertainment,Karaoke Bar Avant
PMT POS Office 365 Bucuresti #001,Subscriptions,Office 365
SPITALUL FLOREASCA Brasov #4321,Health,Spitalul Floreasca
Plata cu cardul hard rock cafe Park Lake 12345,Restaurants,Hard Rock Cafe
Achizitie Carturesti Online RO AUT:887412,Education,Carturesti Online
Plata POS lidl plus Branch 12 #001,Groceries,Lidl Plus
POS DOMINOS PIZZA Mall Vitan #001,Restaurants,Dominos Pizza
PC GARAGE Galati RID:34521,Other,PC Garage
Plata cu cardul BK Mall AUT:887412,Restaurants,BK
TRANSFER REVOLUT TO BCR Timisoara #001,Transfer,Transfer Revolut to BCR
PMT REVOLUT STOCKS Mall #14,Investments,Revolut stocks
APPLE ONE Park Lake RID:34521,Subscriptions,Apple One
PURCHASE Adobe Premiere Pro home Promenada (RO),Entertainment,Adobe Premiere Pro home
Cumparare Florarie Diana Park Lake RO,Other,Florarie Diana
PMT POS WHOLE FOODS MARKET Promenada RID:34521,Groceries,Whole Foods Market
POS Administrator bloc 28 Branch 12 RO,Housing,Administrator bloc 28
socar Timisoara #14,Transport,SOCAR
Cumparare SOCAR Ploiesti 12345,Transport,SOCAR
POS Payslip Tech Corp Sun Plaza #221,Salary,Payslip Tech Corp
calm app Sibiu (RO),Subscriptions,Calm app
Plata cu cardul Psiholog Cabinet Mall RID:34521,Health,Psiholog Cabinet
Plata POS OFFICE 365 Galati #14,Subscriptions,Office 365
CURS CORPORATE TRAINING Vitan RO,Education,Curs Corporate Training
Cumparare RENT JUNE Pipera #4321,Housing,RENT JUNE
Cumparare 1PASSWORD FAMILY RO AUT:887412,Subscriptions,1Password Family
Cumparare masterclass course ROM #221,Education,MasterClass course
Plata cu cardul MASSIMO DUTTI Vitan,Other,Massimo Dutti
PMT POS CARU' CU BERE EU #001,Restaurants,Caru' cu Bere
Plata POS Avis Rent Branch 12 AUT:887412,Travel,Avis Rent
metroul bucuresti Cotroceni RO,Transport,Metroul Bucuresti
PMT DATACAMP Mall RID:34521,Education,DataCamp
PURCHASE orange prepay Ploiesti #14,Utilities,Orange PrePay
Plata POS spotify Vitan RO,Subscriptions,Spotify
PMT Teatrul Bulandra Park Lake #001,Entertainment,Teatrul Bulandra
PAYPAL PAYOUT Constanta #001,Transfer,PayPal payout
PURCHASE Tichete vacanta Vitan #221,Salary,Tichete vacanta
POS google workspace Aviatorilor,Subscriptions,Google Workspace
Plata POS universitatea cluj Constanta #221,Education,Universitatea Cluj
Plata POS Plata contract drepturi autor Pipera #14,Salary,Plata contract drepturi autor
POS Carturesti Online RO AUT:887412,Education,Carturesti Online
PMT MEMRISE Oradea RID:34521,Education,Memrise
POS cinemax Branch 12 #4321,Entertainment,Cinemax
Cumparare HOTEL HILTON SIBIU Timisoara (RO),Travel,Hotel Hilton Sibiu
PMT POS Rosetta Stone Bucuresti #4321,Education,Rosetta Stone
PMT coffee shop bohemia EU RO,Restaurants,Coffee Shop Bohemia
Achizitie ASE TAXA MASTER Sibiu #001,Education,ASE Taxa Master
POS ENEL*FACT ROM #14,Utilities,ENEL*FACT
Cumparare Sushi Now Brasov #221,Restaurants,Sushi Now
Cumparare degiro deposit Galati 12345,Investments,DEGIRO deposit
SPITALUL COLTEA Vitan #4321,Health,Spitalul Coltea
Achizitie VUELING Bucharest #001,Travel,Vueling
PMT POS TAROM Mall Vitan RO,Travel,TAROM
Plata cu cardul STRIPE PAYOUT Iasi #001,Salary,Stripe payout
PURCHASE MORTGAGE PAYMENT Constanta AUT:887412,Housing,Mortgage payment
PMT POS FoodPanda Sibiu RID:34521,Restaurants,FoodPanda
Plata cu cardul Bilete fotbal Steaua Online #14,Entertainment,Bilete fotbal Steaua
PMT POS Petrom Statie ROM AUT:887412,Transport,Petrom Statie
Achizitie Upwork payout Drumul Taberei (RO),Salary,Upwork payout
PMT POS Substack subscription Constanta #221,Subscriptions,Substack subscription
Plata POS 5 to go Timisoara,Restaurants,5 to Go
PMT POS Parcare Aeroport Otopeni Constanta RO,Transport,Parcare Aeroport Otopeni
PMT POS adobe photoshop Constanta RO,Subscriptions,Adobe Photoshop
Achizitie Family Market EU RID:34521,Groceries,Family Market
POS RATBV Brasov Sibiu #221,Transport,RATBV Brasov
PMT Onorariu consultanta Center #4321,Salary,Onorariu consultanta
Caru' cu Bere Pipera #14,Restaurants,Caru' cu Bere
PMT Farmacia Sensiblu Store 04 #14,Health,Farmacia Sensiblu
Billa RO,Groceries,Billa
Achizitie Cel.ro Park Lake 12345,Other,Cel.ro
PURCHASE ryanair Constanta #221,Travel,Ryanair
Plata cu cardul Tichete cadou Edenred Vitan RO,Salary,Tichete cadou Edenred
POS BURGER VAN Galati #4321,Restaurants,Burger Van
Achizitie World Class Romania Brasov AUT:887412,Health,World Class Romania
COOP Mall #4321,Groceries,Coop
donatie ong Bucuresti 12345,Other,Donatie ONG
Trivago EU,Travel,Trivago
Cumparare aldi Sun Plaza #001,Groceries,Aldi
POS lentile contact online Oradea #4321,Health,Lentile contact Online
Achizitie Curatatorie 5aSec Sun Plaza #221,Other,Curatatorie 5aSec
PURCHASE VEL PITAR EU #4321,Groceries,Vel Pitar
Achizitie STARBUCKS COFFEE Aviatorilor RO,Restaurants,STARBUCKS COFFEE
Cumparare Workshop UX Bucharest (RO),Education,Workshop UX
Plata cu cardul chirie luna iunie Cotroceni AUT:887412,Housing,Chirie luna iunie
PURCHASE cauciucuri premium Store 04 #001,Transport,Cauciucuri Premium
POS NORDVPN Drumul Taberei #001,Subscriptions,NordVPN
BONUS PERFORMANTA Q2 Branch 12,Salary,Bonus performanta Q2
Plata POS 1PASSWORD FAMILY Sibiu,Subscriptions,1Password Family
Plata POS kaufland online Sibiu #14,Groceries,Kaufland Online
PMT POS UNIVERSITATEA CLUJ Branch 12 #4321,Education,Universitatea Cluj
POS CURSURI ONLINE IT Sun Plaza RO,Education,Cursuri online IT
Achizitie Xbox Game Pass ROM RO,Entertainment,Xbox Game Pass
Plata cu cardul ExpressVPN Branch 12 #001,Subscriptions,ExpressVPN
PMT Dunkin' Pipera #221,Restaurants,Dunkin'
PMT POS Terasa Vara Herastrau ROM AUT:887412,Restaurants,Terasa Vara Herastrau
PMT KENTUCKY FRIED CHICKEN Floreasca 12345,Restaurants,Kentucky Fried Chicken
HIDROELECTRICA VANZARE Bucuresti #4321,Utilities,Hidroelectrica vanzare
Cumparare CINEMAX IULIUS MALL Downtown,Entertainment,Cinemax Iulius Mall
Achizitie E.ON Mall Vitan RO,Utilities,E.ON
PMT POS Transfer Revolut to BCR Ploiesti RID:34521,Transfer,Transfer Revolut to BCR
Achizitie steam store Ploiesti #001,Entertainment,Steam Store
PMT Burger Van Baneasa #001,Restaurants,Burger Van
PMT POS Restaurant centrul vechi Mall Vitan RID:34521,Restaurants,Restaurant centrul vechi
Achizitie parking mall Oradea #001,Transport,Parking Mall
PURCHASE Trivago Store 04 #4321,Travel,Trivago
PMT POS FMI UBB EU AUT:887412,Education,FMI UBB
arby's EU #221,Restaurants,Arby's
Achizitie SPITALUL ELIAS Floreasca RO,Health,Spitalul Elias
PMT POS TREEHOUSE Aviatorilor AUT:887412,Education,Treehouse
PMT payslip tech corp RO #14,Salary,Payslip Tech Corp
PURCHASE Duolingo Super Park Lake #14,Subscriptions,Duolingo Super
Cumparare Bootcamp Coding Mall Vitan (RO),Education,Bootcamp Coding
Cumparare PayPal transfer Cotroceni #221,Transfer,PayPal transfer
Cumparare IBERIA Downtown (RO),Travel,Iberia
Plata cu cardul Rovinieta Iasi,Transport,Rovinieta
Plata cu cardul libraria diverta Aviatorilor RO,Education,Libraria Diverta
PMT POS Sanador Floreasca AUT:887412,Health,Sanador
PMT Whole Foods Market Timisoara #4321,Groceries,Whole Foods Market
Cumparare uber romania Center #4321,Transport,Uber Romania
PMT MEDIUM MEMBERSHIP RO #221,Subscriptions,Medium membership
PURCHASE Tichet cultural Edenred Oradea RID:34521,Other,Tichet cultural Edenred
PENSIUNE BRAN Downtown AUT:887412,Travel,Pensiune Bran
UNIVERSITATE TEHNICA Branch 12 #221,Education,Universitate Tehnica
Cumparare Telekom Romania Branch 12 12345,Utilities,Telekom Romania
PMT POS Cinema City Cluj (RO),Entertainment,Cinema City
PMT POS Spotify Brasov AUT:887412,Subscriptions,Spotify
POS GitHub Copilot Timisoara #4321,Subscriptions,GitHub Copilot
Achizitie LOGOPED SEDINTA RO RID:34521,Health,Logoped sedinta
POS Factura curent Downtown RID:34521,Utilities,Factura curent
POS McDonald's Mall Vitan AUT:887412,Restaurants,McDonald's
Plata POS iservice apple Mall #221,Other,iService Apple
Plata cu cardul Factura curent Vitan #001,Utilities,Factura curent
PMT burgerista Brasov #4321,Restaurants,Burgerista
Plata POS WENDYS Ploiesti #001,Restaurants,Wendys
Achizitie SPITALUL SF. PANTELIMON Center #4321,Health,Spitalul Sf. Pantelimon
Cumparare ENEL*FACT Downtown #001,Utilities,ENEL*FACT
Plata cu cardul PENNY MARKET Floreasca RO,Groceries,Penny Market
POS FESTIVAL ELECTRIC CASTLE Cluj (RO),Entertainment,Festival Electric Castle
Cumparare PARK LAKE BOWLING Iasi RO,Entertainment,Park Lake bowling
PMT SELGROS Center RO,Groceries,Selgros
POS asigurare apartament Store 04 #14,Housing,Asigurare apartament
Cumparare WISE TRANSFER Brasov (RO),Transfer,Wise transfer
Carrefour Ploiesti AUT:887412,Groceries,Carrefour
Plata cu cardul YouTube TV Ploiesti AUT:887412,Subscriptions,YouTube TV
BILETE FOTBAL DINAMO Sibiu RID:34521,Entertainment,Bilete fotbal Dinamo
Plata POS Steam EU RID:34521,Entertainment,Steam
PURCHASE Plata online generic Store 04 RO,Other,Plata online generic
Plata POS BVB tranzactie Oradea RID:34521,Investments,BVB tranzactie
Achizitie Universitate Tehnica Bucharest,Education,Universitate Tehnica
Plata cu cardul Adobe Photoshop Bucuresti RID:34521,Subscriptions,Adobe Photoshop
PURCHASE Nintendo Switch Online Mall RO,Entertainment,Nintendo Switch Online
PMT SERVICE AUTO PREMIUM Center RID:34521,Transport,Service Auto Premium
CHEF BURGER Branch 12 12345,Restaurants,Chef Burger
Achizitie Memrise RO #001,Education,Memrise
PMT POS UDEMY ROM #14,Education,Udemy
Plata cu cardul Real estate REIT Park Lake AUT:887412,Investments,Real estate REIT
Cumparare SCHIMB VALUTAR BCR Floreasca #001,Transfer,Schimb valutar BCR
PMT STRIPE INTERNAL TRANSFER AFI Cotroceni 12345,Transfer,Stripe internal transfer
Plata POS Colegiu National Sava Ploiesti #001,Education,Colegiu National Sava
PMT POS Cofetaria Delice Cotroceni #221,Other,Cofetaria Delice
Plata POS Caru' cu Bere Downtown #001,Restaurants,Caru' cu Bere
Achizitie BOWLING MEGA MALL Online RO,Entertainment,Bowling Mega Mall
Achizitie LinkedIn Premium Mall Vitan (RO),Subscriptions,LinkedIn Premium
Plata cu cardul Domino's ROM #001,Restaurants,Domino's
PMT PETROM Cotroceni RO,Transport,Petrom
Achizitie MARKETUL DE CARTIER Store 04 RO,Groceries,Marketul de Cartier
FIVE GUYS Timisoara RID:34521,Restaurants,Five Guys
STOCK PURCHASE AAPL RO RID:34521,Investments,Stock purchase AAPL
Plata POS Digi Romania Cotroceni AUT:887412,Utilities,Digi Romania
PMT POS AWS billing Ploiesti #001,Subscriptions,AWS billing
Achizitie Payroll April 2026 Iasi (RO),Salary,Payroll April 2026
PMT POS Bilete fotbal Steaua Pipera #221,Entertainment,Bilete fotbal Steaua
ZARA ONLINE Drumul Taberei (RO),Other,Zara online
beans & dots Mall #221,Restaurants,Beans & Dots
PMT cinema city promenada Cluj #4321,Entertainment,Cinema City Promenada
Cumparare PENSIUNE SIBIEL Drumul Taberei #001,Travel,Pensiune Sibiel
PMT POS bilet avion online Branch 12 12345,Travel,Bilet avion online
PURCHASE AWS Free Tier Mall Vitan RID:34521,Subscriptions,AWS Free Tier
Cumparare mado pastry & coffee Online AUT:887412,Restaurants,Mado Pastry & Coffee
CHIPOTLE MEXICAN GRILL AFI Cotroceni #14,Restaurants,Chipotle Mexican Grill
Achizitie uber Bucuresti RO,Transport,Uber
PMT PHARMACY 24/7 Iasi 12345,Health,Pharmacy 24/7
PMT petrom statie Cluj 12345,Transport,Petrom Statie
Achizitie METAMASK TRANSACTION Vitan 12345,Investments,MetaMask transaction
Plata cu cardul Virament BCR catre BRD Branch 12 #001,Transfer,Virament BCR catre BRD
POS LOGOPED SEDINTA Branch 12 RO,Health,Logoped sedinta
Plata cu cardul Charles Schwab Sun Plaza RID:34521,Investments,Charles Schwab
PMT POS DIRECT DEPOSIT PAYROLL Downtown #221,Salary,Direct Deposit Payroll
PMT SERVICE AUTO PREMIUM Bucharest 12345,Transport,Service Auto Premium
POS Pensiune Sibiel Mall Vitan #221,Travel,Pensiune Sibiel
Cumparare Park Lake bowling Mall Vitan #4321,Entertainment,Park Lake bowling
POS khan academy EU #001,Education,Khan Academy
PURCHASE Medical Center Bucuresti Store 04 #4321,Health,Medical Center Bucuresti
Cumparare Metrorex Mall AUT:887412,Transport,Metrorex
Plata POS OBB Austria Park Lake (RO),Transport,OBB Austria
Achizitie Salariu ACME SRL Mall (RO),Salary,Salariu ACME SRL
Achizitie transfer bcr to ing Online AUT:887412,Transfer,Transfer BCR to ING
Plata cu cardul Vueling AFI Cotroceni RO,Travel,Vueling
Cumparare Salariu Net Aprilie Ploiesti #221,Salary,Salariu Net Aprilie
Cumparare REGINA MARIA AFI Cotroceni #001,Health,Regina Maria
Achizitie BONUS PERFORMANTA Q1 EU RO,Salary,Bonus performanta Q1
PMT POS farmacia sensiblu EU RO,Health,Farmacia Sensiblu
Plata POS SPORTISIMO Downtown #221,Other,Sportisimo
Achizitie FARMACIA DONA Floreasca #001,Health,Farmacia Dona
PMT payroll june 2026 Brasov RID:34521,Salary,Payroll June 2026
PURCHASE BOLT ROMANIA Oradea RO,Transport,Bolt Romania
PMT BT transfer Store 04 AUT:887412,Transfer,BT transfer
PAYPAL PAYOUT Mall #221,Transfer,PayPal payout
Achizitie udemy business Iasi AUT:887412,Education,Udemy Business
PURCHASE AEROITALIA Vitan AUT:887412,Travel,AeroItalia
PMT Annabella Park Lake AUT:887412,Groceries,Annabella
PURCHASE RENT JUNE Drumul Taberei RO,Housing,RENT JUNE
Plata cu cardul Analize medicale Pipera (RO),Health,Analize medicale
Apa Nova Store 04 #221,Utilities,Apa Nova
Plata cu cardul dr. dent Cotroceni #14,Health,Dr. Dent
PMT SCHIMB EUR-RON BCR Galati 12345,Transfer,Schimb EUR-RON BCR
POS Notion Family Park Lake #14,Subscriptions,Notion Family
PMT POS Facultatea de Informatica Aviatorilor RO,Education,Facultatea de Informatica
PMT POS Inmedio Store 04 RID:34521,Groceries,Inmedio
Plata cu cardul edx micromasters Ploiesti,Education,edX MicroMasters
hotel intercontinental Cotroceni AUT:887412,Travel,Hotel Intercontinental
POS METROUL BUCURESTI Center RO,Transport,Metroul Bucuresti
PMT Chirie studio Sun Plaza AUT:887412,Housing,Chirie studio
PMT olx imobiliare Cotroceni RO,Housing,OLX Imobiliare
POS Mega Bio Mall RID:34521,Groceries,Mega Bio
PMT PENSIE FACULTATIVA NN Mall RID:34521,Investments,Pensie facultativa NN
PMT EL TORITO MEXICAN Iasi #001,Restaurants,El Torito Mexican
PURCHASE UNIVERSITATEA CLUJ Pipera RID:34521,Education,Universitatea Cluj
POS Au Bon Pain Oradea #4321,Restaurants,Au Bon Pain
PURCHASE APPLE.COM/BILL Cotroceni (RO),Subscriptions,Apple.com/bill
Plata POS CINEMAX IULIUS MALL Constanta,Entertainment,Cinemax Iulius Mall
Plata cu cardul FLORARIE DIANA Vitan #001,Other,Florarie Diana
POS nintendo switch online AFI Cotroceni RO,Entertainment,Nintendo Switch Online
PURCHASE bolt food Center #4321,Restaurants,Bolt Food
PURCHASE internet fibra optica Constanta 12345,Utilities,Internet fibra optica
Plata POS Medicover EU RID:34521,Health,Medicover
Cumparare RENT MAY Sun Plaza #4321,Housing,RENT MAY
Achizitie Magazin Animale Companie Online,Other,Magazin Animale Companie
Achizitie DIRECT DEPOSIT PAYROLL Mall (RO),Salary,Direct Deposit Payroll
PURCHASE linea closer to the moon Online RID:34521,Restaurants,Linea Closer to the Moon
Plata POS plafar magazin Cotroceni RO,Groceries,Plafar magazin
Plata cu cardul BITWARDEN PREMIUM Park Lake #4321,Subscriptions,Bitwarden Premium
Achizitie bootcamp coding Online AUT:887412,Education,Bootcamp Coding
Cumparare headspace Drumul Taberei RID:34521,Subscriptions,Headspace
PMT POS Burger Van Cluj,Restaurants,Burger Van
Cumparare PIATA OBOR Center #4321,Groceries,Piata Obor
POS LIFECLUB SALA Cotroceni #14,Health,Lifeclub Sala
PMT POS OTP BANK SCHIMB Center #14,Transfer,OTP Bank schimb
Cumparare Mercadona Sun Plaza AUT:887412,Groceries,Mercadona
PURCHASE LUFTHANSA Park Lake,Travel,Lufthansa
PURCHASE kentucky fried chicken Online #001,Restaurants,Kentucky Fried Chicken
Plata cu cardul taxa scolarizare master Online,Education,Taxa scolarizare master
POS PSN STORE Sibiu AUT:887412,Entertainment,PSN Store
Achizitie BOOKING RO Center,Travel,Booking RO
PURCHASE WESTERN UNION TRANSFER Store 04 RID:34521,Transfer,Western Union transfer
Achizitie PATISERIE PARISUL Park Lake #14,Other,Patiserie Parisul
Plata cu cardul DR DENTIST Floreasca #4321,Health,Dr Dentist
Achizitie spitalul sf. pantelimon Iasi RID:34521,Health,Spitalul Sf. Pantelimon
Cumparare MOL Romania Iasi AUT:887412,Transport,MOL Romania
Cumparare Asociatie Proprietari Bloc 5 Sun Plaza #221,Housing,Asociatie Proprietari Bloc 5
Achizitie LINKEDIN LEARNING Promenada #4321,Education,LinkedIn Learning
Plata POS ELECTRICIAN APARTAMENT Branch 12 #14,Housing,Electrician apartament
POS COURSERA SPECIALIZATION Bucharest (RO),Education,Coursera Specialization
Achizitie PlayStation Network Store 04,Entertainment,PlayStation Network
POS LinkedIn Learning EU AUT:887412,Education,LinkedIn Learning
PURCHASE Apa Nova ROM #221,Utilities,Apa Nova
Plata cu cardul Saxo Bank trade Mall Vitan AUT:887412,Investments,Saxo Bank trade
POS Taxi Cobalcescu RO RO,Transport,Taxi Cobalcescu
Achizitie Facultatea de Informatica RO AUT:887412,Education,Facultatea de Informatica
Plata POS Amazon.com Mall #4321,Other,Amazon.com
WAGE TRANSFER Sun Plaza #221,Salary,Wage Transfer
Plata cu cardul Centrul Medical Aviatorilor Bucharest RO,Health,Centrul Medical Aviatorilor
POS Centrul Medical Pluton Drumul Taberei RO,Health,Centrul Medical Pluton
Plata cu cardul COINBASE BUY Vitan RO,Investments,Coinbase buy
Cumparare 5 TO GO Timisoara #14,Restaurants,5 to Go
Cumparare UNIVERSITATEA BUCURESTI Center (RO),Education,Universitatea Bucuresti
Achizitie CURTEA VECHE BISTRO Brasov #221,Restaurants,Curtea Veche Bistro
Plata POS Electrica Distributie Brasov #001,Utilities,Electrica Distributie
PMT POS Profi Vitan AUT:887412,Groceries,Profi
PMT POS Substack subscription Sibiu #14,Subscriptions,Substack subscription
Plata POS internet fibra optica AFI Cotroceni #001,Utilities,Internet fibra optica
PMT Foto Studio Premium Galati,Other,Foto Studio Premium
Achizitie DataCamp Premium Sun Plaza #4321,Education,DataCamp Premium
Plata cu cardul FRESHMARKET Brasov RO,Groceries,FreshMarket
ProtonVPN Drumul Taberei AUT:887412,Subscriptions,ProtonVPN
Dr. Dent Sibiu #14,Health,Dr. Dent
POS iaBilet RO (RO),Entertainment,iaBilet
DIGI ROMANIA Promenada RID:34521,Utilities,Digi Romania
mortgage payment AFI Cotroceni RO,Housing,Mortgage payment
PMT BILETE FOTBAL DINAMO Vitan #14,Entertainment,Bilete fotbal Dinamo
Cumparare Direct Deposit ACME Online 12345,Salary,Direct Deposit ACME
Achizitie ADOBE PHOTOSHOP Brasov #4321,Subscriptions,Adobe Photoshop
Plata cu cardul Domino's Center #001,Restaurants,Domino's
Plata POS Cazare camin studenti Baneasa #14,Education,Cazare camin studenti
PMT CABINET STOMATOLOGIC SMILE ROM #221,Health,Cabinet Stomatologic Smile
Plata cu cardul Service Auto Premium Branch 12 #4321,Transport,Service Auto Premium
Plata cu cardul ETF VUAA Online #4321,Investments,ETF VUAA
PMT POS TELEKOM MOBILE Timisoara AUT:887412,Utilities,Telekom Mobile
PMT POS Vatra Restaurant Galati (RO),Restaurants,Vatra Restaurant
POS Adobe Premiere Pro home Aviatorilor #4321,Entertainment,Adobe Premiere Pro home
PURCHASE UNIQLO Sun Plaza #001,Other,Uniqlo
PURCHASE Blue Air Constanta AUT:887412,Travel,Blue Air
PMT POS CHICK-FIL-A ROM 12345,Restaurants,Chick-fil-A
PURCHASE chirie luna iunie RO,Housing,Chirie luna iunie
Achizitie BIJUTERII B&D Branch 12 (RO),Other,Bijuterii B&D
Cumparare OMV PetrolStation Galati #221,Transport,OMV PetrolStation
Achizitie Burger Van EU #14,Restaurants,Burger Van
Plata cu cardul Telekom Romania Pipera RID:34521,Utilities,Telekom Romania
PMT POS Turkish Airlines Drumul Taberei #221,Travel,Turkish Airlines
PMT POS ALBINUTA MAGAZIN Downtown #14,Groceries,Albinuta Magazin
POS Editura Humanitas Cotroceni #14,Education,Editura Humanitas
Plata POS vivo restaurant Bucuresti #221,Restaurants,Vivo Restaurant
Plata POS Chirie apartament Cotroceni AUT:887412,Housing,Chirie apartament
Cumparare Lentile contact Online Ploiesti #14,Health,Lentile contact Online
Achizitie EVENTIM BILET Bucharest #4321,Entertainment,Eventim Bilet
Cumparare parking mall Iasi #4321,Transport,Parking Mall
PURCHASE BONUS PERFORMANTA Q2 Constanta (RO),Salary,Bonus performanta Q2
Achizitie Revolut Invest Mall AUT:887412,Investments,Revolut Invest
PMT POS piata matache Downtown AUT:887412,Groceries,Piata Matache
Plata cu cardul Synevo Baneasa #4321,Health,Synevo
PMT DEGIRO transfer Park Lake #4321,Investments,DEGIRO transfer
MEDICAL CENTER BUCURESTI Oradea RO,Health,Medical Center Bucuresti
PMT POS salary employer Cluj #001,Salary,SALARY EMPLOYER
PURCHASE ASOCIATIE LOCATARI SECT 1 Aviatorilor #001,Housing,Asociatie locatari sect 1
PURCHASE McDonald's Sun Plaza 12345,Restaurants,McDonald's
Cumparare Internet la Domiciliu Promenada (RO),Utilities,Internet la Domiciliu
Plata cu cardul Annabella Center RO,Groceries,Annabella
Achizitie BILETE FOTBAL DINAMO Vitan,Entertainment,Bilete fotbal Dinamo
Stock purchase AAPL Online #001,Investments,Stock purchase AAPL
Plata POS Chirie studio Store 04,Housing,Chirie studio
PMT POS Shake Shack ROM AUT:887412,Restaurants,Shake Shack
Cumparare AIRBNB STAY Branch 12 #221,Travel,Airbnb Stay
Wish.com Bucuresti RO,Other,Wish.com
Achizitie ARGINT INVESTITIE Cluj #001,Investments,Argint investitie
PMT POS NORDVPN Ploiesti #4321,Subscriptions,NordVPN
Plata cu cardul încasare salariu maria Bucuresti #4321,Transfer,Încasare salariu Maria
PMT family market Constanta,Groceries,Family Market
Plata POS Salariu luna mai Sun Plaza #001,Salary,Salariu luna mai
PMT POS Plata chirie Mall #221,Housing,Plata chirie
PMT pub drumul taberei Mall AUT:887412,Restaurants,Pub Drumul Taberei
Plata cu cardul ELECTRICIAN APARTAMENT Galati RO,Housing,Electrician apartament
PMT POS cinemax iulius mall Downtown AUT:887412,Entertainment,Cinemax Iulius Mall
Plata POS transfer revolut to bcr ROM #221,Transfer,Transfer Revolut to BCR
Cumparare Deutsche Bahn Bucuresti,Transport,Deutsche Bahn
Cumparare cabinet stomatologic smile Mall #14,Health,Cabinet Stomatologic Smile
PURCHASE reserved ro Cluj (RO),Other,Reserved RO
Plata POS Anaida Restaurant Downtown RO,Restaurants,Anaida Restaurant
Plata cu cardul BOROMIR PROD EU RO,Groceries,Boromir Prod
Plata cu cardul ONORARIU CONSULTANTA Pipera #221,Salary,Onorariu consultanta
Cumparare NEW YORKER Ploiesti #4321,Other,New Yorker
Cumparare Statia ITP Mall,Transport,Statia ITP
Cumparare revolut invest Pipera,Investments,Revolut Invest
PURCHASE Tarom flight Mall #4321,Transport,Tarom flight
Plata POS Pluralsight Skills Drumul Taberei RO,Education,Pluralsight Skills
Transfer cont curent Oradea,Transfer,Transfer cont curent
POS Krispy Kreme Cluj #14,Restaurants,Krispy Kreme
Cumparare Farmacia Catena Park Lake RO,Health,Farmacia Catena
POS farmacia tei Store 04 #14,Health,Farmacia Tei
PMT POS STB ABONAMENT ONLINE ROM #221,Transport,STB Abonament Online
PURCHASE Steak House Bucuresti Store 04 #4321,Restaurants,Steak House Bucuresti
Cumparare Trivago Oradea (RO),Travel,Trivago
Achizitie disney+ ro Bucharest (RO),Subscriptions,Disney+ RO
Achizitie DataCamp Premium Timisoara #14,Education,DataCamp Premium
PMT POS omv Pipera 12345,Transport,OMV
Plata cu cardul Booking RO Brasov,Travel,Booking RO
Plata cu cardul FMI Bucuresti Drumul Taberei RO,Education,FMI Bucuresti
Plata cu cardul zara online RO #14,Other,Zara online
PMT POS FIGMA PRO Floreasca 12345,Subscriptions,Figma Pro
AUTOSTRADA A1 Aviatorilor #4321,Transport,Autostrada A1
POS MoneyGram receive Oradea #221,Transfer,MoneyGram receive
POS LC Waikiki ROM AUT:887412,Other,LC Waikiki
Achizitie Calvin Klein store Brasov #14,Other,Calvin Klein store
PMT POS Blue Air EU #14,Travel,Blue Air
Plata cu cardul tichete vacanta Floreasca AUT:887412,Salary,Tichete vacanta
Plata POS SHEIN ORDER Store 04 (RO),Other,Shein order
Cumparare Origo Coffee Cluj,Restaurants,Origo Coffee
PURCHASE Regina Maria Mall #4321,Health,Regina Maria
Plata POS Biletul Sportiv Ploiesti #221,Entertainment,Biletul Sportiv
PMT POS REGINA MARIA Mall #4321,Health,Regina Maria
PMT Editura Humanitas Bucharest RID:34521,Education,Editura Humanitas
PURCHASE Google Workspace Center #4321,Subscriptions,Google Workspace
PMT FIDELITY INVEST Iasi AUT:887412,Investments,Fidelity Invest
Achizitie TREEHOUSE Baneasa AUT:887412,Education,Treehouse
PMT POS Pharmacy ROK Mall #221,Health,Pharmacy ROK
PMT Centrul Medical Aviatorilor Cluj (RO),Health,Centrul Medical Aviatorilor
Achizitie Taxi Pelicanul Mall Vitan RO,Transport,Taxi Pelicanul
Plata POS Lensa.ro AFI Cotroceni (RO),Health,Lensa.ro
PMT Bootcamp Data Science Aviatorilor AUT:887412,Education,Bootcamp Data Science
Plata POS WizzAir Bilet Promenada RO,Travel,WizzAir Bilet
Cumparare DEUTSCHE BAHN Center #14,Transport,Deutsche Bahn
PURCHASE orange fix Iasi #221,Utilities,Orange Fix
Cumparare optica quattro Cotroceni,Health,Optica Quattro
PMT INTERSPORT AFI Cotroceni (RO),Other,Intersport
Achizitie zara online EU #4321,Other,Zara online
Achizitie Bursa de studii Online RO,Education,Bursa de studii
Plata cu cardul treehouse Sibiu #001,Education,Treehouse
PMT Fresh Corner Mall #4321,Groceries,Fresh Corner
Achizitie transfer cont curent Cotroceni (RO),Transfer,Transfer cont curent
Plata POS Taxa scolarizare licenta Timisoara RO,Education,Taxa scolarizare licenta
EDX MICROMASTERS Sibiu RO,Education,edX MicroMasters
PMT saxo bank trade Mall AUT:887412,Investments,Saxo Bank trade
PMT Card preplatit Up Pipera RID:34521,Other,Card preplatit Up
PURCHASE MEDLIFE CONSTANTA Cotroceni (RO),Health,MedLife Constanta
taxa scolarizare master Constanta AUT:887412,Education,Taxa scolarizare master
PMT Enel Romania Promenada 12345,Utilities,Enel Romania
POS BT transfer Online #221,Transfer,BT transfer
PURCHASE Tichet cultural Edenred Sun Plaza #001,Other,Tichet cultural Edenred
Achizitie Trading 212 deposit Sibiu 12345,Investments,Trading 212 deposit
Cumparare salariu net aprilie Vitan RO,Salary,Salariu Net Aprilie
POS Tazz Brasov RO,Restaurants,Tazz
Cumparare PENNY Cluj #14,Groceries,Penny
PROTONMAIL Online #221,Subscriptions,ProtonMail
Cinema City Constanta #14,Entertainment,Cinema City
Cumparare BURGERKING Sibiu RO,Restaurants,BURGERKING
Plata cu cardul enel romania Store 04 (RO),Utilities,Enel Romania
POS BURGERFEST Center #001,Restaurants,BurgerFest
Plata POS Vel Pitar Bucharest RO,Groceries,Vel Pitar
Achizitie MARKETUL DE CARTIER RO 12345,Groceries,Marketul de Cartier
Plata POS Fiverr payout Bucharest #001,Salary,Fiverr payout
Cumparare rosetta stone Sun Plaza AUT:887412,Education,Rosetta Stone
Cumparare h&m magazin Pipera #14,Other,H&M magazin
Plata cu cardul taco bell Park Lake RID:34521,Restaurants,Taco Bell
PURCHASE acuarela cafe Promenada AUT:887412,Restaurants,Acuarela Cafe
PURCHASE aldi Mall Vitan AUT:887412,Groceries,Aldi
PMT POS rata credit ipotecar Online #14,Housing,Rata credit ipotecar
PMT Asigurare casa Allianz Aviatorilor #4321,Housing,Asigurare casa Allianz
PMT POS opera bucuresti Oradea #221,Entertainment,Opera Bucuresti
PMT CAFENEA ORIGO Sun Plaza (RO),Restaurants,Cafenea Origo
Plata POS BVB TRANZACTIE Sun Plaza #221,Investments,BVB tranzactie
rcs rds Oradea #4321,Utilities,RCS RDS
POS Asociatie locatari RO AUT:887412,Housing,Asociatie locatari
PMT Udemy Floreasca 12345,Education,Udemy
Achizitie Hotel Crowne Plaza Mall Vitan RID:34521,Travel,Hotel Crowne Plaza
PMT POS Yoga clasa Cotroceni #4321,Health,Yoga clasa
Plata cu cardul Plata freelance proiect Aviatorilor #4321,Salary,Plata freelance proiect
PMT POS Vercel Pro Bucharest RID:34521,Subscriptions,Vercel Pro
Achizitie RAT Sibiu Floreasca RID:34521,Transport,RAT Sibiu
Cumparare carrefour market Oradea #14,Groceries,Carrefour Market
Plata cu cardul ECO MARKET Mall #4321,Groceries,Eco Market
Plata cu cardul REZERVARE HOTEL BRASOV Center RID:34521,Travel,Rezervare hotel Brasov
PMT HARD ROCK CAFE Store 04 RO,Restaurants,Hard Rock Cafe
Plata POS khan academy Drumul Taberei RID:34521,Education,Khan Academy
PURCHASE SMASHBURGER Downtown (RO),Restaurants,Smashburger
Plata POS PLURALSIGHT SKILLS Iasi #221,Education,Pluralsight Skills
Plata cu cardul DEGIRO TRANSFER Promenada AUT:887412,Investments,DEGIRO transfer
Mercadona Bucuresti RO,Groceries,Mercadona
PMT POS Internet la Domiciliu ROM #001,Utilities,Internet la Domiciliu
Cumparare TRANSFER CARD TO CARD AFI Cotroceni #001,Transfer,Transfer card to card
Plata POS INTRETINERE Promenada #14,Housing,Intretinere
POS taxi cris Mall Vitan #14,Transport,Taxi Cris
Plata POS BILET FILARMONICA Bucuresti (RO),Entertainment,Bilet Filarmonica
PURCHASE RealEstate Romania Oradea (RO),Housing,RealEstate Romania
POS VANGUARD ETF Promenada 12345,Investments,Vanguard ETF
PMT Orange Romania Fixed Sibiu RID:34521,Utilities,Orange Romania Fixed
Plata POS eventim Iasi 12345,Entertainment,Eventim
Achizitie ARBY'S Branch 12 #4321,Restaurants,Arby's
Plata POS apple.com/bill Cluj RO,Subscriptions,Apple.com/bill
ÎNTREȚINERE CASA Aviatorilor #4321,Housing,Întreținere casa
PMT POS Rezervare hotel Brasov Park Lake #001,Travel,Rezervare hotel Brasov
PMT POS TERMOENERGETICA SUD Branch 12 #14,Utilities,Termoenergetica Sud
Achizitie ETF SXR8 EU #14,Investments,ETF SXR8
Achizitie salubrizare bucuresti Online 12345,Utilities,Salubrizare Bucuresti
Patiseria Simigerie Promenada (RO),Groceries,Patiseria Simigerie
Cumparare ORANGE ROMANIA FIXED Constanta #001,Utilities,Orange Romania Fixed
POS Workshop UI ROM 12345,Education,Workshop UI
Plata cu cardul SUBWAY Promenada #4321,Restaurants,Subway
PMT POS RATA IPOTECA Bucharest (RO),Housing,Rata ipoteca
Carrefour Sibiu #4321,Groceries,Carrefour
Plata POS tesco Brasov 12345,Groceries,Tesco
PMT POS BLUE AIR Mall Vitan RID:34521,Travel,Blue Air
Plata POS ONORARIU CONSULTANTA Mall (RO),Salary,Onorariu consultanta
Achizitie M60 COFFEE Timisoara #221,Restaurants,M60 Coffee
Plata cu cardul curatenie apartament Aviatorilor 12345,Housing,Curatenie apartament
Plata POS ratbv brasov Baneasa #001,Transport,RATBV Brasov
Plata POS RetiM Servicii Center #4321,Utilities,RetiM Servicii
Cumparare TFL OYSTER Vitan #4321,Transport,TfL Oyster
POS decont salarial Branch 12 AUT:887412,Salary,Decont salarial
apa nova Downtown (RO),Utilities,Apa Nova
PMT Real estate REIT Cotroceni (RO),Investments,Real estate REIT
Plata cu cardul AU BON PAIN Oradea #14,Restaurants,Au Bon Pain
Plata cu cardul House Aviatorilor RO,Other,House
Plata POS olx imobiliare RO,Housing,OLX Imobiliare
PURCHASE ÎNCASARE SALARIU MARIA Iasi (RO),Transfer,Încasare salariu Maria
PURCHASE OLX IMOBILIARE Constanta RID:34521,Housing,OLX Imobiliare
Cumparare SPOTIFY PREMIUM Pipera RO,Subscriptions,Spotify Premium
Factura gaze Sun Plaza,Utilities,Factura gaze
PMT POS McDonalds Aviatorilor #4321,Restaurants,McDonalds
Plata cu cardul Tour ghidat Roma Bucharest #4321,Travel,Tour ghidat Roma
PURCHASE VERCEL PRO Constanta AUT:887412,Subscriptions,Vercel Pro
Cumparare CLAUDE.AI EU AUT:887412,Subscriptions,Claude.ai
PMT Family Market Sibiu (RO),Groceries,Family Market
PMT POS Vila Carpati ROM #221,Travel,Vila Carpati
Achizitie rompetrol statie Mall AUT:887412,Transport,Rompetrol Statie
PMT BOOTCAMP DATA SCIENCE ROM RO,Education,Bootcamp Data Science
Achizitie FMI Bucuresti Downtown RID:34521,Education,FMI Bucuresti
Plata POS cofetaria capsa Online AUT:887412,Other,Cofetaria Capsa
Hotel Caro AFI Cotroceni #001,Travel,Hotel Caro
Plata POS banca transilvania transfer Drumul Taberei RO,Transfer,Banca Transilvania transfer
Scoala Generala 4 Downtown #221,Education,Scoala Generala 4
P2P payment Andrei Mall #001,Transfer,P2P payment Andrei
POS UDEMY BUSINESS Cluj #14,Education,Udemy Business
CLAUDE.AI Park Lake #14,Subscriptions,Claude.ai
PMT C&A fashion Vitan #4321,Other,C&A fashion
PMT PAYSLIP TECH CORP Oradea 12345,Salary,Payslip Tech Corp
Achizitie BT transfer Aviatorilor (RO),Transfer,BT transfer
Plata cu cardul Card cadou eMAG Pipera (RO),Other,Card cadou eMAG
Achizitie Internet la Domiciliu Bucharest RO,Utilities,Internet la Domiciliu
PURCHASE FESTIVAL ELECTRIC CASTLE Sun Plaza RO,Entertainment,Festival Electric Castle
Plata cu cardul mol romania Downtown,Transport,MOL Romania
Achizitie PAYPAL PAYOUT Cotroceni #4321,Transfer,PayPal payout
PMT trattoria buongiorno EU 12345,Restaurants,Trattoria Buongiorno
Plata cu cardul KHAN ACADEMY Mall Vitan #001,Education,Khan Academy
PMT Compensatie sport 7card Constanta (RO),Salary,Compensatie sport 7card
Cumparare Lentile contact Online EU #221,Health,Lentile contact Online
Achizitie targul de legume EU #14,Groceries,Targul de Legume
POS Hardee's Downtown RO,Restaurants,Hardee's
PMT POS Plafar magazin Mall AUT:887412,Groceries,Plafar magazin
PMT Roviniete Online EU AUT:887412,Transport,Roviniete Online
PMT MERE PERE MAGAZIN Cluj #4321,Groceries,Mere Pere magazin
PURCHASE spartan Promenada (RO),Restaurants,Spartan
REALESTATE ROMANIA Iasi (RO),Housing,RealEstate Romania
Achizitie Beans & Dots Constanta 12345,Restaurants,Beans & Dots
PURCHASE synevo labs Ploiesti,Health,Synevo Labs
PMT 1password AFI Cotroceni RID:34521,Subscriptions,1Password
POS ZARA ONLINE ROM AUT:887412,Other,Zara online
PMT POS Asigurare travel City Iasi #4321,Travel,Asigurare travel City
dunkin donuts Store 04 RID:34521,Restaurants,Dunkin Donuts
PMT POS Dropbox Plus Center,Subscriptions,Dropbox Plus
Achizitie Farmacia Catena Oradea #14,Health,Farmacia Catena
PMT POS Vila Carpati Sibiu RO,Travel,Vila Carpati
Cumparare 5 to Go Sun Plaza AUT:887412,Restaurants,5 to Go
PMT POS KENTUCKY FRIED CHICKEN Online #14,Restaurants,Kentucky Fried Chicken
Cumparare MOL Group Drumul Taberei #4321,Transport,MOL Group
Achizitie Iberia Mall #001,Travel,Iberia
PURCHASE Piata Amzei Bucharest RID:34521,Groceries,Piata Amzei
Achizitie opensea purchase nft Promenada #221,Investments,OpenSea purchase NFT
Cumparare Whole Foods Market Drumul Taberei (RO),Groceries,Whole Foods Market
Plata POS PET SHOP ANIMAX Mall AUT:887412,Other,Pet Shop Animax
PMT POS CNAIR Rovinieta Baneasa AUT:887412,Transport,CNAIR Rovinieta
PURCHASE COURSERA SPECIALIZATION AFI Cotroceni #001,Education,Coursera Specialization
Cumparare pilon iii pensie privata Sun Plaza (RO),Investments,Pilon III pensie privata
Plata cu cardul Lukoil Promenada 12345,Transport,Lukoil
Plata POS binance deposit Park Lake AUT:887412,Investments,Binance deposit
Cumparare Figma Professional Branch 12 #4321,Subscriptions,Figma Professional
Cumparare AUCHAN DRIVE Bucuresti #14,Groceries,Auchan Drive
POS Lifeclub Sala Downtown,Health,Lifeclub Sala
PURCHASE Service GSM EU RO,Other,Service GSM
PMT Lufthansa Branch 12 12345,Travel,Lufthansa
Cumparare Supeco Floreasca #4321,Groceries,Supeco
Plata POS FMI UBB Downtown (RO),Education,FMI UBB
POS Piata Obor Bucharest #4321,Groceries,Piata Obor
Achizitie HelpNet Online,Health,HelpNet
Achizitie MANGO SHOP Center RO,Other,Mango shop
PURCHASE vrbo Sibiu RO,Travel,Vrbo
Plata cu cardul ETF VOO Vitan RO,Investments,ETF VOO
synevo laborator Sibiu RID:34521,Health,Synevo Laborator
PURCHASE analize medicale Branch 12 #001,Health,Analize medicale
PMT METROUL BUCURESTI Cluj (RO),Transport,Metroul Bucuresti
POS Kraken purchase Store 04 (RO),Investments,Kraken purchase
PURCHASE RAJA CONSTANTA Branch 12 12345,Utilities,Raja Constanta
Cumparare DataCamp Branch 12 #221,Education,DataCamp
PMT Webull deposit Oradea RID:34521,Investments,Webull deposit
Plata cu cardul Albinuta Magazin Constanta #221,Groceries,Albinuta Magazin
PMT POS eco market Branch 12,Groceries,Eco Market
PMT POS DIGI ROMANIA Park Lake RO,Utilities,Digi Romania
Plata cu cardul Boromir Prod Downtown (RO),Groceries,Boromir Prod
PURCHASE Storia.ro listare Drumul Taberei #4321,Housing,Storia.ro listare
POS TRENITALIA Oradea #001,Transport,Trenitalia
PMT Compari.ro RO 12345,Other,Compari.ro
BINANCE SPOT Center,Investments,Binance Spot
POS COFETARIA CAPSA Floreasca (RO),Other,Cofetaria Capsa
POS salariu net iunie Timisoara #4321,Salary,Salariu Net Iunie
POS Floraria Mada Downtown AUT:887412,Other,Floraria Mada
POS Diurnă deplasare Downtown RO,Salary,Diurnă deplasare
Plata POS DEGIRO transfer Vitan #221,Investments,DEGIRO transfer
Plata POS apa regnault Drumul Taberei AUT:887412,Utilities,Apa Regnault
Plata POS TICHETE MASA SODEXO ROM #4321,Salary,Tichete masa Sodexo
Achizitie metamask transaction Bucharest #14,Investments,MetaMask transaction
Cumparare Chirie luna mai Brasov,Housing,Chirie luna mai
Achizitie MCDS Galati #14,Restaurants,MCDS
PURCHASE Shell Romania Pipera #001,Transport,Shell Romania
Achizitie PIATA AMZEI Constanta RID:34521,Groceries,Piata Amzei
PURCHASE XTB INVEST Park Lake AUT:887412,Investments,XTB invest
Plata cu cardul chirie luna iunie RO RO,Housing,Chirie luna iunie
PMT selgros Branch 12 #4321,Groceries,Selgros
PURCHASE CEZ Romania Brasov #14,Utilities,CEZ Romania
PMT FrontendMasters Floreasca AUT:887412,Education,FrontendMasters
PMT POS springtime Floreasca 12345,Restaurants,Springtime
Plata POS Mic.ro Branch 12 #001,Groceries,Mic.ro
PURCHASE MORTGAGE PAYMENT Center RID:34521,Housing,Mortgage payment
Cumparare Wise FX Galati,Transfer,Wise FX
PURCHASE piata obor AFI Cotroceni 12345,Groceries,Piata Obor
PMT OBB Austria Store 04 #4321,Transport,OBB Austria
Achizitie LINKEDIN PREMIUM Store 04 #14,Subscriptions,LinkedIn Premium
PMT POS Chirie apartament Downtown AUT:887412,Housing,Chirie apartament
PMT POS Salubritate URBAN Cotroceni #4321,Utilities,Salubritate URBAN
PMT eurowings Online (RO),Travel,Eurowings
POS MASTERCLASS ANNUAL Floreasca #4321,Subscriptions,MasterClass annual
PMT POS MCDONALDS Aviatorilor RO,Restaurants,McDonalds
Sala fitness 7card EU #4321,Health,Sala fitness 7card
Plata cu cardul easyjet Aviatorilor AUT:887412,Travel,EasyJet
PMT POS Tesco Timisoara #001,Groceries,Tesco
Plata POS DENTIST BRILLIANT Cluj (RO),Health,Dentist Brilliant
Plata cu cardul Escape Room Adventure Center #4321,Entertainment,Escape Room Adventure
PMT Pet Shop Animalier Online (RO),Other,Pet Shop Animalier
PURCHASE Mega Image Shop&Go Sun Plaza,Groceries,Mega Image Shop&Go
POS XPRESS MARKET Center (RO),Groceries,XPRESS Market
Plata POS FESTIVAL NEVERSEA Downtown,Entertainment,Festival Neversea
PURCHASE Concert Sala Polivalenta RO 12345,Entertainment,Concert Sala Polivalenta
POS PRET A MANGER Galati (RO),Restaurants,Pret a Manger
Plata POS 1PASSWORD FAMILY Mall Vitan #001,Subscriptions,1Password Family
PURCHASE Bowling Mega Mall EU #4321,Entertainment,Bowling Mega Mall
Cumparare dr. dent Promenada RID:34521,Health,Dr. Dent
Plata cu cardul BOWLING MEGA MALL Mall 12345,Entertainment,Bowling Mega Mall
PURCHASE Festival Awake Pipera #221,Entertainment,Festival Awake
PMT POS VIATOR TOUR Park Lake 12345,Travel,Viator tour
Cumparare TAXA SCOLARIZARE LICENTA Cotroceni #14,Education,Taxa scolarizare licenta
PMT POS DataCamp Premium Cluj #001,Education,DataCamp Premium
Plata cu cardul MADO PASTRY & COFFEE Mall Vitan,Restaurants,Mado Pastry & Coffee
PURCHASE Mini Market Pipera RO RID:34521,Groceries,Mini Market Pipera
Achizitie Chirie studio Bucharest (RO),Housing,Chirie studio
Plata POS Decont 7Card Mall Vitan #221,Salary,Decont 7Card
Plata POS COLEGIUL NATIONAL LAZAR Cluj RID:34521,Education,Colegiul National Lazar
PMT POS Policlinica Titu Maiorescu Bucharest,Health,Policlinica Titu Maiorescu
Plata POS Synevo Labs Bucharest #221,Health,Synevo Labs
Achizitie Bowling Mega Mall AFI Cotroceni #221,Entertainment,Bowling Mega Mall
ENEL ROMANIA Drumul Taberei #14,Utilities,Enel Romania
Diana Express Store 04 #221,Groceries,Diana Express
PURCHASE ALBINUTA MAGAZIN Floreasca #001,Groceries,Albinuta Magazin
Plata cu cardul Service Auto Andrei Center #4321,Transport,Service Auto Andrei
Plata cu cardul LEROY MERLIN Store 04 #001,Other,Leroy Merlin
interactive brokers Sibiu RID:34521,Investments,Interactive Brokers
Plata cu cardul ryanair ROM 12345,Travel,Ryanair
PMT Microsoft 365 Family Vitan #14,Subscriptions,Microsoft 365 Family
POS REZERVARE HOTEL PREDEAL RO (RO),Travel,Rezervare hotel Predeal
Plata cu cardul Stradivarius Store 04 #001,Other,Stradivarius
Plata cu cardul Curatenie apartament Aviatorilor #221,Housing,Curatenie apartament
PMT Salariu ore suplimentare Brasov RID:34521,Salary,Salariu ore suplimentare
PMT eMAG Brasov 12345,Other,eMAG
Plata POS spitalul floreasca Cluj #221,Health,Spitalul Floreasca
Farmacia Sensiblu Iasi #4321,Health,Farmacia Sensiblu
PMT POS LA BRUTARIA Oradea,Restaurants,La Brutaria
PMT POS Synevo Laborator Iasi 12345,Health,Synevo Laborator
Cumparare RealEstate Romania Sibiu 12345,Housing,RealEstate Romania
Achizitie Emirates Sun Plaza,Travel,Emirates
statia itp Cluj (RO),Transport,Statia ITP
British Airways Brasov #14,Travel,British Airways
Cumparare Kayak Bucharest (RO),Travel,Kayak
POS STARBUCKS Downtown RID:34521,Restaurants,Starbucks
BLACK CAB Ploiesti #4321,Transport,Black Cab
PMT POS Audible Vitan (RO),Subscriptions,Audible
PMT Steam Wallet Park Lake RID:34521,Entertainment,Steam Wallet
Plata cu cardul Rompetrol Drumul Taberei 12345,Transport,Rompetrol
Schimb valutar Raiffeisen Downtown,Transfer,Schimb valutar Raiffeisen
PMT POS HOLLYWOOD MULTIPLEX Mall Vitan (RO),Entertainment,Hollywood Multiplex
PMT POS spalatorie auto Constanta 12345,Transport,Spalatorie Auto
POS AQUATIM TIMISOARA Drumul Taberei 12345,Utilities,Aquatim Timisoara
PMT POS Optica Quattro Cotroceni #001,Health,Optica Quattro
PMT Tichete masa Sodexo Downtown AUT:887412,Salary,Tichete masa Sodexo
Plata cu cardul apple one Bucharest,Subscriptions,Apple One
SALARIU NET MAI Drumul Taberei RID:34521,Salary,Salariu Net Mai
Achizitie pensiune sinaia Bucuresti 12345,Travel,Pensiune Sinaia
POS 5TOGO Branch 12 #221,Restaurants,5toGo
Achizitie COFFEE LAB Baneasa,Restaurants,Coffee Lab
Direct Deposit Tech ROM #14,Salary,Direct Deposit Tech
PURCHASE DONATIE ONG Mall Vitan,Other,Donatie ONG
Achizitie CEZ ROMANIA Drumul Taberei #221,Utilities,CEZ Romania
PMT TICHETE MASA UP Sun Plaza #14,Salary,Tichete masa Up
Plata cu cardul Auchan EU #001,Groceries,Auchan
transfer ing to revolut ROM #221,Transfer,Transfer ING to Revolut
PMT CARD PREPLATIT UP Store 04 12345,Other,Card preplatit Up
POS Bistro Vintage Cluj RO,Restaurants,Bistro Vintage
PURCHASE JOC PC STEAM ROM AUT:887412,Entertainment,Joc PC Steam
Cumparare ANAIDA RESTAURANT Park Lake (RO),Restaurants,Anaida Restaurant
PMT POS Curatenie casa Downtown #14,Housing,Curatenie casa
Plata cu cardul smashburger AFI Cotroceni RO,Restaurants,Smashburger
Cumparare zen sushi Downtown (RO),Restaurants,Zen Sushi
Plata POS Cabinet Cardiologie Galati #221,Health,Cabinet Cardiologie
Achizitie Vodafone Cable Online 12345,Utilities,Vodafone Cable
Plata cu cardul Sephora Bucuresti #001,Other,Sephora
Plata POS digi romania Drumul Taberei RID:34521,Utilities,Digi Romania
Cumparare ASE Taxa Master Online #001,Education,ASE Taxa Master
PMT Eurospar Brasov RO,Groceries,Eurospar
Cumparare OTP Bank schimb Cluj #14,Transfer,OTP Bank schimb
Energiea Bar Mall AUT:887412,Restaurants,Energiea Bar
PMT HOTEL CISMIGIU Store 04 AUT:887412,Travel,Hotel Cismigiu
LUFTHANSA GROUP Iasi #221,Travel,Lufthansa Group
Achizitie ShopMagazin Mall AUT:887412,Groceries,ShopMagazin
PURCHASE Mega Image Shop&Go Bucharest RO,Groceries,Mega Image Shop&Go
PMT iService Apple Vitan,Other,iService Apple
OPENAI CHATGPT Cotroceni #4321,Subscriptions,OpenAI ChatGPT
POS TRANSFER IN EUR Sibiu AUT:887412,Transfer,Transfer in EUR
PURCHASE cabinet cardiologie Brasov #001,Health,Cabinet Cardiologie
PURCHASE DEEPL PRO Branch 12 #001,Subscriptions,DeepL Pro
PURCHASE Up Card Galati (RO),Other,Up Card
PURCHASE 5-TO-GO Floreasca #14,Restaurants,5-to-Go
Cumparare Bar de zi Floreasca Vitan #4321,Restaurants,Bar de zi Floreasca
PMT POS wolt scooter Ploiesti AUT:887412,Transport,Wolt Scooter
PURCHASE spar Branch 12 #4321,Groceries,Spar
yoga clasa Timisoara #001,Health,Yoga clasa
sncf Drumul Taberei RO,Transport,SNCF
POS medicover romania Baneasa AUT:887412,Health,Medicover Romania
POS dm drogerie markt Park Lake 12345,Groceries,DM Drogerie Markt
Plata cu cardul RECOLTARE ANALIZE Center AUT:887412,Health,Recoltare analize
Schimb valutar BCR Bucuresti (RO),Transfer,Schimb valutar BCR
Plata cu cardul carte tehnica online AFI Cotroceni,Education,Carte tehnica online
PMT 5toGo Bucuresti #4321,Restaurants,5toGo
PURCHASE Anthropic API AFI Cotroceni AUT:887412,Subscriptions,Anthropic API
Achizitie Coinbase deposit Store 04 #221,Investments,Coinbase deposit
PURCHASE EON.RO factura Center 12345,Utilities,EON.RO factura
Plata cu cardul Rezervare hotel Brasov RO,Travel,Rezervare hotel Brasov
PMT POS Kika mobilier ROM RID:34521,Other,Kika mobilier
PMT POS Cabinet Ortopedie Promenada,Health,Cabinet Ortopedie
Plata POS Boromir Prod AFI Cotroceni #221,Groceries,Boromir Prod
PURCHASE vietnameza pipera Baneasa AUT:887412,Restaurants,Vietnameza Pipera
Cumparare Tier Scooter Cotroceni RID:34521,Transport,Tier Scooter
Plata POS MEDICOVER Center RO,Health,Medicover
POS DROPBOX FAMILY Brasov #221,Subscriptions,Dropbox Family
Plata cu cardul Rezervare Airbnb Cluj Bucuresti AUT:887412,Travel,Rezervare Airbnb Cluj
PMT POS FACTURA APA Baneasa RO,Utilities,Factura apa
PMT kfc Bucuresti #221,Restaurants,KFC
POS Workshop UI Center 12345,Education,Workshop UI
Plata POS Viator tour Sibiu,Travel,Viator tour
PMT POS Electrica Distributie Branch 12 12345,Utilities,Electrica Distributie
PURCHASE Orange Fix Timisoara,Utilities,Orange Fix
Plata POS 5-TO-GO Cluj,Restaurants,5-to-Go
PMT asociatie locatari Center #14,Housing,Asociatie locatari
Plata POS SPITALUL FLOREASCA Iasi #001,Health,Spitalul Floreasca
PURCHASE Hotel Cismigiu RO RID:34521,Travel,Hotel Cismigiu
POS Hornbach magazin Aviatorilor #001,Other,Hornbach magazin
Plata POS ENEL*FACT Galati #4321,Utilities,ENEL*FACT
Taxa scolarizare licenta Brasov #4321,Education,Taxa scolarizare licenta
Achizitie Viator tour Online RID:34521,Travel,Viator tour
PURCHASE Vanguard ETF Drumul Taberei #4321,Investments,Vanguard ETF
Plata cu cardul Clinica Polisano Pipera 12345,Health,Clinica Polisano
PMT POS 1PASSWORD Drumul Taberei AUT:887412,Subscriptions,1Password
Achizitie PHARMACY ROK Bucuresti #001,Health,Pharmacy ROK
PMT auto service pitesti Aviatorilor #4321,Transport,Auto Service Pitesti
Cumparare Memrise Mall Vitan (RO),Education,Memrise
PMT POS Editura Humanitas Constanta #221,Education,Editura Humanitas
PMT POS Brokerage Tradeville Bucuresti #001,Investments,Brokerage Tradeville
PMT POS ase bucuresti Aviatorilor #4321,Education,ASE Bucuresti
Plata POS reparatii instalatie sanitara Downtown #4321,Housing,Reparatii instalatie sanitara
Libraria Diverta Pipera AUT:887412,Education,Libraria Diverta
Penny Cotroceni (RO),Groceries,Penny
Cumparare Panera Bread ROM #14,Restaurants,Panera Bread
Kika mobilier Bucharest #14,Other,Kika mobilier
SEPA Credit Transfer Sun Plaza 12345,Transfer,SEPA Credit Transfer
PMT POS YANGO Ploiesti (RO),Transport,Yango
Plata POS PLATA CHIRIE IUNIE Iasi #001,Housing,Plata chirie iunie
Cumparare Eventim Aviatorilor RID:34521,Entertainment,Eventim
PMT cloudflare pro Constanta (RO),Subscriptions,Cloudflare Pro
PMT POS Coffee Lab Downtown AUT:887412,Restaurants,Coffee Lab
Cumparare Profi Loco Vitan #001,Groceries,Profi Loco
PMT POS Apa Nova Bucuresti Constanta #001,Utilities,Apa Nova Bucuresti
POS Evernote Personal AFI Cotroceni (RO),Subscriptions,Evernote Personal
PMT POS Springtime Store 04,Restaurants,Springtime
Achizitie ANTHROPIC API Bucuresti #001,Subscriptions,Anthropic API
PMT EVOMAG Pipera #221,Other,Evomag
Plata cu cardul Fresh Corner EU AUT:887412,Groceries,Fresh Corner
Plata cu cardul raiffeisen virament Online 12345,Transfer,Raiffeisen virament
POS EXCURSIE ITALIA Online #14,Travel,Excursie Italia
Plata cu cardul FMI UBB Center #001,Education,FMI UBB
PMT BIO ROMANIA Mall AUT:887412,Groceries,Bio Romania
PAYPAL PAYOUT Park Lake #14,Transfer,PayPal payout
PMT POS cofetaria boema Brasov,Other,Cofetaria Boema
Plata POS Stripe internal transfer Floreasca #4321,Transfer,Stripe internal transfer
PMT POS Floraria Mada EU RO,Other,Floraria Mada
Plata POS Transfer in EUR Pipera #14,Transfer,Transfer in EUR
PMT POS Leroy Merlin Iasi RO,Other,Leroy Merlin
PURCHASE digi*fact Cotroceni #001,Utilities,DIGI*FACT
PURCHASE EMAG Vitan RO,Other,eMAG
Plata cu cardul ORANGE PREPAY RO (RO),Utilities,Orange PrePay
Plata cu cardul House Center AUT:887412,Other,House
Achizitie Parcare Aeroport Otopeni Galati #14,Transport,Parcare Aeroport Otopeni
POS Spartan Timisoara #4321,Restaurants,Spartan
PMT POS STARBUCKS COFFEE AFI Cotroceni AUT:887412,Restaurants,STARBUCKS COFFEE
PMT POS HBO MAX Cotroceni AUT:887412,Subscriptions,HBO Max
PMT Migros EU RO,Groceries,Migros
POS COFFEE LAB Store 04 #14,Restaurants,Coffee Lab
POS medical center bucuresti EU #4321,Health,Medical Center Bucuresti
POS Treehouse Center,Education,Treehouse
Plata cu cardul farmacia tei Online,Health,Farmacia Tei
PURCHASE taxa scolarizare master Online,Education,Taxa scolarizare master
PMT POS Supeco Galati 12345,Groceries,Supeco
PMT WIZZ AIR VOUCHER Aviatorilor #221,Transport,Wizz Air voucher
PMT POS ALIMENTARA EXPRESS Ploiesti #221,Groceries,Alimentara Express
PMT Salon Coafor Aviatorilor #001,Other,Salon Coafor
Cumparare hidroelectrica Galati 12345,Utilities,Hidroelectrica
PURCHASE Bistro French Online #221,Restaurants,Bistro French
Plata POS AVANS CHIRIE Bucharest #001,Housing,Avans chirie
GOG.COM ROM #4321,Entertainment,GOG.com
Plata cu cardul Cinema 3D AFI Online #221,Entertainment,Cinema 3D AFI
Cumparare sala fitness 7card Branch 12 RID:34521,Health,Sala fitness 7card
Cumparare Ryanair Baneasa AUT:887412,Travel,Ryanair
POS karaoke bar avant RO #221,Entertainment,Karaoke Bar Avant
PMT POS Spitalul Floreasca Bucharest,Health,Spitalul Floreasca
PURCHASE bistro vintage Cotroceni RO,Restaurants,Bistro Vintage
Cumparare pet shop animax Floreasca #221,Other,Pet Shop Animax
Plata cu cardul Lufthansa Sun Plaza #4321,Travel,Lufthansa
Uber Mall 12345,Transport,Uber
Plata cu cardul imobiliare.ro listare Center (RO),Housing,Imobiliare.ro listare
PMT POS editura humanitas Cotroceni AUT:887412,Education,Editura Humanitas
Achizitie Synevo Laborator RO RID:34521,Health,Synevo Laborator
Achizitie PIATA OBOR Constanta,Groceries,Piata Obor
Plata cu cardul RCS RDS Promenada RO,Utilities,RCS RDS
Achizitie psiholog cabinet Aviatorilor AUT:887412,Health,Psiholog Cabinet
PURCHASE Emirates Branch 12 #14,Travel,Emirates
Plata POS Salariu luna mai Sibiu #4321,Salary,Salariu luna mai
Plata cu cardul blackrock ishares Bucharest #001,Investments,BlackRock iShares
PURCHASE CNAIR ROVINIETA Vitan #14,Transport,CNAIR Rovinieta
POS PATISERIE BOULANGERIE Promenada,Other,Patiserie Boulangerie
PURCHASE TRANSFER IN LEI Aviatorilor RO,Transfer,Transfer in lei
Achizitie WORDPRESS.COM PREMIUM Ploiesti RO,Subscriptions,WordPress.com Premium
Wolt Scooter Iasi RID:34521,Transport,Wolt Scooter
Tier Scooter Park Lake #4321,Transport,Tier Scooter
Plata cu cardul aliexpress order Downtown #4321,Other,Aliexpress order
distrigaz sud Brasov #001,Utilities,Distrigaz Sud
PMT saxo bank deposit Bucuresti #001,Investments,Saxo Bank deposit
PMT POS METROREX ABONAMENT Bucharest (RO),Transport,Metrorex Abonament
PMT FRESH CORNER EU RID:34521,Groceries,Fresh Corner
POS Chirie luna iulie Galati #14,Housing,Chirie luna iulie
Cumparare BK Center #221,Restaurants,BK
SCHIMB VALUTAR BCR EU #14,Transfer,Schimb valutar BCR
Magazin Animale Companie Downtown RID:34521,Other,Magazin Animale Companie
Cumparare RECOLTARE ANALIZE Online (RO),Health,Recoltare analize
PMT POS spitalul sf. pantelimon Pipera #14,Health,Spitalul Sf. Pantelimon
Achizitie subway sandwich Downtown #14,Restaurants,SUBWAY SANDWICH
Plata cu cardul BISTRO VINTAGE RO,Restaurants,Bistro Vintage
DUOLINGO SUPER Timisoara (RO),Subscriptions,Duolingo Super
Cumparare Fond mutual BT Asset Mgmt Cotroceni #221,Investments,Fond mutual BT Asset Mgmt
PMT SOCAR Aviatorilor #001,Transport,SOCAR
PMT POS Carrefour Market AFI Cotroceni 12345,Groceries,Carrefour Market
Cumparare Brutaria Anatolia Ploiesti RID:34521,Groceries,Brutaria Anatolia
Cumparare EDX MICROSOFT Center 12345,Education,edX Microsoft
Achizitie CASA INTELIGENTA ADMINISTRARE Baneasa AUT:887412,Housing,Casa Inteligenta administrare
Plata cu cardul apometru index Baneasa RID:34521,Utilities,Apometru index
curatatorie 5asec Bucharest AUT:887412,Other,Curatatorie 5aSec
Achizitie bt transfer Store 04 RID:34521,Transfer,BT transfer
POS getyourguide tur Online RO,Travel,GetYourGuide tur
Achizitie BurgerFest Oradea RO,Restaurants,BurgerFest
Cumparare ASIGURARE TRAVEL CITY Cotroceni AUT:887412,Travel,Asigurare travel City
Plata POS Origo Coffee Mall Vitan RID:34521,Restaurants,Origo Coffee
Plata POS Wise transfer Downtown #221,Transfer,Wise transfer
PURCHASE Twitch subscription Promenada #14,Entertainment,Twitch subscription
PMT BCR TRANSFER EXTERN ROM,Transfer,BCR transfer extern
POS iaBilet concert Cluj,Entertainment,iaBilet concert
POS TEATRUL COMEDIE Bucharest RO,Entertainment,Teatrul Comedie
Cumparare Hotels.com ROM 12345,Travel,Hotels.com
PMT TRANSFER CARD TO CARD Center RID:34521,Transfer,Transfer card to card
PMT POS Optica Optiblu Center #4321,Health,Optica Optiblu
Plata POS Rata credit ipotecar Sibiu (RO),Housing,Rata credit ipotecar
Plata cu cardul dropbox plus Park Lake,Subscriptions,Dropbox Plus
POS Payslip Tech Corp Floreasca 12345,Salary,Payslip Tech Corp
PMT apa nova bucuresti Cotroceni (RO),Utilities,Apa Nova Bucuresti
Plata cu cardul Taco Bell Mall Vitan,Restaurants,Taco Bell
POS DEGIRO transfer Drumul Taberei #001,Investments,DEGIRO transfer
Plata cu cardul CINEMA CITY Bucharest,Entertainment,Cinema City
POS Bere si grill Bucharest 12345,Restaurants,Bere si grill
Notion Personal Center 12345,Subscriptions,Notion Personal
Kika mobilier Cluj 12345,Other,Kika mobilier
Cumparare salariu net aprilie Mall #221,Salary,Salariu Net Aprilie
PMT Curs Corporate Training Floreasca #221,Education,Curs Corporate Training
Plata cu cardul TAXA SCOLARIZARE MASTER Mall Vitan #001,Education,Taxa scolarizare master
PMT Yoga clasa Aviatorilor RID:34521,Health,Yoga clasa
family market Downtown RO,Groceries,Family Market
PMT POS Memrise Constanta RID:34521,Education,Memrise
PMT UNIVERSITATEA BUCURESTI Bucharest,Education,Universitatea Bucuresti
Cumparare Synevo Aviatorilor AUT:887412,Health,Synevo
KINDLE UNLIMITED Pipera 12345,Subscriptions,Kindle Unlimited
POS C&A FASHION Store 04 #4321,Other,C&A fashion
Cumparare vietnam restaurant Park Lake (RO),Restaurants,Vietnam Restaurant
PMT Schimb valutar Raiffeisen Cotroceni #14,Transfer,Schimb valutar Raiffeisen
PURCHASE Equity buy NVDA Bucuresti #4321,Investments,Equity buy NVDA
Achizitie Ramses Sushi Store 04 #4321,Restaurants,Ramses Sushi
TRENITALIA Sibiu 12345,Transport,Trenitalia
PURCHASE Billa Oradea AUT:887412,Groceries,Billa
PURCHASE KFC Online RO,Restaurants,KFC
POS SCHIMB VALUTAR RAIFFEISEN Floreasca RO,Transfer,Schimb valutar Raiffeisen
Plata cu cardul RENT JUNE RO #14,Housing,RENT JUNE
Plata cu cardul Mortgage payment Pipera #221,Housing,Mortgage payment
Achizitie EUROSPAR ROM #14,Groceries,Eurospar
Plata POS CARTURESTI Center,Education,Carturesti
Plata cu cardul Zen Sushi Brasov #14,Restaurants,Zen Sushi
Cumparare SALARY EMPLOYER Store 04 #221,Salary,SALARY EMPLOYER
PURCHASE CABINET DERMATOLOGIE Ploiesti #001,Health,Cabinet Dermatologie
Plata POS Rovinieta Bucuresti #14,Transport,Rovinieta
PMT POS roviniete online Store 04 #4321,Transport,Roviniete Online
Crypto staking reward Bucharest (RO),Investments,Crypto staking reward
PURCHASE RAMSES SUSHI Online #001,Restaurants,Ramses Sushi
Plata cu cardul RATB Branch 12 #14,Transport,RATB
POS payslip tech corp Store 04 #001,Salary,Payslip Tech Corp
FIDELITY INVEST Promenada (RO),Investments,Fidelity Invest
POS stb bucuresti Bucuresti (RO),Transport,STB Bucuresti
PMT BOLT.EU Sun Plaza (RO),Transport,Bolt.eu
Achizitie metroul bucuresti EU RO,Transport,Metroul Bucuresti
Plata POS ECO MARKET Promenada AUT:887412,Groceries,Eco Market
POS Hotel Intercontinental Floreasca AUT:887412,Travel,Hotel Intercontinental
Plata cu cardul niro market Pipera 12345,Groceries,Niro Market
Plata POS raja constanta Mall #14,Utilities,Raja Constanta
Cumparare Skillshare Online #4321,Education,Skillshare
Spotify Family Cluj,Subscriptions,Spotify Family
Plata cu cardul max.com Sun Plaza #14,Subscriptions,Max.com
Achizitie Royalty payment Amazon Bucharest #221,Salary,Royalty payment Amazon
Plata cu cardul td ameritrade RO #4321,Investments,TD Ameritrade
Plata POS Aquapark Therme Floreasca #001,Entertainment,Aquapark Therme
Plata POS engie fact RO RO,Utilities,ENGIE FACT
PMT Kaufland Park Lake AUT:887412,Groceries,Kaufland
PURCHASE Bringo ROM,Restaurants,Bringo
Equity buy NVDA Mall Vitan #221,Investments,Equity buy NVDA
Plata POS tarom ROM #221,Travel,TAROM
PMT CABLU TV + INTERNET Drumul Taberei #001,Utilities,Cablu TV + Internet
Plata POS Property Manager fees ROM,Housing,Property Manager fees
Cumparare Administrator bloc 12 Cluj RO,Housing,Administrator bloc 12
Achizitie Discord Nitro Online 12345,Entertainment,Discord Nitro
POS fidelity invest RO #221,Investments,Fidelity Invest
PMT POS ADD MONEY REVOLUT Downtown RID:34521,Transfer,Add money Revolut
Plata cu cardul Wizz Air voucher Constanta #001,Transport,Wizz Air voucher
PMT POS Enterprise Car Rental Mall 12345,Travel,Enterprise Car Rental
PMT Revolut top-up Store 04 #001,Transfer,Revolut top-up
Cumparare TICHETE CADOU EDENRED Branch 12 RID:34521,Salary,Tichete cadou Edenred
PMT Apa Regnault Sun Plaza AUT:887412,Utilities,Apa Regnault
PURCHASE Karaoke Bar Avant Promenada #4321,Entertainment,Karaoke Bar Avant
Achizitie Bilete fotbal Steaua Oradea #001,Entertainment,Bilete fotbal Steaua
Achizitie Add money Revolut Floreasca #001,Transfer,Add money Revolut
PURCHASE BT TRANSFER Oradea #14,Transfer,BT transfer
GOG.COM Pipera #14,Entertainment,GOG.com
Plata POS TAROM bilet online Baneasa #4321,Travel,TAROM bilet online
PURCHASE Vila Predeal Online #14,Travel,Vila Predeal
POS terasa vara herastrau Cluj #221,Restaurants,Terasa Vara Herastrau
FARMACIA SENSIBLU RO #001,Health,Farmacia Sensiblu
PMT Eventim Bilet Promenada AUT:887412,Entertainment,Eventim Bilet
POS TucanoCoffee Cluj #14,Restaurants,TucanoCoffee
Plata cu cardul Whole Foods Market Floreasca #001,Groceries,Whole Foods Market
Plata cu cardul tichete cadou edenred Drumul Taberei #001,Salary,Tichete cadou Edenred
Plata POS OMV Constanta #14,Transport,OMV
POS YOUTUBE PREMIUM Constanta AUT:887412,Subscriptions,YouTube Premium
Plata POS Synevo Sibiu AUT:887412,Health,Synevo
PURCHASE P2P payment Andrei Online #4321,Transfer,P2P payment Andrei
Plata cu cardul nintendo switch online ROM AUT:887412,Entertainment,Nintendo Switch Online
Achizitie Teatrul Mic Downtown #221,Entertainment,Teatrul Mic
Plata POS pet shop animalier Mall RID:34521,Other,Pet Shop Animalier
Plata cu cardul PARCARE PIATA VICTORIEI Timisoara #14,Transport,Parcare Piata Victoriei
PMT POS burgerking Branch 12 #4321,Restaurants,BURGERKING
Plata cu cardul EVENTIM BILET Branch 12 #001,Entertainment,Eventim Bilet
Plata POS github copilot Baneasa #4321,Subscriptions,GitHub Copilot
PMT POS 5toGo EU 12345,Restaurants,5toGo
Achizitie KFC Brasov,Restaurants,KFC
Plata POS interactive brokers Iasi AUT:887412,Investments,Interactive Brokers
PMT POS administrator bloc 28 AFI Cotroceni RID:34521,Housing,Administrator bloc 28
Achizitie VIRAMENT SALARIU NET Brasov RID:34521,Salary,VIRAMENT SALARIU NET
Achizitie Farmacia 24h RO 12345,Health,Farmacia 24h
PMT PIZZA HUT Sun Plaza #14,Restaurants,Pizza Hut
Achizitie glovo RO 12345,Restaurants,Glovo
Cumparare PlayStation Network EU #4321,Entertainment,PlayStation Network
Cumparare British Airways Cluj 12345,Travel,British Airways
PMT POS spitalul sf. pantelimon Aviatorilor #4321,Health,Spitalul Sf. Pantelimon
Reparatii instalatie sanitara Bucuresti RID:34521,Housing,Reparatii instalatie sanitara
Plata POS migros Iasi #221,Groceries,Migros
PURCHASE binance deposit Timisoara,Investments,Binance deposit
Hotel Crowne Plaza ROM RO,Travel,Hotel Crowne Plaza
PURCHASE Rezervare Airbnb Cluj Promenada #001,Travel,Rezervare Airbnb Cluj
PURCHASE Equity buy NVDA Online #4321,Investments,Equity buy NVDA
Achizitie lufthansa group Timisoara (RO),Travel,Lufthansa Group
Plata POS MEMRISE Vitan RO,Education,Memrise
medlife constanta Floreasca #4321,Health,MedLife Constanta
POS FRESH CORNER Timisoara #221,Groceries,Fresh Corner
PMT POS Vatra Restaurant Drumul Taberei #001,Restaurants,Vatra Restaurant
PMT POS SALARY TRANSFER Bucuresti #4321,Salary,SALARY TRANSFER
POS synevo labs Galati 12345,Health,Synevo Labs
PMT POS Centrul Medical Aviatorilor Branch 12 #001,Health,Centrul Medical Aviatorilor
Plata cu cardul OnlyFans subscription ROM 12345,Subscriptions,OnlyFans subscription
SPITALUL ELIAS Vitan #14,Health,Spitalul Elias
PURCHASE Asigurare locuinta AFI Cotroceni AUT:887412,Housing,Asigurare locuinta
Cumparare Claude.ai Iasi #14,Subscriptions,Claude.ai
Plata cu cardul MasterClass course Galati #4321,Education,MasterClass course
Dr. Dent AFI Cotroceni RO,Health,Dr. Dent
Plata cu cardul Enterprise Car Rental Center 12345,Travel,Enterprise Car Rental
Plata POS dm Store 04,Groceries,DM
PMT MORTGAGE PAYMENT RO #221,Housing,Mortgage payment
Cumparare AVIS RENT Floreasca #221,Travel,Avis Rent
POS Asociatie locatari Iasi AUT:887412,Housing,Asociatie locatari
PMT La Doi Pasi EU #14,Groceries,La Doi Pasi
Plata cu cardul FAMILY MARKET Floreasca 12345,Groceries,Family Market
PURCHASE surfshark vpn Mall Vitan #4321,Subscriptions,Surfshark VPN
Achizitie STB Bucharest RO,Transport,STB
festival neversea Cluj #14,Entertainment,Festival Neversea
Plata POS burger king Galati 12345,Restaurants,Burger King
PMT LA DOI PASI Cotroceni #221,Groceries,La Doi Pasi
Achizitie Popeyes Louisiana Kitchen Store 04 AUT:887412,Restaurants,Popeyes Louisiana Kitchen
PMT POS Sala Palatului concert Timisoara #221,Entertainment,Sala Palatului concert
factura internet Park Lake (RO),Utilities,Factura internet
Cumparare Bowling Cosmos Pipera RO,Entertainment,Bowling Cosmos
POS plata chirie Mall,Housing,Plata chirie
Achizitie BOLT Cluj,Transport,Bolt
Plata cu cardul RAMSES SUSHI Ploiesti 12345,Restaurants,Ramses Sushi
PURCHASE Bootcamp Coding Store 04 (RO),Education,Bootcamp Coding
Achizitie Synevo Labs ROM 12345,Health,Synevo Labs
Plata POS WISE TRANSFER AFI Cotroceni,Transfer,Wise transfer
Plata cu cardul Apa Nova Ploiesti (RO),Utilities,Apa Nova
MICROSOFT 365 FAMILY Store 04 #221,Subscriptions,Microsoft 365 Family
POS Croitorie Express Drumul Taberei 12345,Other,Croitorie Express
Plata cu cardul Epic Games EU RID:34521,Entertainment,Epic Games
POS INSTALATOR URGENTA Bucharest #001,Housing,Instalator urgenta
PURCHASE rtec constanta Sun Plaza 12345,Transport,RTEC Constanta
Achizitie Opera Bucuresti Mall Vitan #4321,Entertainment,Opera Bucuresti
Cumparare curs corporate training RO #001,Education,Curs Corporate Training
Cumparare STARBUCKS COFFEE ROM AUT:887412,Restaurants,STARBUCKS COFFEE
AEROITALIA Oradea RID:34521,Travel,AeroItalia
Achizitie FASHION DAYS Drumul Taberei #4321,Other,Fashion Days
PURCHASE starbucks coffee RO #001,Restaurants,STARBUCKS COFFEE
PMT POS KFC Downtown RO,Restaurants,KFC
Achizitie Tarom flight Brasov RID:34521,Transport,Tarom flight
PMT POS uber*trip Ploiesti (RO),Transport,UBER*TRIP
Cumparare CRYPTO AIRDROP Bucharest #221,Investments,Crypto airdrop
Achizitie FACTURA GAZE Brasov RO,Utilities,Factura gaze
Plata cu cardul netflix standard Downtown RO,Subscriptions,Netflix Standard
PMT POS YouTube TV Bucuresti #4321,Subscriptions,YouTube TV
Plata POS Profi City ROM #14,Groceries,Profi City
Achizitie TV Cablu Romtelecom Mall Vitan,Utilities,TV Cablu Romtelecom
PMT POS salubritate urban Constanta #14,Utilities,Salubritate URBAN
Plata POS EDO SUSHI Center RO,Restaurants,Edo Sushi
Plata POS DISNEY PLUS Promenada #221,Subscriptions,Disney Plus
PMT EVENTIM BILET Mall RID:34521,Entertainment,Eventim Bilet
PURCHASE amazon de Park Lake #001,Other,Amazon DE
PMT POS BOROMIR PROD Mall (RO),Groceries,Boromir Prod
PMT Curs Corporate Training Park Lake (RO),Education,Curs Corporate Training
Plata POS ING HOME'BANK TRANSFER AFI Cotroceni #14,Transfer,ING Home'Bank transfer
Cumparare TfL Oyster Center RO,Transport,TfL Oyster
PURCHASE Transfer ING to Revolut Store 04 (RO),Transfer,Transfer ING to Revolut
Plata POS ONORARIU CONSULTANTA Galati 12345,Salary,Onorariu consultanta
PMT POS virament salariu srl Branch 12 (RO),Salary,VIRAMENT SALARIU SRL
DIRECT DEPOSIT ACME Mall Vitan RO,Salary,Direct Deposit ACME
PMT POS Glovo RO,Restaurants,Glovo
PMT Bilet Master Pipera #001,Entertainment,Bilet Master
Plata POS card cadou emag RO AUT:887412,Other,Card cadou eMAG
Plata POS bt capital invest Galati RO,Investments,BT Capital Invest
Cumparare Brutaria Anatolia Ploiesti,Groceries,Brutaria Anatolia
RealEstate Romania Galati #001,Housing,RealEstate Romania
Cumparare FRESH CORNER Sun Plaza #001,Groceries,Fresh Corner
PURCHASE Booking RO Timisoara #221,Travel,Booking RO
Cumparare ÎNTREȚINERE CASA Online RID:34521,Housing,Întreținere casa
Achizitie spalatorie auto Constanta #14,Transport,Spalatorie Auto
PURCHASE MERE PERE MAGAZIN Timisoara #14,Groceries,Mere Pere magazin
Plata POS WOLT SCOOTER Sun Plaza #001,Transport,Wolt Scooter
PURCHASE audible Branch 12 #221,Subscriptions,Audible
Cumparare Brutaria Boromir Store 04 RID:34521,Groceries,Brutaria Boromir
POS Payroll June 2026 Drumul Taberei RID:34521,Salary,Payroll June 2026
PMT edX MicroMasters RO #4321,Education,edX MicroMasters
POS MEDLIFE Mall #4321,Health,MedLife
PMT BINANCE SPOT Aviatorilor (RO),Investments,Binance Spot
Plata cu cardul lime scooter RO #221,Transport,Lime Scooter
PMT ADMINISTRATOR BLOC 28 Online AUT:887412,Housing,Administrator bloc 28
PMT POS Up Card Drumul Taberei (RO),Other,Up Card
PMT cec virament Online #001,Transfer,CEC virament
Achizitie Domo Romania Oradea RO,Other,Domo Romania
Renfe EU #221,Transport,Renfe
PURCHASE Loft Cafe Center #221,Restaurants,Loft Cafe
BRILLIANT.ORG Mall #14,Education,Brilliant.org
PMT POS Sephora Aviatorilor #14,Other,Sephora
POS BUMBLE PREMIUM Aviatorilor RO,Subscriptions,Bumble Premium
PURCHASE ANTHROPIC API Mall Vitan 12345,Subscriptions,Anthropic API
trader joe's EU #14,Groceries,Trader Joe's
PMT POS QATAR AIRWAYS Park Lake #001,Travel,Qatar Airways
PURCHASE Cabinet Stomatologic Bright Promenada (RO),Health,Cabinet Stomatologic Bright
Plata cu cardul OTP Bank schimb Baneasa,Transfer,OTP Bank schimb
Achizitie HOTEL CISMIGIU Bucuresti #14,Travel,Hotel Cismigiu
PMT POS TRADING 212 DEPOSIT Sibiu 12345,Investments,Trading 212 deposit
PMT Bolt Food Park Lake #4321,Restaurants,Bolt Food
PMT Excursie Italia Galati #221,Travel,Excursie Italia
DOMINOS PIZZA Cluj #4321,Restaurants,Dominos Pizza
PMT Lidl Plus Floreasca RID:34521,Groceries,Lidl Plus
Achizitie Farmacia 24h Brasov AUT:887412,Health,Farmacia 24h
PMT POS tradeville romania Center #14,Investments,Tradeville Romania
Plata cu cardul Spar Constanta AUT:887412,Groceries,Spar
POS Achizitie diversa Floreasca,Other,Achizitie diversa
PMT TEATRUL COMEDIE Center,Entertainment,Teatrul Comedie
Plata POS New Yorker Aviatorilor (RO),Other,New Yorker
PMT DIRECT DEPOSIT PAYROLL Timisoara #4321,Salary,Direct Deposit Payroll
PMT POS Hollywood Multiplex Aviatorilor #14,Entertainment,Hollywood Multiplex
POS Marketul de Cartier ROM AUT:887412,Groceries,Marketul de Cartier
PMT POS POPEYES LOUISIANA KITCHEN Branch 12 RID:34521,Restaurants,Popeyes Louisiana Kitchen
PURCHASE Trattoria Buongiorno Galati #001,Restaurants,Trattoria Buongiorno
PURCHASE hanu lui manuc RO #221,Restaurants,Hanu lui Manuc
PMT POS trattoria il calcio Timisoara #4321,Restaurants,Trattoria il Calcio
PMT POS Diurnă deplasare AFI Cotroceni RID:34521,Salary,Diurnă deplasare
Cumparare ETF VOO Online RID:34521,Investments,ETF VOO
Plata POS SPARTAN Drumul Taberei RO,Restaurants,Spartan
PURCHASE Tour ghidat Roma Cluj 12345,Travel,Tour ghidat Roma
Cumparare salariu net aprilie Brasov,Salary,Salariu Net Aprilie
Plata cu cardul Nike store Drumul Taberei,Other,Nike store
Plata cu cardul LICEUL CANTEMIR ROM AUT:887412,Education,Liceul Cantemir
PURCHASE CEC Bank transfer Iasi (RO),Transfer,CEC Bank transfer
Achizitie Argint investitie Bucuresti 12345,Investments,Argint investitie
PMT medical center bucuresti Park Lake RID:34521,Health,Medical Center Bucuresti
PMT POS BRUTARIA PAUL Bucuresti #4321,Groceries,Brutaria Paul
Cumparare ALIMENTARAXPRESS Cluj #4321,Groceries,AlimentaraXpress
Plata POS PENSIUNE SIBIEL AFI Cotroceni #14,Travel,Pensiune Sibiel
FrontendMasters Online 12345,Education,FrontendMasters
PMT DEGIRO transfer Online AUT:887412,Investments,DEGIRO transfer
Plata POS restaurant hanu' berarilor Park Lake #14,Restaurants,Restaurant Hanu' Berarilor
PMT POS Property Manager fees Park Lake RID:34521,Housing,Property Manager fees
PMT Metrorex Cluj 12345,Transport,Metrorex
Plata POS Pubul Trafic Baneasa RID:34521,Restaurants,Pubul Trafic
POS Massimo Dutti Mall Vitan #4321,Other,Massimo Dutti
PMT agoda Pipera AUT:887412,Travel,Agoda
Plata cu cardul BurgerFest Bucuresti (RO),Restaurants,BurgerFest
POS GOOGLE WORKSPACE AFI Cotroceni 12345,Subscriptions,Google Workspace
Achizitie ETF EUNL Mall,Investments,ETF EUNL
PURCHASE Kraken buy EU #14,Investments,Kraken buy
PMT Florarie Online Store 04 #001,Other,Florarie Online
Achizitie Hipmenu Drumul Taberei #221,Restaurants,Hipmenu
Plata cu cardul EXPEDIA Center #14,Travel,Expedia
PURCHASE Cloudflare Pro Iasi 12345,Subscriptions,Cloudflare Pro
PMT POS P2P payment Ana Cluj #4321,Transfer,P2P payment Ana
PURCHASE BURSA BUCURESTI BVB Iasi #4321,Investments,Bursa Bucuresti BVB
PMT POS MACROMEX Vitan 12345,Groceries,Macromex
PMT Factura internet Mall #221,Utilities,Factura internet
Cumparare Piata Obor Oradea #221,Groceries,Piata Obor
Plata cu cardul Cablu TV + Internet Cluj RID:34521,Utilities,Cablu TV + Internet
Plata cu cardul Douglas magazin Floreasca 12345,Other,Douglas magazin
Achizitie Salariu Net Mai Bucharest #001,Salary,Salariu Net Mai
Plata POS Asigurare calatorie Allianz Pipera #221,Travel,Asigurare calatorie Allianz
Plata POS PIZZERIA 4 AMICI Park Lake RO,Restaurants,Pizzeria 4 Amici
PMT VIRAMENT BCR CATRE BRD EU (RO),Transfer,Virament BCR catre BRD
PURCHASE hotel crowne plaza Vitan #001,Travel,Hotel Crowne Plaza
Plata POS Tesco Drumul Taberei (RO),Groceries,Tesco
PURCHASE BT Capital Invest Floreasca #4321,Investments,BT Capital Invest
PMT DeepL Pro Brasov 12345,Subscriptions,DeepL Pro
Cumparare tim hortons Center RO,Restaurants,Tim Hortons
Plata POS DUNKIN' Downtown #001,Restaurants,Dunkin'
Plata POS CURTEA VECHE BISTRO Bucharest #001,Restaurants,Curtea Veche Bistro
POS BABBEL LEARNING Park Lake RO,Education,Babbel Learning
POS TRIVAGO Promenada #001,Travel,Trivago
Plata POS Vivo Restaurant Downtown RO,Restaurants,Vivo Restaurant
PMT POS BLUE AIR Bucuresti AUT:887412,Travel,Blue Air
PMT POS Auchan Drive Park Lake RID:34521,Groceries,Auchan Drive
Cumparare PATREON MEMBERSHIP Mall Vitan #4321,Subscriptions,Patreon membership
POS Magazin Animale Companie Mall AUT:887412,Other,Magazin Animale Companie
PURCHASE Origo Coffee Sibiu RO,Restaurants,Origo Coffee
POS ICLOUD STORAGE 200GB Center #14,Subscriptions,iCloud Storage 200GB
PMT POS RealEstate Romania Oradea RID:34521,Housing,RealEstate Romania
PMT POS UDEMY COURSE EU 12345,Education,Udemy Course
PMT VANGUARD ETF Brasov #001,Investments,Vanguard ETF
Cumparare MAILCHIMP STANDARD Park Lake #4321,Subscriptions,Mailchimp Standard
PMT POS instalator urgenta Floreasca RID:34521,Housing,Instalator urgenta
Plata cu cardul Twitch subscription Constanta 12345,Entertainment,Twitch subscription
Achizitie RCS-RDS Sun Plaza,Utilities,RCS-RDS
POS CLAUDE.AI Cotroceni RO,Subscriptions,Claude.ai
Plata cu cardul Centrul Medical Pluton Cotroceni RO,Health,Centrul Medical Pluton
PMT POS pizza hut Cotroceni #221,Restaurants,Pizza Hut
Plata cu cardul Salariu ore suplimentare Iasi #221,Salary,Salariu ore suplimentare
PURCHASE CALM APP Vitan #4321,Subscriptions,Calm app
POS Dunkin Donuts Bucharest RID:34521,Restaurants,Dunkin Donuts
POS Bistro Vintage Galati #221,Restaurants,Bistro Vintage
Cumparare Trading212 deposit Brasov RO,Investments,Trading212 deposit
Plata cu cardul WIZZ AIR Brasov #14,Travel,Wizz Air
Plata POS crypto.com RO,Investments,Crypto.com
Plata POS Transfer card to card Constanta RO,Transfer,Transfer card to card
Plata cu cardul rent june Park Lake #001,Housing,RENT JUNE
POS Termoenergetica Iasi 12345,Utilities,Termoenergetica
PURCHASE UPC Romania Park Lake RID:34521,Utilities,UPC Romania
PURCHASE Disney+ Pipera #221,Subscriptions,Disney+
Plata cu cardul SANADOR DIAGNOSTIC Timisoara RID:34521,Health,Sanador Diagnostic
PMT Hertz Rent a Car Mall RO,Travel,Hertz Rent a Car
Cumparare tradeville romania Brasov,Investments,Tradeville Romania
PMT Cloudflare Pro Mall AUT:887412,Subscriptions,Cloudflare Pro
PURCHASE fond mutual nn Mall Vitan AUT:887412,Investments,Fond mutual NN
Achizitie Migros ROM AUT:887412,Groceries,Migros
POS Trading212 deposit Baneasa RID:34521,Investments,Trading212 deposit
PMT DIGI*FACT Store 04 #4321,Utilities,DIGI*FACT
POS xpress market Vitan 12345,Groceries,XPRESS Market
PMT ASIGURARE LOCUINTA Vitan 12345,Housing,Asigurare locuinta
POS CAZARE CAMIN STUDENTI Galati (RO),Education,Cazare camin studenti
POS ASIGURARE TRAVEL CITY Floreasca #4321,Travel,Asigurare travel City
PMT POS RESERVED RO Mall,Other,Reserved RO
farmacia catena Brasov (RO),Health,Farmacia Catena
DISNEY PLUS Mall #14,Subscriptions,Disney Plus
Achizitie Glovo EU RO,Restaurants,Glovo
PURCHASE TRANSFER INTERN Baneasa 12345,Transfer,Transfer intern
Cumparare Colegiul National Lazar Bucharest RO,Education,Colegiul National Lazar
Achizitie STB ABONAMENT ONLINE Pipera #221,Transport,STB Abonament Online
Cumparare PETROM EU (RO),Transport,Petrom
PURCHASE Vivo Restaurant Sibiu RID:34521,Restaurants,Vivo Restaurant
PMT POS salon beauty lounge Online (RO),Other,Salon Beauty Lounge
PMT POS Niro Market Vitan 12345,Groceries,Niro Market
Cumparare LinkedIn Premium RO RID:34521,Subscriptions,LinkedIn Premium
Google Storage ROM #4321,Subscriptions,Google Storage
Bistro French Iasi (RO),Restaurants,Bistro French
PMT POS vel pitar Downtown,Groceries,Vel Pitar
POS STB Ploiesti (RO),Transport,STB
PMT Emirates RO #4321,Travel,Emirates
PMT POS SUPERMARKET LOCAL Sibiu #221,Groceries,Supermarket Local
PMT POS WORKSHOP UI Cluj,Education,Workshop UI
Cumparare DATACAMP PREMIUM Store 04 #14,Education,DataCamp Premium
Plata cu cardul Pizzeria Bonita RO (RO),Restaurants,Pizzeria Bonita
Cumparare LIFECLUB SALA Store 04 RO,Health,Lifeclub Sala
PMT petrom Mall #14,Transport,Petrom
Plata cu cardul Distrigaz Sud Store 04 12345,Utilities,Distrigaz Sud
c&a fashion Bucuresti RO,Other,C&A fashion
Bio Romania Store 04 #001,Groceries,Bio Romania
Plata POS OnlyFans subscription Aviatorilor AUT:887412,Subscriptions,OnlyFans subscription
Plata cu cardul BCR TRANSFER EXTERN Aviatorilor #221,Transfer,BCR transfer extern
PMT POS Bringo Constanta #221,Restaurants,Bringo
PMT Linea Closer to the Moon Cluj #221,Restaurants,Linea Closer to the Moon
INCASARE DE LA ION Oradea #14,Transfer,Incasare de la Ion
POS Evomag Center (RO),Other,Evomag
POS FACTURA GAZE AFI Cotroceni RO,Utilities,Factura gaze
Plata cu cardul adobe creative cloud Oradea,Subscriptions,Adobe Creative Cloud
PURCHASE COFFEE PROJECT Brasov #001,Restaurants,Coffee Project
PURCHASE WOLT SCOOTER Vitan #4321,Transport,Wolt Scooter
PMT asigurare travel city Online #4321,Travel,Asigurare travel City
Achizitie Universitatea Bucuresti Online #4321,Education,Universitatea Bucuresti
chick-fil-a Online RID:34521,Restaurants,Chick-fil-A
Achizitie Carrefour City ROM AUT:887412,Groceries,Carrefour City
PURCHASE Cinemax EU #14,Entertainment,Cinemax
PURCHASE Editura Humanitas Cotroceni #001,Education,Editura Humanitas
POS Profi Online #001,Groceries,Profi
Plata POS Pluralsight Skills Cotroceni,Education,Pluralsight Skills
PMT Vila Predeal Baneasa #221,Travel,Vila Predeal
PURCHASE EXPRESSVPN ROM (RO),Subscriptions,ExpressVPN
Hotel Athenee Palace ROM #14,Travel,Hotel Athenee Palace
Curatenie casa Sibiu 12345,Housing,Curatenie casa
PURCHASE UDEMY BUSINESS Vitan AUT:887412,Education,Udemy Business
POS 1password Floreasca AUT:887412,Subscriptions,1Password
Achizitie PLATA CHIRIE Pipera (RO),Housing,Plata chirie
Achizitie chef burger Iasi (RO),Restaurants,Chef Burger
Plata cu cardul Etihad Airways Mall Vitan #001,Travel,Etihad Airways
PMT Carturesti Online Timisoara RID:34521,Education,Carturesti Online
TINDER GOLD Constanta #14,Subscriptions,Tinder Gold
PMT POS tour ghidat roma Vitan #4321,Travel,Tour ghidat Roma
Plata cu cardul Wok to Walk Brasov (RO),Restaurants,Wok to Walk
PMT ratbv brasov Brasov #4321,Transport,RATBV Brasov
Cumparare Renfe Cluj #4321,Transport,Renfe
PURCHASE Digi Romania Store 04 RID:34521,Utilities,Digi Romania
Cumparare MOL Group Bucuresti #4321,Transport,MOL Group
Cumparare Coffee Lab Branch 12 #14,Restaurants,Coffee Lab
Plata cu cardul foodpanda Iasi AUT:887412,Restaurants,FoodPanda
Cumparare Trattoria Buongiorno Timisoara #4321,Restaurants,Trattoria Buongiorno
Plata cu cardul libraria mihai eminescu EU (RO),Education,Libraria Mihai Eminescu
Cumparare 5toGo Store 04 12345,Restaurants,5toGo
Plata cu cardul Google Workspace Mall Vitan #14,Subscriptions,Google Workspace
Plata POS TICHETE MASA SODEXO EU AUT:887412,Salary,Tichete masa Sodexo
PMT Domo Romania Downtown #14,Other,Domo Romania
PMT POS SALAD BOX Galati,Restaurants,Salad Box
Plata POS Anthropic API Sibiu (RO),Subscriptions,Anthropic API
PMT POS Dr Dentist Timisoara #14,Health,Dr Dentist
POS PLATA CHIRIE IUNIE Sun Plaza (RO),Housing,Plata chirie iunie
OBB Austria Mall Vitan 12345,Transport,OBB Austria
Plata POS Metro Cash & Carry AFI Cotroceni (RO),Groceries,Metro Cash & Carry
Mailchimp Standard Oradea RO,Subscriptions,Mailchimp Standard
Plata POS KFC ROM 12345,Restaurants,KFC
PMT Bolt Romania Ploiesti,Transport,Bolt Romania
Achizitie HERTZ RENT A CAR Sibiu,Travel,Hertz Rent a Car
BEAUTY SALON PRETTY Store 04 #221,Other,Beauty Salon Pretty
Plata cu cardul gazprom Center #4321,Transport,Gazprom
Achizitie TAROM Constanta #001,Travel,TAROM
Achizitie Tichet feribot Timisoara #4321,Travel,Tichet feribot
BURGERKING Iasi RO,Restaurants,BURGERKING
PMT TD AMERITRADE Branch 12 #14,Investments,TD Ameritrade
POS MEGA IMAGE Online #14,Groceries,Mega Image
PMT POS FACTURA GAZE Park Lake #14,Utilities,Factura gaze
Cumparare hidroelectrica Bucuresti #221,Utilities,Hidroelectrica
PMT Revolut stocks Store 04 RO,Investments,Revolut stocks
Cumparare Max.com Bucharest RID:34521,Subscriptions,Max.com
POS raja constanta Store 04 RID:34521,Utilities,Raja Constanta
Plata cu cardul COMISION AGENTIE IMOBILIARA Timisoara 12345,Housing,Comision agentie imobiliara
ASIGURARE LOCUINTA Cotroceni RID:34521,Housing,Asigurare locuinta
PMT Adobe Premiere Pro home Mall 12345,Entertainment,Adobe Premiere Pro home
Plata POS HBO MAX RO Mall 12345,Subscriptions,HBO Max RO
PMT Google Storage Cluj AUT:887412,Subscriptions,Google Storage
coinbase buy Galati #221,Investments,Coinbase buy
Plata cu cardul mol romania Center AUT:887412,Transport,MOL Romania
PURCHASE camin bucuresti Online RO,Education,Camin Bucuresti
Plata POS bonus performanta q1 Online 12345,Salary,Bonus performanta Q1
Bolt.eu Bucuresti RO,Transport,Bolt.eu
POS LIDL Ploiesti,Groceries,Lidl
POS ROMPETROL Floreasca AUT:887412,Transport,Rompetrol
Plata cu cardul STB Floreasca RID:34521,Transport,STB
POS Festival Untold Downtown 12345,Entertainment,Festival Untold
PMT POS Sushi Master Center,Restaurants,Sushi Master
Achizitie CABINET ORTOPEDIE EU 12345,Health,Cabinet Ortopedie
PMT COMISION AGENTIE IMOBILIARA Cluj (RO),Housing,Comision agentie imobiliara
PMT Engie Romania Branch 12 AUT:887412,Utilities,Engie Romania
PURCHASE mol romania Store 04 #001,Transport,MOL Romania
PMT POS SHAKE SHACK Bucharest RO,Restaurants,Shake Shack
Plata POS salubritate urban Cluj #4321,Utilities,Salubritate URBAN
CROITORIE DE LUX Iasi 12345,Other,Croitorie de Lux
POS AVANS CHIRIE Cotroceni (RO),Housing,Avans chirie
Pilates studio Baneasa RO,Health,Pilates studio
DEGIRO deposit Branch 12 #001,Investments,DEGIRO deposit
PMT Dunkin' Center #4321,Restaurants,Dunkin'
POS magazinul de cartier Sun Plaza AUT:887412,Groceries,Magazinul de Cartier
PURCHASE subway Aviatorilor RID:34521,Restaurants,Subway
POS Pilon III pensie privata Downtown (RO),Investments,Pilon III pensie privata
Achizitie OnlyFans subscription Pipera #001,Subscriptions,OnlyFans subscription
Cumparare Apa Nova Sibiu #001,Utilities,Apa Nova
Achizitie Raiffeisen virament Store 04,Transfer,Raiffeisen virament
epic games Aviatorilor #14,Entertainment,Epic Games
Plata cu cardul Sixt Rent a Car Mall AUT:887412,Travel,Sixt Rent a Car
Achizitie Reparatii instalatie sanitara Floreasca 12345,Housing,Reparatii instalatie sanitara
onorariu consultanta Sibiu (RO),Salary,Onorariu consultanta
Plata POS Orange PrePay ROM #001,Utilities,Orange PrePay
PURCHASE Costa Coffee Baneasa #001,Restaurants,Costa Coffee
POS tarom flight Store 04 RID:34521,Transport,Tarom flight
Cumparare Pensie facultativa NN Floreasca #14,Investments,Pensie facultativa NN
Plata POS Uniqlo Ploiesti AUT:887412,Other,Uniqlo
Plata cu cardul steam store Bucharest RO,Entertainment,Steam Store
Cumparare Patiseria Simigerie EU #221,Groceries,Patiseria Simigerie
Cumparare wise transfer Constanta 12345,Transfer,Wise transfer
Plata POS H&M magazin Bucharest 12345,Other,H&M magazin
Cumparare FOTO STUDIO PREMIUM Iasi RO,Other,Foto Studio Premium
Cumparare E.ON ENERGIE ROMANIA Drumul Taberei #221,Utilities,E.ON Energie Romania
Plata POS hotel intercontinental Mall Vitan #4321,Travel,Hotel Intercontinental
Cumparare SKILLSHARE Ploiesti,Education,Skillshare
centrul medical aviatorilor EU (RO),Health,Centrul Medical Aviatorilor
Plata cu cardul xbox game pass Mall,Entertainment,Xbox Game Pass
Plata cu cardul Bringo Ploiesti #4321,Restaurants,Bringo
wise fx Downtown #001,Transfer,Wise FX
Plata POS DIRECT DEPOSIT PAYROLL Constanta (RO),Salary,Direct Deposit Payroll
Cumparare REVOLUT TOP-UP Floreasca #14,Transfer,Revolut top-up
Achizitie CNAIR Rovinieta Park Lake #14,Transport,CNAIR Rovinieta
Cumparare netflix premium Bucharest (RO),Subscriptions,Netflix Premium
PMT POS SMASHBURGER Galati #001,Restaurants,Smashburger
PURCHASE MCD Center RO,Restaurants,McD
Cumparare Deposit rent Drumul Taberei 12345,Housing,Deposit rent
PMT telekom romania Branch 12 #14,Utilities,Telekom Romania
PMT auto service pitesti Sun Plaza (RO),Transport,Auto Service Pitesti
PMT POS SCHIMB EUR-RON BCR Timisoara #221,Transfer,Schimb EUR-RON BCR
PAYROLL APRIL 2026 Store 04 RO,Salary,Payroll April 2026
POS Spartan Sibiu #14,Restaurants,Spartan
Plata cu cardul KFC Cotroceni #001,Restaurants,KFC
PURCHASE Cinema 3D AFI Iasi RID:34521,Entertainment,Cinema 3D AFI
Cumparare Crypto airdrop Bucharest AUT:887412,Investments,Crypto airdrop
PMT POS Webull deposit EU #4321,Investments,Webull deposit
Plata POS service auto andrei Downtown 12345,Transport,Service Auto Andrei
Achizitie DUOLINGO SUPER Vitan RID:34521,Subscriptions,Duolingo Super
Achizitie Lentile contact Online Park Lake 12345,Health,Lentile contact Online
PURCHASE Google Storage Vitan RO,Subscriptions,Google Storage
Cumparare AIR FRANCE Oradea RID:34521,Travel,Air France
PURCHASE Bistro French Oradea RO,Restaurants,Bistro French
PMT CLINICA POLISANO Bucharest AUT:887412,Health,Clinica Polisano
Plata POS Sanador Branch 12 #14,Health,Sanador
Cumparare spitalul sf. pantelimon RO (RO),Health,Spitalul Sf. Pantelimon
PURCHASE Squarespace Plan Store 04 #14,Subscriptions,Squarespace Plan
POS Transfer in lei Vitan RID:34521,Transfer,Transfer in lei
POS Cinema City AFI Downtown,Entertainment,Cinema City AFI
PURCHASE PHARMACY ROK ROM #4321,Health,Pharmacy ROK
Cumparare Workshop UX Branch 12 #4321,Education,Workshop UX
PMT Albinuta Magazin Center #221,Groceries,Albinuta Magazin
PMT excursie italia Park Lake #001,Travel,Excursie Italia
E.ON ENERGIE ROMANIA Downtown AUT:887412,Utilities,E.ON Energie Romania
POS mere pere magazin Center #001,Groceries,Mere Pere magazin
Achizitie statia itp ROM #4321,Transport,Statia ITP
PMT BILETE FOTBAL DINAMO Timisoara #4321,Entertainment,Bilete fotbal Dinamo
Plata POS dm drogerie markt Center AUT:887412,Groceries,DM Drogerie Markt
Achizitie service telefon EU #4321,Other,Service Telefon
Achizitie Setapp ROM AUT:887412,Subscriptions,Setapp
Plata POS World Class Romania EU 12345,Health,World Class Romania
Achizitie UDEMY BUSINESS Bucuresti,Education,Udemy Business
PMT POS Wendy's EU #14,Restaurants,Wendy's
PURCHASE RAT Sibiu AFI Cotroceni RID:34521,Transport,RAT Sibiu
PURCHASE RESTAURANT CENTRUL VECHI RO #221,Restaurants,Restaurant centrul vechi
Plata cu cardul Bootcamp Data Science Online 12345,Education,Bootcamp Data Science
PMT curs corporate training Pipera RO,Education,Curs Corporate Training
PMT CINEMAX Branch 12 #14,Entertainment,Cinemax
POS fiverr payout Floreasca #001,Salary,Fiverr payout
POS SPEAKEASY Park Lake,Restaurants,Speakeasy
Achizitie EDITURA HUMANITAS Mall Vitan #001,Education,Editura Humanitas
PMT POS Netflix Standard Park Lake RID:34521,Subscriptions,Netflix Standard
Cumparare STOCK PURCHASE AAPL Mall Vitan,Investments,Stock purchase AAPL
Achizitie P2P payment Andrei Bucharest,Transfer,P2P payment Andrei
Achizitie Google Workspace EU RO,Subscriptions,Google Workspace
PMT UBER Bucuresti #14,Transport,Uber
POS Etihad Airways Bucharest RID:34521,Travel,Etihad Airways
POS Hard Rock Cafe Mall #4321,Restaurants,Hard Rock Cafe
Plata cu cardul COURSERA SPECIALIZATION Store 04 12345,Education,Coursera Specialization
PMT BURSA BUCURESTI BVB Bucharest,Investments,Bursa Bucuresti BVB
Plata cu cardul Lime Scooter ROM RO,Transport,Lime Scooter
Achizitie CEC VIRAMENT RO #4321,Transfer,CEC virament
Plata cu cardul Rata ipoteca Cluj RO,Housing,Rata ipoteca
Cumparare hipmenu Mall (RO),Restaurants,Hipmenu
POS ASIGURARE CALATORIE ALLIANZ ROM (RO),Travel,Asigurare calatorie Allianz
PMT POS 1Password Family RO AUT:887412,Subscriptions,1Password Family
POS Walmart Grocery Aviatorilor #14,Groceries,Walmart Grocery
Cumparare iCloud Branch 12 RID:34521,Subscriptions,iCloud
PMT Trattoria il Calcio Drumul Taberei AUT:887412,Restaurants,Trattoria il Calcio
Plata POS moneygram receive Ploiesti RID:34521,Transfer,MoneyGram receive
Plata POS vaccinare centrul medical EU 12345,Health,Vaccinare Centrul Medical
Plata cu cardul YOUTUBE PREMIUM Downtown 12345,Subscriptions,YouTube Premium
Plata POS ALIMENTARAXPRESS Bucuresti #221,Groceries,AlimentaraXpress
Cumparare AWS Free Tier EU RO,Subscriptions,AWS Free Tier
Plata POS Donatie ONG Cotroceni RID:34521,Other,Donatie ONG
Distrigaz Sud Cluj RID:34521,Utilities,Distrigaz Sud
Achizitie Biletul Sportiv Branch 12 12345,Entertainment,Biletul Sportiv
Plata cu cardul Viator tour Store 04 (RO),Travel,Viator tour
Achizitie Fond mutual BT Asset Mgmt Center #14,Investments,Fond mutual BT Asset Mgmt
Plata POS CINEMA CITY Cotroceni #221,Entertainment,Cinema City
POS coursera plus Bucharest #001,Education,Coursera Plus
POS p2p crypto exchange EU #14,Investments,P2P crypto exchange
PMT Royalty payment Amazon Oradea 12345,Salary,Royalty payment Amazon
POS BVB tranzactie Pipera RID:34521,Investments,BVB tranzactie
PMT POS farmacia help Center 12345,Health,Farmacia Help
Plata cu cardul foto studio premium Branch 12 RO,Other,Foto Studio Premium
Cumparare TRANSFER IN EUR Drumul Taberei #14,Transfer,Transfer in EUR
Plata cu cardul Opera Nationala Oradea #221,Entertainment,Opera Nationala
PMT FMI BUCURESTI Bucharest 12345,Education,FMI Bucuresti
PMT POS Bio Romania Park Lake #14,Groceries,Bio Romania
PMT Schimb EUR-RON BCR Sibiu RID:34521,Transfer,Schimb EUR-RON BCR
Plata cu cardul hollywood multiplex Oradea 12345,Entertainment,Hollywood Multiplex
PURCHASE PIATA OBOR Galati #001,Groceries,Piata Obor
PMT Payslip ACME SRL Mall 12345,Salary,Payslip ACME SRL
COLEGIU NATIONAL SAVA Cotroceni (RO),Education,Colegiu National Sava
PURCHASE RENT JUNE Bucharest 12345,Housing,RENT JUNE
Cumparare Universitate Tehnica Cluj #221,Education,Universitate Tehnica
Plata POS CROITORIE EXPRESS Branch 12 (RO),Other,Croitorie Express
Cumparare Concert Mihai Margineanu Online AUT:887412,Entertainment,Concert Mihai Margineanu
Cumparare aldi RO AUT:887412,Groceries,Aldi
Cumparare 5-to-Go Brasov #221,Restaurants,5-to-Go
POS schimb valutar bcr Cotroceni AUT:887412,Transfer,Schimb valutar BCR
Plata POS Lidl Plus Baneasa RID:34521,Groceries,Lidl Plus
Plata cu cardul Parcare Piata Victoriei Downtown 12345,Transport,Parcare Piata Victoriei
Cumparare RETIM SERVICII ROM (RO),Utilities,RetiM Servicii
Plata POS Disney+ Baneasa #001,Subscriptions,Disney+
DOMINOS PIZZA Sibiu (RO),Restaurants,Dominos Pizza
Yoga clasa Sun Plaza RO,Health,Yoga clasa
PURCHASE Kentucky Fried Chicken EU #4321,Restaurants,Kentucky Fried Chicken
PURCHASE Inmedio Brasov 12345,Groceries,Inmedio
Cumparare SALARIU NET IUNIE Branch 12 RID:34521,Salary,Salariu Net Iunie
Plata POS Piata Obor Pipera #221,Groceries,Piata Obor
Achizitie Biletul Sportiv Iasi AUT:887412,Entertainment,Biletul Sportiv
PMT Kentucky Fried Chicken Timisoara #221,Restaurants,Kentucky Fried Chicken
POS raja constanta Store 04 (RO),Utilities,Raja Constanta
POS Cosmetic & Food Shop Bucharest RID:34521,Groceries,Cosmetic & Food Shop
PMT POS MAILCHIMP STANDARD Branch 12 #001,Subscriptions,Mailchimp Standard
PURCHASE Sala Palatului concert Vitan AUT:887412,Entertainment,Sala Palatului concert
Plata cu cardul Spalatorie Auto Downtown #221,Transport,Spalatorie Auto
Plata cu cardul babbel subscription Pipera #221,Subscriptions,Babbel subscription
PMT POS BOLT*RIDE Branch 12 #14,Transport,BOLT*RIDE
PURCHASE supermarket local Cluj RID:34521,Groceries,Supermarket Local
Casa Inteligenta administrare AFI Cotroceni AUT:887412,Housing,Casa Inteligenta administrare
Achizitie Tradeville Romania Store 04 RO,Investments,Tradeville Romania
PMT POS Vatra Restaurant Sun Plaza #001,Restaurants,Vatra Restaurant
PURCHASE Fidelity Invest Timisoara,Investments,Fidelity Invest
Achizitie SHELL ROMANIA Constanta,Transport,Shell Romania
Orange Fix Oradea AUT:887412,Utilities,Orange Fix
Achizitie Mercadona Cluj #001,Groceries,Mercadona
PMT E.ON ENERGIE ROMANIA Timisoara #001,Utilities,E.ON Energie Romania
Plata POS Steam Store Bucuresti (RO),Entertainment,Steam Store
PURCHASE Saxo Bank deposit Vitan #221,Investments,Saxo Bank deposit
Cumparare RAT Sibiu Sun Plaza #001,Transport,RAT Sibiu
Plata cu cardul card preplatit up RO,Other,Card preplatit Up
PMT POS YouTube TV Park Lake RO,Subscriptions,YouTube TV
PMT POS PENNY MARKET Baneasa #4321,Groceries,Penny Market
Cumparare salariu net iunie Cluj #4321,Salary,Salariu Net Iunie
Achizitie Pizzeria Presto Downtown,Restaurants,Pizzeria Presto
PMT Clinica Polisano Branch 12 AUT:887412,Health,Clinica Polisano
PURCHASE BurgerFest Vitan AUT:887412,Restaurants,BurgerFest
Achizitie El Torito Mexican AFI Cotroceni #001,Restaurants,El Torito Mexican
POS frontendmasters Vitan (RO),Education,FrontendMasters
Cumparare steam Mall Vitan RID:34521,Entertainment,Steam
Cumparare Lensa.ro Mall 12345,Health,Lensa.ro
PMT PATISERIA SIMIGERIE Cluj #001,Groceries,Patiseria Simigerie
PMT spar Promenada #221,Groceries,Spar
Achizitie hostelworld Floreasca #221,Travel,Hostelworld
TV Cablu Romtelecom Center #4321,Utilities,TV Cablu Romtelecom
PURCHASE Cafenea Aviatorilor Cotroceni (RO),Restaurants,Cafenea Aviatorilor
PURCHASE Centrul Medical Pluton Iasi RO,Health,Centrul Medical Pluton
Plata POS booking.com hotel Park Lake 12345,Travel,Booking.com Hotel
PMT POS Piata Matache ROM RO,Groceries,Piata Matache
Cumparare Crypto.com Baneasa,Investments,Crypto.com
PMT POS Stock purchase AAPL Branch 12 AUT:887412,Investments,Stock purchase AAPL
Achizitie Bootcamp Data Science EU 12345,Education,Bootcamp Data Science
PURCHASE rezervare hotel predeal Mall #221,Travel,Rezervare hotel Predeal
PMT PSIHOLOG CABINET Online,Health,Psiholog Cabinet
PMT HOSTELWORLD Bucuresti AUT:887412,Travel,Hostelworld
PMT metro cash & carry Mall Vitan,Groceries,Metro Cash & Carry
POS Deutsche Bahn Iasi RID:34521,Transport,Deutsche Bahn
LA BRUTARIA Sibiu #14,Restaurants,La Brutaria
Cumparare Croitorie de Lux Ploiesti AUT:887412,Other,Croitorie de Lux
Plata POS BURSA BUCURESTI BVB Online #221,Investments,Bursa Bucuresti BVB
POPEYES LOUISIANA KITCHEN Center #221,Restaurants,Popeyes Louisiana Kitchen
Plata cu cardul întreținere apartament Mall Vitan RID:34521,Housing,Întreținere apartament
PMT Camera din Fata EU (RO),Restaurants,Camera din Fata
PMT POS Manual Editura Niculescu Constanta RID:34521,Education,Manual Editura Niculescu
PURCHASE selgros Branch 12 #14,Groceries,Selgros
Plata cu cardul FESTIVAL ELECTRIC CASTLE Galati AUT:887412,Entertainment,Festival Electric Castle
Achizitie Kaufland Drumul Taberei 12345,Groceries,Kaufland
PMT POS ASOCIATIE PROPRIETARI BLOC 12 Iasi (RO),Housing,Asociatie Proprietari Bloc 12
PMT POS Garantie chirie Baneasa,Housing,Garantie chirie
Plata cu cardul TARGUL DE LEGUME ROM,Groceries,Targul de Legume
Plata POS Au Bon Pain Online #4321,Restaurants,Au Bon Pain
billa Bucharest #14,Groceries,Billa
Achizitie Evomag Ploiesti #4321,Other,Evomag
PMT POS Engie GazNaturale Pipera (RO),Utilities,Engie GazNaturale
Cumparare AIRBNB Galati RO,Travel,Airbnb
PURCHASE eToro deposit Store 04 #4321,Investments,eToro deposit
POS stripe payout Constanta #14,Salary,Stripe payout
acuarela cafe Pipera AUT:887412,Restaurants,Acuarela Cafe
PMT POS ase bucuresti Online (RO),Education,ASE Bucuresti
PMT POS iaBilet EU RO,Entertainment,iaBilet
Cumparare Babbel subscription Vitan,Subscriptions,Babbel subscription
PMT POS VIVRE.RO Cotroceni #221,Other,Vivre.ro
POS Bolt ROM #14,Transport,Bolt
POS Transfer in EUR Baneasa,Transfer,Transfer in EUR
teatrul comedie Store 04 #221,Entertainment,Teatrul Comedie
PMT POS ADIDAS STORE Branch 12 RID:34521,Other,Adidas store
PURCHASE hidroelectrica Brasov #221,Utilities,Hidroelectrica
Plata POS E.ON Bucuresti #221,Utilities,E.ON
POS imobiliare.ro listare Cotroceni #14,Housing,Imobiliare.ro listare
PMT Medicover Downtown RID:34521,Health,Medicover
Plata cu cardul Sinsay Ploiesti AUT:887412,Other,Sinsay
Achizitie Wish.com Sun Plaza #001,Other,Wish.com
FOND MUTUAL NN Store 04 (RO),Investments,Fond mutual NN
hervis sports Park Lake RO,Other,Hervis Sports
POS Editura Polirom carte EU 12345,Education,Editura Polirom carte
POS SUSHI TO GO Timisoara #001,Restaurants,Sushi to Go
Plata POS Revolut top-up Floreasca RID:34521,Transfer,Revolut top-up
PMT POS Bolt.eu Online 12345,Transport,Bolt.eu
PMT ASIGURARE CALATORIE ALLIANZ Store 04 #4321,Travel,Asigurare calatorie Allianz
Cumparare VIETNAMEZA PIPERA Center 12345,Restaurants,Vietnameza Pipera
POS Plata chirie iulie Cotroceni RO,Housing,Plata chirie iulie
PMT POS OPTICA QUATTRO Online AUT:887412,Health,Optica Quattro
Plata cu cardul tichete masa up Cluj RID:34521,Salary,Tichete masa Up
PURCHASE Adobe Premiere Pro home Oradea RID:34521,Entertainment,Adobe Premiere Pro home
POS Curtea Veche Bistro Bucharest 12345,Restaurants,Curtea Veche Bistro
Plata POS Asociatie Proprietari Bloc 5 Online #14,Housing,Asociatie Proprietari Bloc 5
Plata cu cardul add money revolut Store 04 #221,Transfer,Add money Revolut
Plata POS otp virament ROM RID:34521,Transfer,OTP virament
Cumparare ASIGURARE CASA ALLIANZ Baneasa AUT:887412,Housing,Asigurare casa Allianz
POS TEATRUL NATIONAL Oradea #4321,Entertainment,Teatrul National
Achizitie Schimb EUR-RON BCR Ploiesti #221,Transfer,Schimb EUR-RON BCR
Plata cu cardul Intersport Aviatorilor (RO),Other,Intersport
Cumparare Booking.com Hotel Downtown #4321,Travel,Booking.com Hotel
Plata POS Farmacia 24h Bucharest RID:34521,Health,Farmacia 24h
PMT bolt.eu Promenada #14,Transport,Bolt.eu
Plata POS Incasare de la Maria Aviatorilor #14,Transfer,Incasare de la Maria
MOL ROMANIA Oradea #001,Transport,MOL Romania
PMT REVOLUT TOP-UP Promenada RO,Transfer,Revolut top-up
Achizitie Optica Quattro Online RO,Health,Optica Quattro
PMT POS Avis Rent Brasov RID:34521,Travel,Avis Rent
Plata POS Apa Cluj Mall AUT:887412,Utilities,Apa Cluj
POS Mini Market Pipera Baneasa RID:34521,Groceries,Mini Market Pipera
Plata POS 5toGo Mall Vitan #14,Restaurants,5toGo
Eurospar RO RO,Groceries,Eurospar
Achizitie Concert Mihai Margineanu Park Lake AUT:887412,Entertainment,Concert Mihai Margineanu
Plata POS SMASHBURGER Galati 12345,Restaurants,Smashburger
POS Logoped sedinta Floreasca AUT:887412,Health,Logoped sedinta
PURCHASE DISNEY+ RO Sun Plaza #221,Subscriptions,Disney+ RO
Plata POS Beraria H Bucuresti 12345,Restaurants,Beraria H
PMT POS TWITCH SUBSCRIPTION Drumul Taberei #221,Entertainment,Twitch subscription
PURCHASE Libraria Diverta Center RID:34521,Education,Libraria Diverta
PURCHASE COFETARIA DELICE Mall #221,Other,Cofetaria Delice
Plata cu cardul BAUMAX Bucharest #221,Other,BAUMAX
Plata POS mere pere magazin ROM (RO),Groceries,Mere Pere magazin
Steak House Bucuresti Oradea #14,Restaurants,Steak House Bucuresti
POS ÎNTREȚINERE CASA Mall #001,Housing,Întreținere casa
Plata POS BOLT*RIDE Vitan #221,Transport,BOLT*RIDE
PURCHASE KFC Downtown #4321,Restaurants,KFC
PURCHASE vivre.ro Mall Vitan #14,Other,Vivre.ro
POS Medicover Romania Cluj 12345,Health,Medicover Romania
Plata cu cardul KENTUCKY FRIED CHICKEN ROM AUT:887412,Restaurants,Kentucky Fried Chicken
Plata POS TELEKOM MOBILE Bucuresti RID:34521,Utilities,Telekom Mobile
PURCHASE e.on Floreasca AUT:887412,Utilities,E.ON
PMT POS INCASARE DE LA ION AFI Cotroceni RID:34521,Transfer,Incasare de la Ion
PMT POS Hotels.com Center #4321,Travel,Hotels.com
Achizitie Hotel Hilton Sibiu Store 04,Travel,Hotel Hilton Sibiu
Plata POS ApaServ Brasov Timisoara 12345,Utilities,ApaServ Brasov
Chirie apartament ROM RID:34521,Housing,Chirie apartament
TRENITALIA Mall (RO),Transport,Trenitalia
POS etf vuaa Mall Vitan #221,Investments,ETF VUAA
PMT Trivago RO #221,Travel,Trivago
Plata POS Atelier Foto Andrei Pipera #4321,Other,Atelier Foto Andrei
POS Notion Personal Floreasca #001,Subscriptions,Notion Personal
Plata cu cardul Origo Coffee Constanta (RO),Restaurants,Origo Coffee
PMT POS OMV Oradea #001,Transport,OMV
Plata cu cardul bolt scooter Cluj (RO),Transport,Bolt Scooter
PMT CHIRIE LUNA MAI Bucharest,Housing,Chirie luna mai
Plata cu cardul Claude Pro EU RID:34521,Subscriptions,Claude Pro
Plata POS OBB AUSTRIA RO #4321,Transport,OBB Austria
PMT DECONT 7CARD Sun Plaza #001,Salary,Decont 7Card
POS Yango Sun Plaza RO,Transport,Yango
POS BISTROTECA EU AUT:887412,Restaurants,Bistroteca
la doi pasi Center 12345,Groceries,La Doi Pasi
Plata POS MasterClass annual EU,Subscriptions,MasterClass annual
Achizitie Apa Nova Bucuresti Sun Plaza RID:34521,Utilities,Apa Nova Bucuresti
Plata cu cardul Alimentara Express AFI Cotroceni #221,Groceries,Alimentara Express
PMT Booking.com Drumul Taberei RO,Travel,Booking.com
Cumparare BCR TRANSFER EXTERN Online #001,Transfer,BCR transfer extern
Plata cu cardul EasyJet Park Lake #221,Travel,EasyJet
PURCHASE Massimo Dutti RO #001,Other,Massimo Dutti
POS BRUTARIA ANATOLIA Sibiu #4321,Groceries,Brutaria Anatolia
PURCHASE Roblox subscription Bucuresti 12345,Entertainment,Roblox subscription
PMT POS DEGIRO DEPOSIT Bucuresti 12345,Investments,DEGIRO deposit
Plata cu cardul UBER*TRIP EU #14,Transport,UBER*TRIP
Plata cu cardul PayPal transfer Constanta RO,Transfer,PayPal transfer
Plata POS NETLIFY PRO Bucuresti (RO),Subscriptions,Netlify Pro
Plata cu cardul RATB Cotroceni AUT:887412,Transport,RATB
PURCHASE MasterClass course ROM RO,Education,MasterClass course
PMT POS tichete masa up Iasi RID:34521,Salary,Tichete masa Up
Aliexpress order Online RO,Other,Aliexpress order
PMT POS AUDIBLE Online (RO),Subscriptions,Audible
Cumparare IKEA Bucuresti Mall 12345,Other,IKEA Bucuresti
POS parcare aeroport otopeni Ploiesti #001,Transport,Parcare Aeroport Otopeni
PMT sala fitness 7card Branch 12 AUT:887412,Health,Sala fitness 7card
PMT POS concert sala polivalenta Center (RO),Entertainment,Concert Sala Polivalenta
PMT la doi pasi RO,Groceries,La Doi Pasi
Cloudflare Pro Bucharest RID:34521,Subscriptions,Cloudflare Pro
Plata cu cardul Medium membership RO,Subscriptions,Medium membership
Cumparare Coffee Project Drumul Taberei RO,Restaurants,Coffee Project
PMT POS FOTO STUDIO PREMIUM Floreasca,Other,Foto Studio Premium
Plata cu cardul audible Aviatorilor RO,Subscriptions,Audible
CAFFE DEL SUD Brasov (RO),Restaurants,Caffe del Sud
PMT POS DIANA EXPRESS Oradea 12345,Groceries,Diana Express
Plata POS MEDIC DE FAMILIE Store 04 (RO),Health,Medic de familie
Achizitie TERMOFICARE CET Vitan AUT:887412,Utilities,Termoficare CET
POS HARDEE'S Sibiu AUT:887412,Restaurants,Hardee's
Plata cu cardul WORLD CLASS ROMANIA Downtown #001,Health,World Class Romania
Cumparare mega image Downtown,Groceries,Mega Image
Cumparare Piata Matache Drumul Taberei #221,Groceries,Piata Matache
Schimb valutar BCR Constanta RID:34521,Transfer,Schimb valutar BCR
PURCHASE E.ON ENERGIE ROMANIA AFI Cotroceni 12345,Utilities,E.ON Energie Romania
PURCHASE STARBUCKS Park Lake AUT:887412,Restaurants,Starbucks
Plata cu cardul Cabinet Veterinar Pet Doctor Pipera 12345,Other,Cabinet Veterinar Pet Doctor
Plata cu cardul Enel Romania Center #221,Utilities,Enel Romania
OPTIMALL OPTICA Online #14,Health,Optimall optica
PURCHASE McD RO RID:34521,Restaurants,McD
POS UNIVERSITATE TEHNICA AFI Cotroceni RO,Education,Universitate Tehnica
Plata POS Logoped sedinta RO,Health,Logoped sedinta
Plata POS TRANSFER ING TO REVOLUT Vitan #4321,Transfer,Transfer ING to Revolut
Supermarket Local Park Lake 12345,Groceries,Supermarket Local
PMT WORKSHOP UX Vitan #4321,Education,Workshop UX
POS REVOLUT TOP-UP Aviatorilor RO,Transfer,Revolut top-up
PURCHASE Mango shop Baneasa #001,Other,Mango shop
POS protonmail Vitan #221,Subscriptions,ProtonMail
PMT Alimentara Express Bucharest #221,Groceries,Alimentara Express
PURCHASE Tichete vacanta Aviatorilor AUT:887412,Salary,Tichete vacanta
PMT POS vrbo Branch 12 #001,Travel,Vrbo
PURCHASE bolt.eu Oradea #221,Transport,Bolt.eu
PURCHASE DataCamp Bucuresti #221,Education,DataCamp
POS EPIC GAMES Cluj RO,Entertainment,Epic Games
Cumparare DECONT SALARIAL Galati AUT:887412,Salary,Decont salarial
Achizitie autostrada a2 Floreasca 12345,Transport,Autostrada A2
PMT banca transilvania transfer Sibiu (RO),Transfer,Banca Transilvania transfer
PURCHASE Editura Polirom carte ROM #4321,Education,Editura Polirom carte
Achizitie Reteaua Regina Maria Floreasca (RO),Health,Reteaua Regina Maria
Achizitie Hotels.com Online,Travel,Hotels.com
PMT DISCORD NITRO Brasov #14,Entertainment,Discord Nitro
Plata cu cardul Sushi Master Ploiesti 12345,Restaurants,Sushi Master
PMT Garantie chirie Branch 12,Housing,Garantie chirie
PMT POS Salad Box Baneasa RO,Restaurants,Salad Box
Plata POS ACHIZITIE DIVERSA Baneasa,Other,Achizitie diversa
Plata POS Optica Optiblu Sibiu,Health,Optica Optiblu
Achizitie DATACAMP PREMIUM Sun Plaza,Education,DataCamp Premium
POS Vaccinare Centrul Medical Sibiu #4321,Health,Vaccinare Centrul Medical
PAYSLIP TECH CORP Iasi RID:34521,Salary,Payslip Tech Corp
Achizitie ETF SPY Bucuresti #001,Investments,ETF SPY
Achizitie ENGIE ROMANIA Branch 12 #14,Utilities,Engie Romania
POS AIRBNB Vitan RID:34521,Travel,Airbnb
PMT POS ROYALTY PAYMENT AMAZON Center #001,Salary,Royalty payment Amazon
POS Recoltare analize Bucharest RID:34521,Health,Recoltare analize
Cumparare Orange Romania Fixed Brasov #4321,Utilities,Orange Romania Fixed
PURCHASE SALA PALATULUI CONCERT Floreasca #001,Entertainment,Sala Palatului concert
PURCHASE pensiune sinaia Bucharest 12345,Travel,Pensiune Sinaia
Cumparare UNIVERSITATE TEHNICA Center RO,Education,Universitate Tehnica
POS 5toGo Promenada #001,Restaurants,5toGo
Plata POS Bilet avion online Baneasa,Travel,Bilet avion online
PMT Lentile contact Online Vitan #001,Health,Lentile contact Online
Achizitie binance deposit Galati (RO),Investments,Binance deposit
Plata cu cardul cabinet stomatologic bright RO 12345,Health,Cabinet Stomatologic Bright
Plata cu cardul BILLA RO #4321,Groceries,Billa
caffe del sud Branch 12 #4321,Restaurants,Caffe del Sud
PURCHASE P2P crypto exchange Galati AUT:887412,Investments,P2P crypto exchange
Plata POS SETAPP Cotroceni,Subscriptions,Setapp
POS BURGERFEST Downtown #221,Restaurants,BurgerFest
vanguard etf ROM RID:34521,Investments,Vanguard ETF
RATB Store 04 #4321,Transport,RATB
Cumparare Loft Cafe Downtown RID:34521,Restaurants,Loft Cafe
Plata cu cardul CARREFOUR EU #14,Groceries,Carrefour
POS cabinet familie dr. popescu Branch 12 #221,Health,Cabinet Familie Dr. Popescu
Cumparare BOLT ROMANIA Pipera #001,Transport,Bolt Romania
POS Albinuta Magazin Promenada #4321,Groceries,Albinuta Magazin
Achizitie manual editura niculescu Branch 12 (RO),Education,Manual Editura Niculescu
PMT POS INTRETINERE EU #4321,Housing,Intretinere
PMT POS Brutaria Paul Mall Vitan #221,Groceries,Brutaria Paul
Plata cu cardul Pubul Trafic Promenada #4321,Restaurants,Pubul Trafic
PURCHASE Bershka shop Constanta (RO),Other,Bershka shop
vivre.ro Online AUT:887412,Other,Vivre.ro
PMT POS SALARY TRANSFER Baneasa 12345,Salary,SALARY TRANSFER
PMT uber*trip Branch 12 #221,Transport,UBER*TRIP
Cumparare DIGI*FACT Galati RID:34521,Utilities,DIGI*FACT
CEC VIRAMENT Iasi (RO),Transfer,CEC virament
SUPERMARKET LOCAL Center 12345,Groceries,Supermarket Local
Cumparare EON.RO FACTURA Iasi,Utilities,EON.RO factura
Cumparare Grammarly Premium Aviatorilor (RO),Subscriptions,Grammarly Premium
Plata cu cardul Fizioterapie sedinta Mall (RO),Health,Fizioterapie sedinta
Cumparare RENT JULY Timisoara #4321,Housing,RENT JULY
Plata POS TRANSFER BCR TO ING Online 12345,Transfer,Transfer BCR to ING
PURCHASE CINEMA CITY Store 04 (RO),Entertainment,Cinema City
PMT POS SPEAKEASY Bucharest #4321,Restaurants,Speakeasy
Cumparare ETF VWCE Brasov RID:34521,Investments,ETF VWCE
Achizitie Chirie luna iulie Store 04 RID:34521,Housing,Chirie luna iulie
Plata POS MCDS Park Lake #221,Restaurants,MCDS
Cumparare Netlify Pro Constanta RO,Subscriptions,Netlify Pro
Plata POS Bringo Store 04 #14,Restaurants,Bringo
Achizitie REZERVARE AIRBNB CLUJ Galati #14,Travel,Rezervare Airbnb Cluj
Plata POS AeroFlot Park Lake #14,Travel,AeroFlot
carrefour express Cluj #221,Groceries,Carrefour Express
PURCHASE OpenSea purchase NFT Store 04,Investments,OpenSea purchase NFT
POS SOCAR Sun Plaza,Transport,SOCAR
PURCHASE VATRA RESTAURANT Bucharest RO,Restaurants,Vatra Restaurant
PMT disney+ Sun Plaza RO,Subscriptions,Disney+
PMT POS ANAIDA RESTAURANT Iasi RID:34521,Restaurants,Anaida Restaurant
Achizitie Bistro French Galati RID:34521,Restaurants,Bistro French
Plata POS CABINET FAMILIE DR. POPESCU Branch 12 AUT:887412,Health,Cabinet Familie Dr. Popescu
Plata POS EXPRESSVPN Aviatorilor #4321,Subscriptions,ExpressVPN
PMT POS Rata ipoteca Mall #221,Housing,Rata ipoteca
Achizitie Payslip ACME SRL EU #4321,Salary,Payslip ACME SRL
PMT POS Restaurant centrul vechi Baneasa AUT:887412,Restaurants,Restaurant centrul vechi
PMT POS sala palatului concert Constanta (RO),Entertainment,Sala Palatului concert
PURCHASE Citire contor AFI Cotroceni (RO),Utilities,Citire contor
POS Salariu Net Iunie Online RO,Salary,Salariu Net Iunie
POS INCASARE DE LA MARIA Timisoara #001,Transfer,Incasare de la Maria
POS LICEUL CANTEMIR Baneasa #221,Education,Liceul Cantemir
Cumparare Croitorie Express Branch 12 AUT:887412,Other,Croitorie Express
Plata cu cardul hotel intercontinental Center,Travel,Hotel Intercontinental
Plata POS Engie GazNaturale Ploiesti 12345,Utilities,Engie GazNaturale
Cumparare Roblox subscription Sun Plaza #14,Entertainment,Roblox subscription
DISNEY PLUS AFI Cotroceni #14,Subscriptions,Disney Plus
PMT POS HIPMENU Cotroceni 12345,Restaurants,Hipmenu
Plata cu cardul Kraken buy Vitan RID:34521,Investments,Kraken buy
PMT Pub Drumul Taberei RO 12345,Restaurants,Pub Drumul Taberei
Plata POS Termoenergetica Sud Park Lake RO,Utilities,Termoenergetica Sud
Plata cu cardul ENGIE ROMANIA AFI Cotroceni (RO),Utilities,Engie Romania
Achizitie WordPress.com Premium EU 12345,Subscriptions,WordPress.com Premium
PURCHASE IMOBILIARE.RO LISTARE Brasov RID:34521,Housing,Imobiliare.ro listare
Plata cu cardul Camin Bucuresti RO AUT:887412,Education,Camin Bucuresti
POS GAZPROM Timisoara RID:34521,Transport,Gazprom
PMT POS KIKA MOBILIER Brasov #221,Other,Kika mobilier
Arby's Mall Vitan,Restaurants,Arby's
PMT POS Trattoria Buongiorno Brasov AUT:887412,Restaurants,Trattoria Buongiorno
POS Sinsay Mall 12345,Other,Sinsay
Achizitie Tim Hortons Pipera 12345,Restaurants,Tim Hortons
PARK LAKE BOWLING Brasov #14,Entertainment,Park Lake bowling
Plata cu cardul chirie luna iulie Bucharest #221,Housing,Chirie luna iulie
PMT POS VODAFONE ROMANIA Brasov RID:34521,Utilities,Vodafone Romania
PMT POS PETROM STATIE ROM RID:34521,Transport,Petrom Statie
APA REGNAULT Constanta #001,Utilities,Apa Regnault
OPENSEA PURCHASE NFT Store 04,Investments,OpenSea purchase NFT
PURCHASE Royalty payment Amazon Branch 12 RO,Salary,Royalty payment Amazon
PMT rosetta stone Sibiu (RO),Education,Rosetta Stone
PURCHASE Termoenergetica Cotroceni #4321,Utilities,Termoenergetica
Cumparare NOTION PERSONAL Iasi AUT:887412,Subscriptions,Notion Personal
PMT POS airbnb Floreasca #14,Travel,Airbnb
PMT POS TWITCH SUBSCRIPTION Center #221,Entertainment,Twitch subscription
Achizitie STRIPE INTERNAL TRANSFER Online 12345,Transfer,Stripe internal transfer
PMT POS Charles Schwab Center #14,Investments,Charles Schwab
Plata cu cardul Bolt RO 12345,Transport,Bolt
Plata cu cardul Payroll April 2026 Iasi 12345,Salary,Payroll April 2026
POS Trading212 deposit Mall #4321,Investments,Trading212 deposit
Cumparare FARMACIA CATENA Ploiesti #4321,Health,Farmacia Catena
Achizitie Cora Mall Vitan #001,Groceries,Cora
Plata cu cardul PARCARE PIATA VICTORIEI ROM #221,Transport,Parcare Piata Victoriei
Sanador AFI Cotroceni #001,Health,Sanador
concert mihai margineanu EU #14,Entertainment,Concert Mihai Margineanu
Cumparare Bijuterii B&D Bucharest #001,Other,Bijuterii B&D
Achizitie Cauciucuri Premium Online #14,Transport,Cauciucuri Premium
PMT asigurare casa allianz ROM 12345,Housing,Asigurare casa Allianz
Plata cu cardul regina maria Pipera RO,Health,Regina Maria
PMT pilon iii pensie privata Floreasca #14,Investments,Pilon III pensie privata
Orange Romania Constanta AUT:887412,Utilities,Orange Romania
Cumparare PARKING MALL Bucuresti RO,Transport,Parking Mall
Plata POS ROMPETROL RO AUT:887412,Transport,Rompetrol
Cumparare MedLife Downtown RID:34521,Health,MedLife
PMT roviniete online RO #14,Transport,Roviniete Online
PMT POS MACROMEX Store 04 RID:34521,Groceries,Macromex
PURCHASE ASIGURARE CASA ALLIANZ Brasov RID:34521,Housing,Asigurare casa Allianz
POS opera bucuresti Center #221,Entertainment,Opera Bucuresti
PMT POS Manual Editura Niculescu Bucharest #4321,Education,Manual Editura Niculescu
PURCHASE SUSHI MASTER Center #14,Restaurants,Sushi Master
PMT cofetaria capsa Park Lake #001,Other,Cofetaria Capsa
Plata cu cardul Salariu luna mai Online #14,Salary,Salariu luna mai
PMT POS Restaurantul La Mama RO #221,Restaurants,Restaurantul La Mama
PURCHASE electrica furnizare Iasi #001,Utilities,Electrica Furnizare
Achizitie SALARIU NET IUNIE Sibiu RID:34521,Salary,Salariu Net Iunie
Cumparare Pet Shop Animalier Downtown,Other,Pet Shop Animalier
Plata cu cardul WENDY'S Aviatorilor #001,Restaurants,Wendy's
POS synevo laborator Ploiesti RO,Health,Synevo Laborator
Plata cu cardul CAFFE DEL SUD Sun Plaza 12345,Restaurants,Caffe del Sud
Plata POS hardee's Baneasa RO,Restaurants,Hardee's
Achizitie UNISWAP SWAP Promenada #14,Investments,Uniswap swap
Plata POS FIDELITY INVEST Brasov 12345,Investments,Fidelity Invest
POS BOOTCAMP DATA SCIENCE ROM AUT:887412,Education,Bootcamp Data Science
PMT POS LEROY MERLIN Bucharest RO,Other,Leroy Merlin
PMT POS Profi City ROM RID:34521,Groceries,Profi City
Plata POS OpenSea purchase NFT Oradea (RO),Investments,OpenSea purchase NFT
POS AeroItalia Iasi (RO),Travel,AeroItalia
PMT POS Terasa Vara Herastrau Downtown #221,Restaurants,Terasa Vara Herastrau
PMT POS DEGIRO TRANSFER Downtown #221,Investments,DEGIRO transfer
PURCHASE OFFICE 365 Pipera RID:34521,Subscriptions,Office 365
PMT POS E.ON Bucharest #4321,Utilities,E.ON
Achizitie DENTIST BRILLIANT Mall 12345,Health,Dentist Brilliant
Achizitie bcr transfer extern Bucuresti #001,Transfer,BCR transfer extern
Achizitie Xbox Game Pass Online #4321,Entertainment,Xbox Game Pass
Achizitie Smashburger Pipera RID:34521,Restaurants,Smashburger
PMT SUBWAY SANDWICH Baneasa,Restaurants,SUBWAY SANDWICH
PMT POS SUPERMARKET LOCAL Oradea #4321,Groceries,Supermarket Local
Cumparare administrator bloc 28 AFI Cotroceni (RO),Housing,Administrator bloc 28
PURCHASE Mobexpert Timisoara #221,Other,Mobexpert
Achizitie decont deplasare Center #001,Salary,Decont deplasare
PMT POS JOC PC STEAM Pipera 12345,Entertainment,Joc PC Steam
POS carwash express RO (RO),Transport,Carwash Express
POS BUMBLE PREMIUM Online #221,Subscriptions,Bumble Premium
DIGI*FACT EU #14,Utilities,DIGI*FACT
Plata POS Mega Image RO #221,Groceries,Mega Image
POS COFFEE LAB Park Lake RO,Restaurants,Coffee Lab
Plata POS Cinemax Iulius Mall Vitan RID:34521,Entertainment,Cinemax Iulius Mall
cabinet stomatologic smile Baneasa #4321,Health,Cabinet Stomatologic Smile
Achizitie restaurant centrul vechi Bucuresti #14,Restaurants,Restaurant centrul vechi
POS Popeyes Louisiana Kitchen Brasov #001,Restaurants,Popeyes Louisiana Kitchen
Plata cu cardul PayPal payout Downtown AUT:887412,Transfer,PayPal payout
PURCHASE BILLA Bucuresti 12345,Groceries,Billa
Cumparare mcdonald's Drumul Taberei AUT:887412,Restaurants,McDonald's
marionnaud Oradea 12345,Other,Marionnaud
Plata cu cardul piata matache Center #4321,Groceries,Piata Matache
POS DECONT DEPLASARE Constanta #4321,Salary,Decont deplasare
Achizitie Salad Box Promenada 12345,Restaurants,Salad Box
Plata POS TRADING 212 DEPOSIT Vitan #001,Investments,Trading 212 deposit
Plata cu cardul Asigurare calatorie Allianz Cluj #001,Travel,Asigurare calatorie Allianz
Plata POS Pret a Manger Sibiu #221,Restaurants,Pret a Manger
POS udemy Vitan AUT:887412,Education,Udemy
Cumparare Transfer in lei Timisoara #4321,Transfer,Transfer in lei
Cumparare Pull&Bear Cotroceni 12345,Other,Pull&Bear
Achizitie Mic.ro Bucuresti AUT:887412,Groceries,Mic.ro
PURCHASE RCS RDS RO #4321,Utilities,RCS RDS
POS restaurant hanu' berarilor Sun Plaza #001,Restaurants,Restaurant Hanu' Berarilor
Opera Nationala Oradea (RO),Entertainment,Opera Nationala
PMT POS BILETE FOTBAL DINAMO Pipera #001,Entertainment,Bilete fotbal Dinamo
BABBEL SUBSCRIPTION Center 12345,Subscriptions,Babbel subscription
PURCHASE statia itp Store 04 AUT:887412,Transport,Statia ITP
PMT POS Pensiune Sibiel Park Lake #14,Travel,Pensiune Sibiel
Acuarela Cafe Floreasca,Restaurants,Acuarela Cafe
Cumparare Transfer intern Promenada #14,Transfer,Transfer intern
Cumparare disney plus Oradea,Subscriptions,Disney Plus
Achizitie Adobe Premiere Pro home AFI Cotroceni,Entertainment,Adobe Premiere Pro home
OPENAI CHATGPT Constanta #221,Subscriptions,OpenAI ChatGPT
Achizitie PSN Store Constanta RO,Entertainment,PSN Store
POS TEATRUL COMEDIE Timisoara (RO),Entertainment,Teatrul Comedie
Cumparare payslip acme srl Floreasca RID:34521,Salary,Payslip ACME SRL
Achizitie fresca Sibiu (RO),Restaurants,Fresca
POS VODAFONE CABLE Center RO,Utilities,Vodafone Cable
Plata POS Uniswap swap Downtown #14,Investments,Uniswap swap
Cumparare Domino's Pipera #14,Restaurants,Domino's
sanador diagnostic Sun Plaza #4321,Health,Sanador Diagnostic
PURCHASE petrom Mall Vitan RO,Transport,Petrom
PMT POS Lensa.ro Sibiu RID:34521,Health,Lensa.ro
Plata cu cardul Aldi Galati 12345,Groceries,Aldi
PMT POS Bank to bank SWIFT AFI Cotroceni #14,Transfer,Bank to bank SWIFT
black cab Sun Plaza #14,Transport,Black Cab
Cumparare IMOBILIARE.RO LISTARE Sibiu RID:34521,Housing,Imobiliare.ro listare
PMT Bowling Cosmos ROM RO,Entertainment,Bowling Cosmos
PMT POS MERE PERE MAGAZIN Sibiu RO,Groceries,Mere Pere magazin
POS CABINET STOMATOLOGIC SMILE AFI Cotroceni RID:34521,Health,Cabinet Stomatologic Smile
PMT POS fiverr payout Vitan,Salary,Fiverr payout
Cumparare Termoficare CET RO #001,Utilities,Termoficare CET
Cumparare Notion AI Drumul Taberei AUT:887412,Subscriptions,Notion AI
PMT POS Atelier Foto Andrei Downtown #001,Other,Atelier Foto Andrei
Achizitie OLX Imobiliare Pipera AUT:887412,Housing,OLX Imobiliare
Achizitie reteaua regina maria Constanta #4321,Health,Reteaua Regina Maria
Cumparare TARGUL DE LEGUME Drumul Taberei RID:34521,Groceries,Targul de Legume
PMT POS COURSERA PLUS ANNUAL Sun Plaza #001,Subscriptions,Coursera Plus annual
PURCHASE Petrom Iasi AUT:887412,Transport,Petrom
Petrom Store 04 12345,Transport,Petrom
POS AUTO SERVICE PITESTI Brasov 12345,Transport,Auto Service Pitesti
Achizitie Salariu ore suplimentare Baneasa 12345,Salary,Salariu ore suplimentare
PMT Apa Regnault Drumul Taberei #221,Utilities,Apa Regnault
Plata cu cardul dropbox plus Pipera AUT:887412,Subscriptions,Dropbox Plus
PMT Enterprise Car Rental EU AUT:887412,Travel,Enterprise Car Rental
PMT Tour ghidat Roma Store 04 12345,Travel,Tour ghidat Roma
PURCHASE Bistro Vintage Oradea 12345,Restaurants,Bistro Vintage
PMT Concert Mihai Margineanu Sun Plaza (RO),Entertainment,Concert Mihai Margineanu
Achizitie REALESTATE ROMANIA Vitan #221,Housing,RealEstate Romania
PMT Crypto airdrop Floreasca AUT:887412,Investments,Crypto airdrop
Plata cu cardul Synevo Timisoara #001,Health,Synevo
Cumparare Google Workspace Galati 12345,Subscriptions,Google Workspace
PMT POS ROBINHOOD DEPOSIT Sibiu,Investments,Robinhood deposit
Plata POS CARREFOUR CITY Bucuresti #4321,Groceries,Carrefour City
Cumparare lidl plus ROM (RO),Groceries,Lidl Plus
POS teatrul comedie Timisoara 12345,Entertainment,Teatrul Comedie
PMT POS WAGE TRANSFER Bucharest RO,Salary,Wage Transfer
Achizitie udemy course Cluj #4321,Education,Udemy Course
REBU BUCURESTI Cotroceni RO,Utilities,REBU Bucuresti
Cumparare brd transfer extern Cotroceni #14,Transfer,BRD transfer extern
POS World Class Romania Timisoara 12345,Health,World Class Romania
Achizitie ASE TAXA MASTER RO #14,Education,ASE Taxa Master
PMT POS Farmacia Sensiblu Mall Vitan AUT:887412,Health,Farmacia Sensiblu
PMT Curatenie apartament Baneasa #4321,Housing,Curatenie apartament
Plata cu cardul APPLE ONE Vitan #4321,Subscriptions,Apple One
PMT Vrbo ROM RID:34521,Travel,Vrbo
PMT instalator urgenta ROM #4321,Housing,Instalator urgenta
Achizitie interactive brokers Ploiesti #4321,Investments,Interactive Brokers
Achizitie Parking Mall Bucharest RO,Transport,Parking Mall
PURCHASE Interactive Brokers Galati,Investments,Interactive Brokers
Plata POS PIZZA HUT Cotroceni (RO),Restaurants,Pizza Hut
Plata cu cardul RENT MAY Galati,Housing,RENT MAY
Achizitie CITIRE CONTOR Online #4321,Utilities,Citire contor
Achizitie FACTURA CURENT EU (RO),Utilities,Factura curent
Plata POS ROVINIETE ONLINE Online AUT:887412,Transport,Roviniete Online
PMT POS 5TOGO Iasi #14,Restaurants,5toGo
Plata POS McD Ploiesti #001,Restaurants,McD
PURCHASE transfer bcr to ing Cluj 12345,Transfer,Transfer BCR to ING
Achizitie MEGA BIO Cotroceni 12345,Groceries,Mega Bio
Plata cu cardul TD Ameritrade EU AUT:887412,Investments,TD Ameritrade
PMT POS etf eunl Galati RO,Investments,ETF EUNL
Plata cu cardul KLM Baneasa,Travel,KLM
Plata cu cardul Mortgage payment Center #221,Housing,Mortgage payment
PMT POS Asociatie Proprietari Bloc 12 Drumul Taberei #001,Housing,Asociatie Proprietari Bloc 12
POS DIRECT DEPOSIT PAYROLL Sun Plaza (RO),Salary,Direct Deposit Payroll
Cumparare TAXI CRIS Online 12345,Transport,Taxi Cris
PMT POS LA BRUTARIA Park Lake #4321,Restaurants,La Brutaria
Plata POS Auchan Park Lake RID:34521,Groceries,Auchan
PURCHASE easyjet Sun Plaza #001,Travel,EasyJet
PMT POS C&A fashion Bucharest (RO),Other,C&A fashion
Plata POS saxo bank trade Ploiesti,Investments,Saxo Bank trade
PMT DECONT SALARIAL Cluj RO,Salary,Decont salarial
real estate reit RO #4321,Investments,Real estate REIT
bvb tranzactie Downtown RO,Investments,BVB tranzactie
PURCHASE iaBilet concert Ploiesti #4321,Entertainment,iaBilet concert
Plata POS TERMOENERGETICA Center #001,Utilities,Termoenergetica
Plata POS SALARY EMPLOYER Branch 12 #14,Salary,SALARY EMPLOYER
POS ASIGURARE APARTAMENT Timisoara RO,Housing,Asigurare apartament
PMT POS Asociatie locatari sect 1 Branch 12 RID:34521,Housing,Asociatie locatari sect 1
PURCHASE Massimo Dutti Online AUT:887412,Other,Massimo Dutti
PMT colegiu national sava Oradea AUT:887412,Education,Colegiu National Sava
PMT POS JOC PC STEAM Iasi RO,Entertainment,Joc PC Steam
Achizitie LICEUL CANTEMIR Iasi #4321,Education,Liceul Cantemir
autostrada a2 Mall Vitan 12345,Transport,Autostrada A2
PURCHASE iaBilet Cluj #4321,Entertainment,iaBilet
POS MERE PERE MAGAZIN Mall #221,Groceries,Mere Pere magazin
Cumparare Transfer card to card Downtown,Transfer,Transfer card to card
PMT POS etoro buy Pipera AUT:887412,Investments,eToro buy
Plata cu cardul Brutaria Paul Center #14,Groceries,Brutaria Paul
Plata POS JD SPORTS ROM AUT:887412,Other,JD Sports
POS OTP virament Iasi AUT:887412,Transfer,OTP virament
Plata cu cardul AUDIBLE Pipera AUT:887412,Subscriptions,Audible
Bootcamp Coding Ploiesti RO,Education,Bootcamp Coding
Plata cu cardul ETF VWCE Floreasca,Investments,ETF VWCE
PMT POS eventim bilet ROM #001,Entertainment,Eventim Bilet
PURCHASE Codecademy ROM #4321,Education,Codecademy
PMT SANADOR Brasov RID:34521,Health,Sanador
Cumparare Disney+ RO Constanta 12345,Subscriptions,Disney+ RO
Achizitie Cloudflare Pro Aviatorilor (RO),Subscriptions,Cloudflare Pro
Plata cu cardul TRANSFER BCR TO ING EU (RO),Transfer,Transfer BCR to ING
Cumparare RYANAIR Timisoara,Travel,Ryanair
1password Online #4321,Subscriptions,1Password
PMT POS PHARMACY ROK Drumul Taberei,Health,Pharmacy ROK
PMT POS RATA CREDIT IPOTECAR Bucuresti #4321,Housing,Rata credit ipotecar
shein order Galati #221,Other,Shein order
Achizitie IKEA Bucuresti Vitan (RO),Other,IKEA Bucuresti
Plata cu cardul Trivago Promenada 12345,Travel,Trivago
Plata cu cardul Teatrul Bulandra Sibiu #221,Entertainment,Teatrul Bulandra
Plata POS salariu net iunie Mall Vitan RO,Salary,Salariu Net Iunie
PURCHASE Kraken purchase AFI Cotroceni,Investments,Kraken purchase
Plata POS wage transfer Constanta #001,Salary,Wage Transfer
PMT Mere Pere magazin Promenada,Groceries,Mere Pere magazin
Cumparare ING HOME'BANK TRANSFER Store 04 #4321,Transfer,ING Home'Bank transfer
ORANGE PREPAY Galati #001,Utilities,Orange PrePay
PMT CEC VIRAMENT Brasov 12345,Transfer,CEC virament
Plata cu cardul ADMINISTRATOR BLOC 28 Downtown 12345,Housing,Administrator bloc 28
amazon order Mall Vitan #14,Other,Amazon order
Plata POS STB Bucuresti RID:34521,Transport,STB
PMT Penny Sibiu,Groceries,Penny
Plata POS deposit rent Online RID:34521,Housing,Deposit rent
Achizitie IMOBILIARE.RO LISTARE Constanta,Housing,Imobiliare.ro listare
Plata POS Întreținere apartament Drumul Taberei #001,Housing,Întreținere apartament
PMT restaurant centrul vechi Center RO,Restaurants,Restaurant centrul vechi
PURCHASE BONUS PERFORMANTA Q2 Center #001,Salary,Bonus performanta Q2
PMT TRANSFER BCR TO ING Iasi RID:34521,Transfer,Transfer BCR to ING
Plata POS HOTEL CROWNE PLAZA Park Lake #14,Travel,Hotel Crowne Plaza
PMT caru' cu bere Sun Plaza (RO),Restaurants,Caru' cu Bere
PMT Workshop UI ROM RID:34521,Education,Workshop UI
Plata cu cardul BROKER BT CAPITAL Pipera #221,Investments,Broker BT Capital
POS Property Manager fees Mall Vitan #4321,Housing,Property Manager fees
Achizitie bt capital invest Cluj #14,Investments,BT Capital Invest
Cumparare FESTIVAL UNTOLD Ploiesti AUT:887412,Entertainment,Festival Untold
Plata cu cardul Eventim Brasov RID:34521,Entertainment,Eventim
Plata cu cardul fmi ubb Timisoara 12345,Education,FMI UBB
PMT pluralsight skills Floreasca AUT:887412,Education,Pluralsight Skills
Cumparare ING Home'Bank transfer Branch 12,Transfer,ING Home'Bank transfer
Cumparare hbo max ro Iasi (RO),Subscriptions,HBO Max RO
POS RATBV BRASOV Branch 12 12345,Transport,RATBV Brasov
Plata POS Spalatorie Auto Vitan RO,Transport,Spalatorie Auto
POS PARK LAKE BOWLING AFI Cotroceni #4321,Entertainment,Park Lake bowling
Plata cu cardul COFFEE LAB RO,Restaurants,Coffee Lab
opera nationala Store 04 #001,Entertainment,Opera Nationala
Cumparare CURTEA VECHE BISTRO Galati #14,Restaurants,Curtea Veche Bistro
Brilliant.org Constanta AUT:887412,Education,Brilliant.org
Plata POS CRYPTO.COM Bucharest #221,Investments,Crypto.com
POS SPOTIFY Oradea (RO),Subscriptions,Spotify
Cumparare HOTEL HILTON SIBIU Sun Plaza #001,Travel,Hotel Hilton Sibiu
Cumparare Adobe Creative Cloud Ploiesti RID:34521,Subscriptions,Adobe Creative Cloud
PMT POS ASE Bucuresti Aviatorilor AUT:887412,Education,ASE Bucuresti
Plata cu cardul workshop ui AFI Cotroceni #14,Education,Workshop UI
Achizitie PHARMACY 24/7 Store 04 #14,Health,Pharmacy 24/7
Cumparare Squarespace Plan Bucharest #4321,Subscriptions,Squarespace Plan
PMT fresh corner Park Lake #4321,Groceries,Fresh Corner
PMT POS Patreon membership Brasov #001,Subscriptions,Patreon membership
Cumparare Dunkin Donuts RO #001,Restaurants,Dunkin Donuts
Payroll June 2026 Vitan #221,Salary,Payroll June 2026
Plata cu cardul Direct Deposit Payroll Floreasca,Salary,Direct Deposit Payroll
Plata cu cardul ETF SXR8 Bucuresti #001,Investments,ETF SXR8
PMT POS Cabinet Stomatologic Bright Bucuresti #001,Health,Cabinet Stomatologic Bright
Casa Rusu mobilier ROM 12345,Other,Casa Rusu mobilier
PMT Profi City Drumul Taberei #14,Groceries,Profi City
STORIA.RO LISTARE Drumul Taberei #4321,Housing,Storia.ro listare
DEEPL PRO Iasi (RO),Subscriptions,DeepL Pro
Cumparare Întreținere apartament Drumul Taberei #001,Housing,Întreținere apartament
POS Asociatie locatari sect 1 Oradea #4321,Housing,Asociatie locatari sect 1
PURCHASE Medium membership Pipera #001,Subscriptions,Medium membership
PMT PLATA ONLINE GENERIC Vitan AUT:887412,Other,Plata online generic
PURCHASE eurospar EU #221,Groceries,Eurospar
Plata cu cardul curatatorie chimica RO RO,Other,Curatatorie chimica
PURCHASE SPOTIFY PREMIUM Iasi RID:34521,Subscriptions,Spotify Premium
POS SUPECO Pipera RID:34521,Groceries,Supeco
Plata POS Apometru index Constanta #221,Utilities,Apometru index
PURCHASE CHIRIE STUDIO Drumul Taberei AUT:887412,Housing,Chirie studio
MCDS Cotroceni #4321,Restaurants,MCDS
PURCHASE Vietnameza Pipera Brasov AUT:887412,Restaurants,Vietnameza Pipera
Plata POS CFR BILET ONLINE Park Lake AUT:887412,Transport,CFR Bilet Online
Plata cu cardul boromir prod Cotroceni RID:34521,Groceries,Boromir Prod
PMT Booking.com ROM #221,Travel,Booking.com
Achizitie Smashburger Mall AUT:887412,Restaurants,Smashburger
POS burger king Sun Plaza #221,Restaurants,Burger King
Achizitie Qatar Airways EU RO,Travel,Qatar Airways
Plata POS Salon Beauty Lounge Center,Other,Salon Beauty Lounge
POS Renfe Bucuresti #14,Transport,Renfe
Plata cu cardul E.ON Downtown,Utilities,E.ON
Cumparare Florarie Diana Floreasca RO,Other,Florarie Diana
Achizitie Patreon membership Downtown RID:34521,Subscriptions,Patreon membership
POS Service Auto Andrei Aviatorilor RO,Transport,Service Auto Andrei
POS VIVO RESTAURANT Online #001,Restaurants,Vivo Restaurant
PURCHASE ÎNTREȚINERE APARTAMENT Oradea #4321,Housing,Întreținere apartament
TAZZ Cluj,Restaurants,Tazz
Plata cu cardul Magazinul de Cartier Center AUT:887412,Groceries,Magazinul de Cartier
PURCHASE Popeyes Louisiana Kitchen Cotroceni RO,Restaurants,Popeyes Louisiana Kitchen
Turkish Airlines Galati #4321,Travel,Turkish Airlines
POS FrontendMasters Oradea #14,Education,FrontendMasters
PURCHASE RealEstate Romania Online RO,Housing,RealEstate Romania
Plata POS bistroteca Bucharest RID:34521,Restaurants,Bistroteca
Plata POS MOL GROUP Bucuresti #4321,Transport,MOL Group
BT transfer Iasi AUT:887412,Transfer,BT transfer
PMT POS Plata chirie iunie AFI Cotroceni AUT:887412,Housing,Plata chirie iunie
POS piata amzei ROM AUT:887412,Groceries,Piata Amzei
Achizitie Apple One Bucharest #4321,Subscriptions,Apple One
PMT Asociatie Proprietari Bloc 5 Online AUT:887412,Housing,Asociatie Proprietari Bloc 5
Plata POS spitalul elias Cotroceni #221,Health,Spitalul Elias
Cumparare WALMART GROCERY Store 04 RO,Groceries,Walmart Grocery
Deposit rent Bucharest AUT:887412,Housing,Deposit rent
POS treehouse Brasov AUT:887412,Education,Treehouse
Plata cu cardul Camera din Fata Ploiesti RID:34521,Restaurants,Camera din Fata
PROFI CITY Drumul Taberei #221,Groceries,Profi City
Plata POS Pizzeria 4 Amici ROM (RO),Restaurants,Pizzeria 4 Amici
PMT DATACAMP Center (RO),Education,DataCamp
Plata cu cardul RATBV BRASOV Downtown (RO),Transport,RATBV Brasov
Plata cu cardul hotel marriott bucuresti Bucuresti RO,Travel,Hotel Marriott Bucuresti
PMT POS about you RO #221,Other,About You
PMT plata contract drepturi autor Floreasca RO,Salary,Plata contract drepturi autor
Plata POS Regina Maria Online AUT:887412,Health,Regina Maria
Plata POS apple one Bucharest #4321,Subscriptions,Apple One
POS OTP virament Park Lake (RO),Transfer,OTP virament
Plata POS Frizerie Elite Mall RO,Other,Frizerie Elite
Plata POS libraria mihai eminescu Timisoara #14,Education,Libraria Mihai Eminescu
Plata cu cardul DUOLINGO SUPER Bucuresti RO,Subscriptions,Duolingo Super
POS metamask transaction Timisoara RO,Investments,MetaMask transaction
Achizitie Chef Burger ROM #4321,Restaurants,Chef Burger
PMT CINEMA 3D AFI Drumul Taberei #221,Entertainment,Cinema 3D AFI
Plata cu cardul HOTEL ATHENEE PALACE Iasi #4321,Travel,Hotel Athenee Palace
PMT Add money Revolut Branch 12 12345,Transfer,Add money Revolut
PMT POS Reteaua Regina Maria EU (RO),Health,Reteaua Regina Maria
Cumparare Cinema 3D AFI Downtown #4321,Entertainment,Cinema 3D AFI
POS Microsoft 365 Family Downtown RID:34521,Subscriptions,Microsoft 365 Family
PMT Chef Burger Promenada #221,Restaurants,Chef Burger
Achizitie HELPNET Baneasa,Health,HelpNet
PURCHASE Wish.com Baneasa AUT:887412,Other,Wish.com
PURCHASE fashion days Promenada AUT:887412,Other,Fashion Days
Cumparare OpenAI ChatGPT Bucharest #221,Subscriptions,OpenAI ChatGPT
PURCHASE Tazz Downtown,Restaurants,Tazz
PMT POS FRESCA Baneasa,Restaurants,Fresca
PURCHASE Blue Air Downtown AUT:887412,Travel,Blue Air
POS crypto.com Galati,Investments,Crypto.com
PMT FREENOW Bucharest RO,Transport,FreeNow
PURCHASE avis rent Constanta 12345,Travel,Avis Rent
Achizitie ARGINT INVESTITIE Iasi #4321,Investments,Argint investitie
POS AVIS RENT RO (RO),Travel,Avis Rent
Achizitie AlimentaraXpress Timisoara RID:34521,Groceries,AlimentaraXpress
Achizitie Robinhood deposit Downtown #001,Investments,Robinhood deposit
Plata POS HOTEL CISMIGIU EU #14,Travel,Hotel Cismigiu
PMT POS Domino's Pipera #221,Restaurants,Domino's
PMT Medicover Romania Brasov #001,Health,Medicover Romania
PURCHASE Apa Regnault ROM AUT:887412,Utilities,Apa Regnault
Cumparare BABBEL LEARNING Online #221,Education,Babbel Learning
rent june Mall Vitan RO,Housing,RENT JUNE
PMT NORDVPN Store 04 AUT:887412,Subscriptions,NordVPN
POS ASIGURARE APARTAMENT Baneasa (RO),Housing,Asigurare apartament
PMT Kayak Center AUT:887412,Travel,Kayak
PMT mega image Brasov RO,Groceries,Mega Image
Plata cu cardul bolt.eu Store 04 #14,Transport,Bolt.eu
Plata POS SALARY EMPLOYER Bucuresti #14,Salary,SALARY EMPLOYER
PMT POS onorariu consultanta Drumul Taberei RID:34521,Salary,Onorariu consultanta
POS rosetta stone Timisoara 12345,Education,Rosetta Stone
PMT POS LOGOPED SEDINTA Center #4321,Health,Logoped sedinta
PMT Tim Hortons Oradea (RO),Restaurants,Tim Hortons
PURCHASE Claude Pro Bucharest #14,Subscriptions,Claude Pro
Plata cu cardul Bio Romania AFI Cotroceni #4321,Groceries,Bio Romania
Cumparare Coffee Shop Bohemia Vitan #001,Restaurants,Coffee Shop Bohemia
PURCHASE SANADOR Galati 12345,Health,Sanador
Achizitie Black Cab Sun Plaza #221,Transport,Black Cab
Vaccinare Centrul Medical Promenada #221,Health,Vaccinare Centrul Medical
Plata cu cardul ESCAPE ROOM LOGICA EU #14,Entertainment,Escape Room Logica
Plata cu cardul Synevo Laborator EU,Health,Synevo Laborator
LinkedIn Learning Center #221,Education,LinkedIn Learning
Cumparare DEGIRO deposit Online 12345,Investments,DEGIRO deposit
POS Bijuterii B&D Ploiesti #14,Other,Bijuterii B&D
Plata POS Storia.ro listare Branch 12 AUT:887412,Housing,Storia.ro listare
Cumparare VULCANIZARE AUTO Vitan AUT:887412,Transport,Vulcanizare Auto
PMT Achizitie diversa Baneasa #14,Other,Achizitie diversa
MAGAZIN MIXT Store 04 #4321,Groceries,Magazin Mixt
Cumparare COFETARIA DELICE ROM AUT:887412,Other,Cofetaria Delice
Plata cu cardul Garantie chirie Pipera RID:34521,Housing,Garantie chirie
PURCHASE CARREFOUR CITY Drumul Taberei RID:34521,Groceries,Carrefour City
Cumparare Bricolaj Dedeman Online RID:34521,Other,Bricolaj Dedeman
PURCHASE SUBSTACK SUBSCRIPTION Mall #14,Subscriptions,Substack subscription
Google Workspace AFI Cotroceni #4321,Subscriptions,Google Workspace
PMT STATIA ITP Aviatorilor,Transport,Statia ITP
Achizitie Top-up Revolut Bucuresti #001,Transfer,Top-up Revolut
Agoda Bucharest #14,Travel,Agoda
PURCHASE Cabinet Stomatologic Bright Galati,Health,Cabinet Stomatologic Bright
Achizitie HERTZ RENT A CAR Sibiu #4321,Travel,Hertz Rent a Car
Tichete masa Up Timisoara 12345,Salary,Tichete masa Up
PURCHASE AMAZON DE Park Lake,Other,Amazon DE
Cumparare BAUMAX Mall Vitan #14,Other,BAUMAX
Plata cu cardul electrica furnizare EU 12345,Utilities,Electrica Furnizare
Plata cu cardul VIRAMENT SALARIU NET Center RO,Salary,VIRAMENT SALARIU NET
Plata POS MANUAL EDITURA NICULESCU Iasi #14,Education,Manual Editura Niculescu
Plata POS Nintendo eShop Floreasca #221,Entertainment,Nintendo eShop
POS OpenAI Plus Floreasca AUT:887412,Subscriptions,OpenAI Plus
PMT POS Spitalul Elias Mall (RO),Health,Spitalul Elias
Targul de Legume Online RID:34521,Groceries,Targul de Legume
PMT POS COMISION AGENTIE IMOBILIARA Bucharest AUT:887412,Housing,Comision agentie imobiliara
Plata POS Chirie apartament EU AUT:887412,Housing,Chirie apartament
Achizitie GEAM AUTO SERVICE Downtown #14,Other,Geam Auto Service
Cumparare ARBY'S Promenada AUT:887412,Restaurants,Arby's
POS binance spot Pipera #14,Investments,Binance Spot
Plata cu cardul Electrica Distributie ROM,Utilities,Electrica Distributie
Achizitie REZERVARE HOTEL PREDEAL Mall,Travel,Rezervare hotel Predeal
Plata cu cardul DIURNĂ DEPLASARE ROM AUT:887412,Salary,Diurnă deplasare
PURCHASE Western Union transfer RO #4321,Transfer,Western Union transfer
PMT POS ASOCIATIE PROPRIETARI BLOC 12 Center (RO),Housing,Asociatie Proprietari Bloc 12
Achizitie ORANGE ROMANIA Store 04 RID:34521,Utilities,Orange Romania
Plata cu cardul Uber Romania Store 04 AUT:887412,Transport,Uber Romania
PURCHASE PROFI Mall AUT:887412,Groceries,Profi
POS CAFENEA AVIATORILOR Store 04 AUT:887412,Restaurants,Cafenea Aviatorilor
PMT POS MEDICOVER Bucharest RID:34521,Health,Medicover
PURCHASE targul de legume Sun Plaza #221,Groceries,Targul de Legume
PMT POS Cinema City Promenada RO AUT:887412,Entertainment,Cinema City Promenada
MANGO SHOP Downtown AUT:887412,Other,Mango shop
Achizitie EDITURA POLIROM CARTE Store 04 #001,Education,Editura Polirom carte
PURCHASE NOTION AI Promenada #001,Subscriptions,Notion AI
Cumparare magazinul de cartier ROM 12345,Groceries,Magazinul de Cartier
POS Burger King Mall 12345,Restaurants,Burger King
Achizitie Bershka shop AFI Cotroceni #14,Other,Bershka shop
Plata POS Parcare Piata Victoriei Sibiu AUT:887412,Transport,Parcare Piata Victoriei
Achizitie Distrigaz Sud Bucharest #4321,Utilities,Distrigaz Sud
PURCHASE stripe internal transfer Vitan,Transfer,Stripe internal transfer
DEGIRO TRANSFER Aviatorilor 12345,Investments,DEGIRO transfer
Plata cu cardul KRISPY KREME Mall RO,Restaurants,Krispy Kreme
PMT POS eventim Drumul Taberei #4321,Entertainment,Eventim
PMT POS HARD ROCK CAFE Bucuresti RO,Restaurants,Hard Rock Cafe
Cumparare Achizitie diversa Bucuresti #001,Other,Achizitie diversa
PURCHASE Incasare de la Maria Branch 12 12345,Transfer,Incasare de la Maria
POS Vrbo Baneasa RO,Travel,Vrbo
Plata POS FIZIOTERAPIE SEDINTA RO RO,Health,Fizioterapie sedinta
PMT BOLT*RIDE RO AUT:887412,Transport,BOLT*RIDE
PMT ShopMagazin Iasi AUT:887412,Groceries,ShopMagazin
PURCHASE SHAKE SHACK Downtown #221,Restaurants,Shake Shack
Plata cu cardul NETFLIX Galati AUT:887412,Subscriptions,Netflix
PURCHASE LINKEDIN LEARNING Park Lake 12345,Education,LinkedIn Learning
Cumparare Evomag Center,Other,Evomag
POS Libraria Humanitas Floreasca RO,Education,Libraria Humanitas
PMT POS Carrefour.ro online Center AUT:887412,Groceries,Carrefour.ro online
PURCHASE FARMACIA HELP Ploiesti RID:34521,Health,Farmacia Help
PURCHASE park lake bowling Constanta #4321,Entertainment,Park Lake bowling
Plata POS XTB deposit Timisoara #4321,Investments,XTB deposit
POS METAMASK TRANSACTION Bucharest AUT:887412,Investments,MetaMask transaction
Plata cu cardul TEATRUL BULANDRA Oradea AUT:887412,Entertainment,Teatrul Bulandra
Plata POS Sportisimo Constanta RO,Other,Sportisimo
PMT POS Service Telefon Promenada #001,Other,Service Telefon
PMT POS TRANSFER CONT CURENT Pipera 12345,Transfer,Transfer cont curent
Plata POS Hotels.com Mall,Travel,Hotels.com
PURCHASE STEAM Cluj #221,Entertainment,Steam
Plata cu cardul roblox subscription RO #001,Entertainment,Roblox subscription
PMT POS MAILCHIMP STANDARD Timisoara #4321,Subscriptions,Mailchimp Standard
Plata cu cardul virament salariu net Bucharest #221,Salary,VIRAMENT SALARIU NET
Aquatim Timisoara RO 12345,Utilities,Aquatim Timisoara
Etihad Airways AFI Cotroceni RID:34521,Travel,Etihad Airways
tier scooter Downtown #14,Transport,Tier Scooter
Plata POS Pensiune Bran Center,Travel,Pensiune Bran
PMT POS Bilet Master Bucuresti RID:34521,Entertainment,Bilet Master
florarie diana EU RID:34521,Other,Florarie Diana
Cumparare Bistro French EU #001,Restaurants,Bistro French
Plata cu cardul La Doi Pasi Downtown,Groceries,La Doi Pasi
Plata POS CURS CORPORATE TRAINING Iasi AUT:887412,Education,Curs Corporate Training
PMT POS IBERIA Sun Plaza AUT:887412,Travel,Iberia
POS VeloRent Bucharest AUT:887412,Transport,VeloRent
Cumparare floraria mada Floreasca (RO),Other,Floraria Mada
Plata POS payslip acme srl EU #14,Salary,Payslip ACME SRL
PMT POS Cursuri online IT AFI Cotroceni #221,Education,Cursuri online IT
PMT ALIMENTARAXPRESS Sun Plaza (RO),Groceries,AlimentaraXpress
Cumparare Asigurare casa Allianz RO,Housing,Asigurare casa Allianz
PMT POS OLX IMOBILIARE Brasov 12345,Housing,OLX Imobiliare
PURCHASE ETSY PURCHASE Vitan AUT:887412,Other,Etsy purchase
POS argint investitie Vitan RID:34521,Investments,Argint investitie
COMPARI.RO Brasov #14,Other,Compari.ro
PMT POS Carrefour Ploiesti #221,Groceries,Carrefour
PMT POS frontendmasters Timisoara #221,Education,FrontendMasters
Achizitie Întreținere apartament Constanta 12345,Housing,Întreținere apartament
Brutaria Anatolia ROM RO,Groceries,Brutaria Anatolia
Achizitie temu order Downtown AUT:887412,Other,Temu order
Plata cu cardul About You Baneasa,Other,About You
Plata POS Karaoke Bar Avant ROM,Entertainment,Karaoke Bar Avant
Cumparare Policlinica Titu Maiorescu Brasov #14,Health,Policlinica Titu Maiorescu
PMT LENTILE CONTACT ONLINE Pipera #14,Health,Lentile contact Online
PMT POS Service GSM Bucharest RO,Other,Service GSM
Plata cu cardul Edo Sushi Promenada #001,Restaurants,Edo Sushi
POS CFR Bilet Online Constanta (RO),Transport,CFR Bilet Online
Cumparare universitatea bucuresti Center #14,Education,Universitatea Bucuresti
PMT POS Douglas magazin Branch 12 #4321,Other,Douglas magazin
PMT POS Carrefour Vitan AUT:887412,Groceries,Carrefour
Plata cu cardul Fiverr payout Floreasca #221,Salary,Fiverr payout
PMT ASOCIATIE LOCATARI SECT 1 Branch 12 AUT:887412,Housing,Asociatie locatari sect 1
CHIRIE APARTAMENT Park Lake RID:34521,Housing,Chirie apartament
PMT POS P2P payment Ana Ploiesti (RO),Transfer,P2P payment Ana
PURCHASE Trattoria Buongiorno Cotroceni #4321,Restaurants,Trattoria Buongiorno
PMT STB BUCURESTI Branch 12 #001,Transport,STB Bucuresti
Cumparare Petrom Center,Transport,Petrom
netlify pro Aviatorilor AUT:887412,Subscriptions,Netlify Pro
Achizitie Magazin Animale Companie Iasi RID:34521,Other,Magazin Animale Companie
Saxo Bank trade Floreasca #221,Investments,Saxo Bank trade
Achizitie hidroelectrica vanzare Park Lake #221,Utilities,Hidroelectrica vanzare
Achizitie MCD Cluj #221,Restaurants,McD
Cumparare LUKOIL Cluj,Transport,Lukoil
POS BOOTCAMP DATA SCIENCE Brasov RID:34521,Education,Bootcamp Data Science
Plata POS PAYROLL MAY 2026 Pipera 12345,Salary,Payroll May 2026
PMT MedLife Downtown #221,Health,MedLife
Achizitie E.ON Aviatorilor #001,Utilities,E.ON
PURCHASE teatrul bulandra Iasi,Entertainment,Teatrul Bulandra
POS VIRAMENT SALARIU SRL Promenada 12345,Salary,VIRAMENT SALARIU SRL
PMT Karaoke Bar Avant Center RID:34521,Entertainment,Karaoke Bar Avant
PURCHASE NOTION AI Drumul Taberei RO,Subscriptions,Notion AI
POS Supeco Sun Plaza RID:34521,Groceries,Supeco
Cumparare Trenitalia Promenada #14,Transport,Trenitalia
Cumparare CAUCIUCURI PREMIUM Downtown RO,Transport,Cauciucuri Premium
PMT POS glovo ROM #14,Restaurants,Glovo
PURCHASE Centrul Medical Pluton EU 12345,Health,Centrul Medical Pluton
Cumparare Dominos Pizza Galati AUT:887412,Restaurants,Dominos Pizza
Cauciucuri Premium Branch 12 #001,Transport,Cauciucuri Premium
PMT POS xpress market Center RO,Groceries,XPRESS Market
Achizitie Booking RO EU,Travel,Booking RO
Achizitie Virament BCR catre BRD Store 04 12345,Transfer,Virament BCR catre BRD
PMT POS încasare salariu maria Ploiesti #4321,Transfer,Încasare salariu Maria
PURCHASE Synevo Mall Vitan #4321,Health,Synevo
Plata cu cardul Pensiune Bran Ploiesti (RO),Travel,Pensiune Bran
POS airbnb stay Store 04 AUT:887412,Travel,Airbnb Stay
POS bikero Center RO,Transport,BikeRO
Plata POS Rezervare Airbnb Cluj Galati (RO),Travel,Rezervare Airbnb Cluj
POS PlayStation Network Ploiesti #4321,Entertainment,PlayStation Network
Plata POS SUSHI TO GO EU AUT:887412,Restaurants,Sushi to Go
PURCHASE RYANAIR Mall Vitan 12345,Travel,Ryanair
Tichet cultural Edenred Cluj,Other,Tichet cultural Edenred
PMT POS TEATRUL NATIONAL Ploiesti #4321,Entertainment,Teatrul National
Achizitie ROMPETROL RO #14,Transport,Rompetrol
PMT POS etf eunl Bucharest RO,Investments,ETF EUNL
PMT POS Administrator bloc 28 Online RID:34521,Housing,Administrator bloc 28
PMT POS Editura Humanitas Center #221,Education,Editura Humanitas
POS plata diversa Timisoara #4321,Other,Plata diversa
Cumparare Pizzeria Bonita ROM RO,Restaurants,Pizzeria Bonita
Cumparare Rezervare hotel Predeal Cotroceni RO,Travel,Rezervare hotel Predeal
PMT POS STRIPE PAYOUT Sun Plaza RO,Salary,Stripe payout
PMT POS casa inteligenta administrare Brasov #14,Housing,Casa Inteligenta administrare
PMT POS TEMU ORDER EU #14,Other,Temu order
PURCHASE GAZPROM EU AUT:887412,Transport,Gazprom
POS Atelier Foto Andrei EU RO,Other,Atelier Foto Andrei
Plata POS AUCHAN AFI Cotroceni RID:34521,Groceries,Auchan
PURCHASE Qatar Airways Timisoara RO,Travel,Qatar Airways
PMT POS Farmacia Dona Iasi AUT:887412,Health,Farmacia Dona
tucanocoffee Cluj 12345,Restaurants,TucanoCoffee
Achizitie Praktiker Bucharest #221,Other,Praktiker
POS IBERIA AFI Cotroceni #221,Travel,Iberia
Cumparare House Promenada 12345,Other,House
Achizitie Wizz Air voucher Sibiu #4321,Transport,Wizz Air voucher
PURCHASE CFR Calatori ROM RO,Transport,CFR Calatori
Plata POS mercadona Floreasca,Groceries,Mercadona
Cumparare protonmail Bucuresti 12345,Subscriptions,ProtonMail
PMT APASERV BRASOV Sun Plaza RO,Utilities,ApaServ Brasov
Plata cu cardul Plata chirie iulie RO,Housing,Plata chirie iulie
PURCHASE Farmacia Dona Brasov #4321,Health,Farmacia Dona
PMT TAROM EU 12345,Travel,TAROM
PMT POS FMI UBB Mall Vitan,Education,FMI UBB
PMT POS rezervare hotel brasov Branch 12 #001,Travel,Rezervare hotel Brasov
POS Rompetrol Statie Oradea #001,Transport,Rompetrol Statie
Achizitie Hotel Caro Mall #4321,Travel,Hotel Caro
Cumparare SINSAY Mall (RO),Other,Sinsay
Achizitie KINDLE UNLIMITED Pipera #001,Subscriptions,Kindle Unlimited
Cumparare SUSHI TO GO Online #001,Restaurants,Sushi to Go
PMT POS Boromir Prod Park Lake AUT:887412,Groceries,Boromir Prod
Plata POS colegiul mihai viteazul Sun Plaza,Education,Colegiul Mihai Viteazul
Cumparare Coursera Plus Vitan 12345,Education,Coursera Plus
POS IABILET ROM RO,Entertainment,iaBilet
Cumparare decont salarial Mall #14,Salary,Decont salarial
Cumparare ETF VOO Promenada #4321,Investments,ETF VOO
notion family Vitan (RO),Subscriptions,Notion Family
PMT POS Caru' cu Bere Store 04 #221,Restaurants,Caru' cu Bere
POS spitalul sf. pantelimon Cotroceni 12345,Health,Spitalul Sf. Pantelimon
PMT air france Promenada AUT:887412,Travel,Air France
Cumparare VELORENT Mall RID:34521,Transport,VeloRent
PMT Întreținere casa Brasov AUT:887412,Housing,Întreținere casa
POS Cinema 3D AFI Sibiu #221,Entertainment,Cinema 3D AFI
PMT POS Salariu ore suplimentare Oradea #4321,Salary,Salariu ore suplimentare
Achizitie Babbel subscription Floreasca AUT:887412,Subscriptions,Babbel subscription
Achizitie HOTELS.COM Constanta RO,Travel,Hotels.com
Plata POS PLATA CONTRACT DREPTURI AUTOR Branch 12 12345,Salary,Plata contract drepturi autor
Plata POS Notion Family Mall RO,Subscriptions,Notion Family
POS VODAFONE ROMANIA Park Lake #14,Utilities,Vodafone Romania
Plata cu cardul SERVICE AUTO ANDREI Iasi #221,Transport,Service Auto Andrei
PURCHASE Amazon order Ploiesti #001,Other,Amazon order
Plata POS Interactive Brokers Galati #221,Investments,Interactive Brokers
Plata cu cardul Coffee Project Park Lake (RO),Restaurants,Coffee Project
POS SALON COAFOR Promenada #14,Other,Salon Coafor
PMT POS Uber Romania Branch 12 RO,Transport,Uber Romania
PMT Bolt Floreasca 12345,Transport,Bolt
PMT emirates Galati (RO),Travel,Emirates
Achizitie PETROM STATIE Branch 12 #001,Transport,Petrom Statie
Achizitie Casa Inteligenta administrare Mall AUT:887412,Housing,Casa Inteligenta administrare
Plata cu cardul Payslip ACME SRL Pipera #4321,Salary,Payslip ACME SRL
RATB Floreasca #14,Transport,RATB
PMT POS BISTROTECA Sun Plaza RO,Restaurants,Bistroteca
Plata cu cardul STOCK PURCHASE AAPL Aviatorilor #221,Investments,Stock purchase AAPL
Plata POS FESTIVAL UNTOLD Brasov #14,Entertainment,Festival Untold
Cumparare World Class Romania Oradea #14,Health,World Class Romania
RADET BUCURESTI Mall AUT:887412,Utilities,Radet Bucuresti
Achizitie Douglas magazin Promenada #221,Other,Douglas magazin
Achizitie Pluralsight Oradea,Education,Pluralsight
PMT Curatatorie chimica Oradea #14,Other,Curatatorie chimica
Plata cu cardul STOCK PURCHASE MSFT Sun Plaza,Investments,Stock purchase MSFT
PMT POS Udemy Business Timisoara #4321,Education,Udemy Business
PMT Rompetrol Statie Timisoara RID:34521,Transport,Rompetrol Statie
Plata cu cardul SOCAR Mall (RO),Transport,SOCAR
PAYSLIP TECH CORP Branch 12 #14,Salary,Payslip Tech Corp
Achizitie BERARIA H Iasi 12345,Restaurants,Beraria H
Cumparare 1PASSWORD FAMILY Aviatorilor #14,Subscriptions,1Password Family
PMT POS Sushi Now EU,Restaurants,Sushi Now
Cumparare Spotify Premium Sun Plaza RO,Subscriptions,Spotify Premium
POS JD SPORTS Store 04 #4321,Other,JD Sports
Plata POS kika mobilier Aviatorilor RO,Other,Kika mobilier
Plata POS PC Garage Online,Other,PC Garage
plata chirie iunie Promenada AUT:887412,Housing,Plata chirie iunie
POS VILA CARPATI ROM #14,Travel,Vila Carpati
Achizitie Lufthansa Group Online #001,Travel,Lufthansa Group
PURCHASE Crypto airdrop ROM #001,Investments,Crypto airdrop
Plata cu cardul massimo dutti Cotroceni,Other,Massimo Dutti
PURCHASE paypal payout Branch 12 (RO),Transfer,PayPal payout
Roviniete Online Oradea RID:34521,Transport,Roviniete Online
PMT Orange PrePay Floreasca #4321,Utilities,Orange PrePay
Greggs ROM AUT:887412,Restaurants,Greggs
PURCHASE DR DENTIST Center (RO),Health,Dr Dentist
Cumparare Tichete masa Sodexo Aviatorilor RO,Salary,Tichete masa Sodexo
POS Vietnam Restaurant Constanta #14,Restaurants,Vietnam Restaurant
PMT POS virament salariu srl Park Lake RO,Salary,VIRAMENT SALARIU SRL
POS google one Cluj RID:34521,Subscriptions,Google One
POS PIZZA HUT ROM RID:34521,Restaurants,Pizza Hut
PMT Lensa.ro Downtown (RO),Health,Lensa.ro
GITHUB COPILOT Cotroceni RID:34521,Subscriptions,GitHub Copilot
Plata POS chipotle mexican grill Promenada #14,Restaurants,Chipotle Mexican Grill
PMT hotel hilton sibiu Online,Travel,Hotel Hilton Sibiu
Plata POS dr. dent RO #4321,Health,Dr. Dent
PURCHASE bikero AFI Cotroceni RID:34521,Transport,BikeRO
FASHION DAYS Sibiu,Other,Fashion Days
Salad Box RO RO,Restaurants,Salad Box
Plata cu cardul tour ghidat roma Timisoara AUT:887412,Travel,Tour ghidat Roma
Plata cu cardul ISERVICE APPLE Mall #001,Other,iService Apple
Plata POS E.ON ENERGIE ROMANIA Online #14,Utilities,E.ON Energie Romania
PMT arby's Park Lake #001,Restaurants,Arby's
PMT Netflix Sibiu #14,Subscriptions,Netflix
aws billing Drumul Taberei 12345,Subscriptions,AWS billing
PURCHASE SNCF Mall,Transport,SNCF
Achizitie tim hortons Store 04 RID:34521,Restaurants,Tim Hortons
Achizitie CURATENIE CASA Cluj RO,Housing,Curatenie casa
Achizitie Editura Humanitas Mall Vitan 12345,Education,Editura Humanitas
PMT Tazz Center AUT:887412,Restaurants,Tazz
PURCHASE tier scooter Bucuresti #14,Transport,Tier Scooter
POS TAXI COBALCESCU Floreasca #14,Transport,Taxi Cobalcescu
POS cinema city afi AFI Cotroceni,Entertainment,Cinema City AFI
Achizitie profi loco Online,Groceries,Profi Loco
Achizitie Salariu ACME SRL Center #221,Salary,Salariu ACME SRL
Achizitie ICLOUD STORAGE 200GB Floreasca RO,Subscriptions,iCloud Storage 200GB
PURCHASE youtube premium Baneasa #4321,Subscriptions,YouTube Premium
PURCHASE WIZZ AIR Promenada (RO),Travel,Wizz Air
Plata POS BURGERISTA Branch 12 AUT:887412,Restaurants,Burgerista
Achizitie Plafar magazin Iasi AUT:887412,Groceries,Plafar magazin
POS Restaurant Hanu' Berarilor Cluj #14,Restaurants,Restaurant Hanu' Berarilor
Plata cu cardul CABINET DERMATOLOGIE Park Lake #14,Health,Cabinet Dermatologie
Cumparare BUMBLE PREMIUM Bucharest #221,Subscriptions,Bumble Premium
Cumparare Curatatorie chimica Baneasa AUT:887412,Other,Curatatorie chimica
PURCHASE ITP Service RO RO,Transport,ITP Service
Achizitie RAMSES SUSHI Cotroceni AUT:887412,Restaurants,Ramses Sushi
PURCHASE ACHIZITIE APLICATIE Bucharest RID:34521,Other,Achizitie aplicatie
POS CORA Constanta (RO),Groceries,Cora
Achizitie EDX MICROMASTERS Iasi 12345,Education,edX MicroMasters
TV Cablu Romtelecom Mall Vitan #221,Utilities,TV Cablu Romtelecom
PMT POS reteaua regina maria Online (RO),Health,Reteaua Regina Maria
PURCHASE eToro buy Ploiesti 12345,Investments,eToro buy
PMT VIVO RESTAURANT Downtown #4321,Restaurants,Vivo Restaurant
Cumparare Virament BRD catre BCR RO RO,Transfer,Virament BRD catre BCR
Plata cu cardul VODAFONE ROMANIA Vitan #14,Utilities,Vodafone Romania
POS memrise Bucuresti AUT:887412,Education,Memrise
Plata cu cardul olx imobiliare Cluj 12345,Housing,OLX Imobiliare
Plata cu cardul întreținere casa Baneasa (RO),Housing,Întreținere casa
POS Rovinieta Online #14,Transport,Rovinieta
Achizitie Fizioterapie sedinta Downtown 12345,Health,Fizioterapie sedinta
Plata cu cardul Salariu Net Aprilie Brasov RO,Salary,Salariu Net Aprilie
Apple Music Ploiesti,Subscriptions,Apple Music
PURCHASE STB Abonament Online Store 04 #14,Transport,STB Abonament Online
PMT Transfer cont curent Online RID:34521,Transfer,Transfer cont curent
POS Babbel subscription Promenada AUT:887412,Subscriptions,Babbel subscription
Lem's mobilier Downtown (RO),Other,Lem's mobilier
PMT POS MAGAZINUL DE CARTIER Cluj #221,Groceries,Magazinul de Cartier
Plata POS amazon.com Downtown #4321,Other,Amazon.com
Achizitie FARMACIA CATENA Oradea #221,Health,Farmacia Catena
PMT POS Netflix Standard Sun Plaza RID:34521,Subscriptions,Netflix Standard
Plata POS OPTICA OPTIBLU EU #4321,Health,Optica Optiblu
Achizitie Wendys Sun Plaza 12345,Restaurants,Wendys
Blue Air ROM AUT:887412,Travel,Blue Air
PMT POS DIGI*FACT Branch 12 #221,Utilities,DIGI*FACT
PURCHASE Origo Coffee Center RO,Restaurants,Origo Coffee
Achizitie dr. dent Mall AUT:887412,Health,Dr. Dent
Cumparare P2P payment Ana Oradea #14,Transfer,P2P payment Ana
Plata POS protonvpn Online #221,Subscriptions,ProtonVPN
PURCHASE petexpert Promenada #001,Other,Petexpert
Plata POS TAROM FLIGHT Bucharest AUT:887412,Transport,Tarom flight
PMT mcd Center #001,Restaurants,McD
PMT Beans & Dots Oradea AUT:887412,Restaurants,Beans & Dots
teatrul mic Baneasa #4321,Entertainment,Teatrul Mic
PMT Centrul Medical Pluton Drumul Taberei AUT:887412,Health,Centrul Medical Pluton
Cumparare Farmacia Help ROM RO,Health,Farmacia Help
Achizitie chirie luna iunie Floreasca #001,Housing,Chirie luna iunie
Plata cu cardul Transfer intern Mall #221,Transfer,Transfer intern
POS Croitorie Express Brasov #14,Other,Croitorie Express
Plata cu cardul Parcare Aeroport Otopeni Downtown AUT:887412,Transport,Parcare Aeroport Otopeni
Cumparare Fresh Corner Store 04,Groceries,Fresh Corner
Plata POS whole foods market Sibiu AUT:887412,Groceries,Whole Foods Market
Plata POS LA BRUTARIA Constanta #001,Restaurants,La Brutaria
PURCHASE edX Microsoft Mall (RO),Education,edX Microsoft
Plata cu cardul Gaze Naturale Romania Promenada #14,Utilities,Gaze Naturale Romania
PMT POS AIRBNB STAY Downtown 12345,Travel,Airbnb Stay
Cumparare hostel friends Sun Plaza 12345,Travel,Hostel Friends
Achizitie SALARIU NET IUNIE Baneasa (RO),Salary,Salariu Net Iunie
PMT SUSHI NOW Park Lake (RO),Restaurants,Sushi Now
Plata cu cardul bilet avion online Center #4321,Travel,Bilet avion online
PURCHASE alimentaraxpress EU (RO),Groceries,AlimentaraXpress
subway sandwich ROM,Restaurants,SUBWAY SANDWICH
PURCHASE WOLT SCOOTER Promenada #001,Transport,Wolt Scooter
Plata cu cardul Tour ghidat Roma Online (RO),Travel,Tour ghidat Roma
Plata cu cardul Bere si grill Downtown 12345,Restaurants,Bere si grill
Cumparare Crucea Rosie donatie ROM RID:34521,Other,Crucea Rosie donatie
PURCHASE FARMACIA HELP Vitan #001,Health,Farmacia Help
Achizitie service telefon Sibiu (RO),Other,Service Telefon
VUELING RO #001,Travel,Vueling
PURCHASE TfL Oyster EU RO,Transport,TfL Oyster
PMT Alimentara Express Brasov #4321,Groceries,Alimentara Express
Udemy Course Galati #221,Education,Udemy Course
Cumparare dunkin donuts Mall Vitan #001,Restaurants,Dunkin Donuts
memrise Bucharest AUT:887412,Education,Memrise
Plata cu cardul trader joe's Mall Vitan RID:34521,Groceries,Trader Joe's
Plata POS Bowling Cosmos Mall Vitan 12345,Entertainment,Bowling Cosmos
PMT CITIRE CONTOR Sun Plaza #4321,Utilities,Citire contor
Cumparare Payroll April 2026 Oradea (RO),Salary,Payroll April 2026
PURCHASE Lufthansa Brasov #221,Travel,Lufthansa
Cumparare wage transfer Timisoara,Salary,Wage Transfer
Achizitie Zara online Mall RID:34521,Other,Zara online
Plata POS joc pc steam Online #001,Entertainment,Joc PC Steam
RETIM SERVICII Cluj,Utilities,RetiM Servicii
PMT POS Park Lake bowling Cotroceni RID:34521,Entertainment,Park Lake bowling
Plata cu cardul ALTEX.RO RO #14,Other,Altex.ro
Cumparare florarie online Store 04 #4321,Other,Florarie Online
Cumparare TIER SCOOTER Brasov #4321,Transport,Tier Scooter
POS service laptop Ploiesti (RO),Other,Service Laptop
POS SALARY TRANSFER Constanta #221,Salary,SALARY TRANSFER
POS RAIFFEISEN VIRAMENT Cluj 12345,Transfer,Raiffeisen virament
POS Stock purchase AAPL Store 04,Investments,Stock purchase AAPL
Cumparare EMIRATES Cotroceni #221,Travel,Emirates
Plata POS Mic.ro Branch 12 RO,Groceries,Mic.ro
POS AWS BILLING Store 04 RO,Subscriptions,AWS billing
Plata cu cardul vila carpati Bucuresti 12345,Travel,Vila Carpati
POS EasyJet Mall,Travel,EasyJet
Cumparare Eventim Bilet Downtown (RO),Entertainment,Eventim Bilet
Plata POS top-up revolut Baneasa #001,Transfer,Top-up Revolut
Cumparare STORIA.RO LISTARE Mall Vitan #14,Housing,Storia.ro listare
disney plus Ploiesti #001,Subscriptions,Disney Plus
Plata POS Apa Regnault Vitan RID:34521,Utilities,Apa Regnault
PURCHASE Bilet Filarmonica Store 04 #4321,Entertainment,Bilet Filarmonica
Achizitie Transfer intern Cluj #4321,Transfer,Transfer intern
PMT POS VANGUARD ETF EU #221,Investments,Vanguard ETF
Plata cu cardul UPC ROMANIA Mall 12345,Utilities,UPC Romania
Plata cu cardul Taxi Pelicanul Baneasa,Transport,Taxi Pelicanul
Cumparare ETF VUAA Timisoara RO,Investments,ETF VUAA
Achizitie LINEA CLOSER TO THE MOON RO,Restaurants,Linea Closer to the Moon
Plata POS Engie GazNaturale Center #221,Utilities,Engie GazNaturale
PURCHASE Coursera Plus annual ROM,Subscriptions,Coursera Plus annual
Plata POS netflix EU #4321,Subscriptions,Netflix
Achizitie E.ON EU AUT:887412,Utilities,E.ON
PMT festival electric castle Iasi RID:34521,Entertainment,Festival Electric Castle
Achizitie Kayak ROM #221,Travel,Kayak
POS BRUTARIA ANATOLIA Sun Plaza,Groceries,Brutaria Anatolia
POS Dunkin' Iasi 12345,Restaurants,Dunkin'
PURCHASE MARKETUL DE CARTIER Cotroceni RO,Groceries,Marketul de Cartier
Achizitie Hotel Caro Cotroceni,Travel,Hotel Caro
PMT casa rusu mobilier Timisoara #4321,Other,Casa Rusu mobilier
Cinemax Iulius Mall Mall #14,Entertainment,Cinemax Iulius Mall
PMT DM Drogerie Markt Sun Plaza (RO),Groceries,DM Drogerie Markt
Plata cu cardul salubrizare bucuresti Brasov RO,Utilities,Salubrizare Bucuresti
PMT Crucea Rosie donatie Constanta (RO),Other,Crucea Rosie donatie
Plata POS Hidroelectrica vanzare Online RID:34521,Utilities,Hidroelectrica vanzare
Liceul Cantemir Constanta RO,Education,Liceul Cantemir
PURCHASE Service Auto Premium AFI Cotroceni (RO),Transport,Service Auto Premium
PMT POS TRATTORIA IL CALCIO Timisoara AUT:887412,Restaurants,Trattoria il Calcio
Curatenie casa EU #001,Housing,Curatenie casa
PMT AVANS CHIRIE Downtown AUT:887412,Housing,Avans chirie
Achizitie COINBASE BUY Iasi 12345,Investments,Coinbase buy
PMT RAT SIBIU Online RO,Transport,RAT Sibiu
Achizitie Teatrul Comedie Online #14,Entertainment,Teatrul Comedie
PURCHASE DIRECT DEPOSIT TECH Sun Plaza #4321,Salary,Direct Deposit Tech
POS Evomag ROM #221,Other,Evomag
PMT POS PROTONMAIL Brasov #001,Subscriptions,ProtonMail
PMT kindle unlimited Vitan AUT:887412,Subscriptions,Kindle Unlimited
PURCHASE cinema 3d afi Online 12345,Entertainment,Cinema 3D AFI
PURCHASE INCASARE DE LA ION Sibiu AUT:887412,Transfer,Incasare de la Ion
Cumparare Hanu lui Manuc Promenada RO,Restaurants,Hanu lui Manuc
PMT POS puma store Downtown AUT:887412,Other,Puma store
PMT Arby's Timisoara (RO),Restaurants,Arby's
Avans chirie Online #221,Housing,Avans chirie
Plata POS card preplatit up Sun Plaza #14,Other,Card preplatit Up
Achizitie Radet Bucuresti RO RO,Utilities,Radet Bucuresti
PMT POS DIRECT DEPOSIT ACME Baneasa 12345,Salary,Direct Deposit ACME
Plata cu cardul direct deposit payroll Store 04 #001,Salary,Direct Deposit Payroll
Cumparare internet fibra optica Mall Vitan,Utilities,Internet fibra optica
Achizitie gold purchase bnr AFI Cotroceni #14,Investments,Gold purchase BNR
Plata POS WIZZ AIR VOUCHER Galati RID:34521,Transport,Wizz Air voucher
Plata POS Binance deposit Branch 12 12345,Investments,Binance deposit
PMT LICEUL CANTEMIR Bucuresti AUT:887412,Education,Liceul Cantemir
wizz air voucher Galati (RO),Transport,Wizz Air voucher
Plata cu cardul walmart grocery Constanta,Groceries,Walmart Grocery
PURCHASE MCDONALD'S Floreasca RO,Restaurants,McDonald's
Achizitie Airbnb Stay Brasov #14,Travel,Airbnb Stay
Hotel Caro Online (RO),Travel,Hotel Caro
Achizitie Hotel Caro Brasov #14,Travel,Hotel Caro
Plata cu cardul AIRBNB STAY Bucuresti #221,Travel,Airbnb Stay
Plata POS Au Bon Pain Floreasca RID:34521,Restaurants,Au Bon Pain
PURCHASE APPLE MUSIC Mall RID:34521,Subscriptions,Apple Music
PMT WordPress.com Premium AFI Cotroceni,Subscriptions,WordPress.com Premium
PMT POS skillshare Center RO,Education,Skillshare
Achizitie Brutaria Boromir RO #14,Groceries,Brutaria Boromir
TakeAway Cluj 12345,Restaurants,TakeAway
PMT POS Decont salarial Mall RID:34521,Salary,Decont salarial
Cumparare NOTION AI Sun Plaza AUT:887412,Subscriptions,Notion AI
STRAVA PREMIUM Vitan #4321,Subscriptions,Strava Premium
Cumparare OPTICA QUATTRO Online AUT:887412,Health,Optica Quattro
PMT POS Viator tour Branch 12 #4321,Travel,Viator tour
Plata POS BOOKING.COM HOTEL Oradea RO,Travel,Booking.com Hotel
Plata POS Optica Quattro Aviatorilor #001,Health,Optica Quattro
Achizitie cloudflare pro Vitan 12345,Subscriptions,Cloudflare Pro
POS RTEC Constanta Floreasca RID:34521,Transport,RTEC Constanta
POS Anthropic API AFI Cotroceni AUT:887412,Subscriptions,Anthropic API
POS Medium membership Park Lake (RO),Subscriptions,Medium membership
PURCHASE Pensiune Sibiel Center RID:34521,Travel,Pensiune Sibiel
PURCHASE Hertz Rent a Car RO #14,Travel,Hertz Rent a Car
PURCHASE Chirie studio Store 04 #221,Housing,Chirie studio
Pluralsight Skills Timisoara (RO),Education,Pluralsight Skills
PURCHASE Lime Scooter Floreasca RID:34521,Transport,Lime Scooter
PURCHASE FOODPANDA Oradea 12345,Restaurants,FoodPanda
Achizitie Vivo Restaurant Constanta 12345,Restaurants,Vivo Restaurant
PMT hotel athenee palace Promenada AUT:887412,Travel,Hotel Athenee Palace
POS ASOCIATIE LOCATARI SECT 1 Sun Plaza,Housing,Asociatie locatari sect 1
Plata POS SALA FITNESS 7CARD RO AUT:887412,Health,Sala fitness 7card
Plata POS Rovinieta Center #221,Transport,Rovinieta
Plata POS Chirie luna iulie Cluj,Housing,Chirie luna iulie
Plata cu cardul Uniqlo Downtown RO,Other,Uniqlo
Plata cu cardul PUBUL TRAFIC Drumul Taberei #4321,Restaurants,Pubul Trafic
Achizitie Bilet Filarmonica Oradea 12345,Entertainment,Bilet Filarmonica
PMT Loft Cafe Vitan #4321,Restaurants,Loft Cafe
Achizitie PLATA CHIRIE IUNIE Center #001,Housing,Plata chirie iunie
Plata POS DOMINOS PIZZA Aviatorilor #14,Restaurants,Dominos Pizza
Plata POS Plata chirie iulie EU #001,Housing,Plata chirie iulie
PMT CENTRUL MEDICAL PLUTON Vitan,Health,Centrul Medical Pluton
Cumparare BT CAPITAL INVEST Online RID:34521,Investments,BT Capital Invest
Achizitie SQUARESPACE PLAN Sun Plaza #14,Subscriptions,Squarespace Plan
optimall optica Downtown #221,Health,Optimall optica
Cumparare Nintendo Switch Online Cotroceni 12345,Entertainment,Nintendo Switch Online
Cumparare LIFECLUB SALA Iasi #001,Health,Lifeclub Sala
Plata cu cardul Hardee's RO,Restaurants,Hardee's
PURCHASE CEC VIRAMENT AFI Cotroceni RO,Transfer,CEC virament
Achizitie apaserv brasov Center RO,Utilities,ApaServ Brasov
Plata cu cardul BLACKROCK ISHARES ROM AUT:887412,Investments,BlackRock iShares
PMT POS CASA RUSU MOBILIER Sun Plaza 12345,Other,Casa Rusu mobilier
PURCHASE WAGE TRANSFER Oradea #001,Salary,Wage Transfer
PMT POS OPERA NATIONALA Bucuresti #14,Entertainment,Opera Nationala
Plata POS blackrock ishares Constanta #001,Investments,BlackRock iShares
PURCHASE COURSERA PLUS ANNUAL Bucharest #4321,Subscriptions,Coursera Plus annual
Cumparare MICROSOFT 365 FAMILY Mall RO,Subscriptions,Microsoft 365 Family
Achizitie CURATATORIE 5ASEC Store 04 #221,Other,Curatatorie 5aSec
Cumparare PROFI LOCO Branch 12 #001,Groceries,Profi Loco
PMT Pensiune Sibiel Center (RO),Travel,Pensiune Sibiel
PURCHASE VODAFONE ROMANIA Mall #001,Utilities,Vodafone Romania
Cumparare ANNABELLA Cluj,Groceries,Annabella
Plata cu cardul Facultatea de Informatica ROM RO,Education,Facultatea de Informatica
Achizitie BURGER KING Center RID:34521,Restaurants,Burger King
Plata POS Etihad Airways Bucharest #14,Travel,Etihad Airways
POS Compari.ro Store 04 RID:34521,Other,Compari.ro
Cumparare c&a fashion Baneasa #221,Other,C&A fashion
POS upwork payout Bucharest #4321,Salary,Upwork payout
PURCHASE Stock purchase MSFT Promenada (RO),Investments,Stock purchase MSFT
PMT POS Shell Romania Sibiu (RO),Transport,Shell Romania
Plata cu cardul Coffee Shop Bohemia RO (RO),Restaurants,Coffee Shop Bohemia
Plata cu cardul distrigaz sud Cluj RO,Utilities,Distrigaz Sud
PMT TERMOENERGETICA AFI Cotroceni #221,Utilities,Termoenergetica
Plata cu cardul UPC ROMANIA Floreasca RO,Utilities,UPC Romania
Plata POS Transfer card to card Center RO,Transfer,Transfer card to card
PMT MEDIUM MEMBERSHIP Online (RO),Subscriptions,Medium membership
Plata POS Bowling Cosmos Cluj 12345,Entertainment,Bowling Cosmos
PMT Orange PrePay Park Lake 12345,Utilities,Orange PrePay
PMT GOOGLE STORAGE AFI Cotroceni (RO),Subscriptions,Google Storage
Emag.ro Store 04 RID:34521,Other,Emag.ro
Plata cu cardul Asociatie locatari Promenada RO,Housing,Asociatie locatari
POS plata contract drepturi autor Park Lake 12345,Salary,Plata contract drepturi autor
Plata POS Cafenea Origo Aviatorilor 12345,Restaurants,Cafenea Origo
CEZ VANZARE Store 04 #001,Utilities,CEZ Vanzare
PMT POS Eventim Downtown RO,Entertainment,Eventim
PMT POS Bolt Food AFI Cotroceni RO,Restaurants,Bolt Food
Cumparare CAZARE CAMIN STUDENTI ROM #14,Education,Cazare camin studenti
Cablu TV + Internet RO (RO),Utilities,Cablu TV + Internet
tradeville romania Brasov #14,Investments,Tradeville Romania
PURCHASE AIRBNB STAY Cotroceni AUT:887412,Travel,Airbnb Stay
1Password Brasov #001,Subscriptions,1Password
Achizitie Turkish Airlines EU #4321,Travel,Turkish Airlines
POS GetYourGuide tur Baneasa AUT:887412,Travel,GetYourGuide tur
Edo Sushi Cluj (RO),Restaurants,Edo Sushi
Plata POS MOBEXPERT EU,Other,Mobexpert
Plata cu cardul Booking.com Hotel AFI Cotroceni #4321,Travel,Booking.com Hotel
POS Stripe internal transfer Online RO,Transfer,Stripe internal transfer
Achizitie Apa Regnault Ploiesti #221,Utilities,Apa Regnault
PMT POS Trading212 deposit Online #221,Investments,Trading212 deposit
Plata POS STOCK PURCHASE MSFT RO #14,Investments,Stock purchase MSFT
calvin klein store Center AUT:887412,Other,Calvin Klein store
Plata POS curatenie apartament Store 04 #14,Housing,Curatenie apartament
Plata cu cardul Plafar magazin Bucuresti RO,Groceries,Plafar magazin
PMT CRYPTO STAKING REWARD Online #221,Investments,Crypto staking reward
Plata cu cardul LIBRARIA DIVERTA RO #001,Education,Libraria Diverta
PMT MCDONALDS EU #14,Restaurants,McDonalds
PMT CAMERA DIN FATA Mall Vitan #001,Restaurants,Camera din Fata
POS Cinema 3D AFI Online #14,Entertainment,Cinema 3D AFI
Plata cu cardul BURGERKING ROM #221,Restaurants,BURGERKING
coffee lab Online,Restaurants,Coffee Lab
PURCHASE HARDEE'S RO (RO),Restaurants,Hardee's
Plata POS AUTOSTRADA A2 Constanta AUT:887412,Transport,Autostrada A2
Plata POS Apple One EU RID:34521,Subscriptions,Apple One
PURCHASE cursuri online it EU #221,Education,Cursuri online IT
Plata cu cardul Albinuta Magazin RO #4321,Groceries,Albinuta Magazin
Plata cu cardul EON.RO factura Downtown (RO),Utilities,EON.RO factura
Plata cu cardul dropbox plus Store 04,Subscriptions,Dropbox Plus
Plata cu cardul cursuri online it Mall #001,Education,Cursuri online IT
PMT Metrorex Drumul Taberei #001,Transport,Metrorex
Plata POS Shell Romania AFI Cotroceni 12345,Transport,Shell Romania
Achizitie farmacia help Online #001,Health,Farmacia Help
Achizitie PLAYSTATION NETWORK Promenada AUT:887412,Entertainment,PlayStation Network
Plata cu cardul Cofetaria Boema Bucharest RO,Other,Cofetaria Boema
Plata cu cardul NETFLIX STANDARD EU RID:34521,Subscriptions,Netflix Standard
Cumparare DEGIRO deposit Promenada #4321,Investments,DEGIRO deposit
POS PayPal transfer Downtown,Transfer,PayPal transfer
PURCHASE Xbox Live Mall,Entertainment,Xbox Live
POS Gaze Naturale Romania Online #4321,Utilities,Gaze Naturale Romania
Achizitie RESTAURANTUL LA MAMA Floreasca AUT:887412,Restaurants,Restaurantul La Mama
Petrom Bucuresti #001,Transport,Petrom
Plata cu cardul EXCURSIE ITALIA AFI Cotroceni AUT:887412,Travel,Excursie Italia
PMT Hertz Rent a Car Bucharest #4321,Travel,Hertz Rent a Car
PURCHASE STEAK HOUSE BUCURESTI Downtown #221,Restaurants,Steak House Bucuresti
Plata POS 5toGo Floreasca (RO),Restaurants,5toGo
Achizitie MOBEXPERT Mall Vitan #001,Other,Mobexpert
Plata POS pharmacy 24/7 Bucharest AUT:887412,Health,Pharmacy 24/7
Cumparare dm Sibiu (RO),Groceries,DM
Cumparare Trading 212 Invest Pipera #4321,Investments,Trading 212 Invest
PMT POS Asociatie locatari Floreasca #4321,Housing,Asociatie locatari
PMT POS CADOU ONLINE Center RID:34521,Other,Cadou online
PMT POS Leroy Merlin Promenada 12345,Other,Leroy Merlin
PURCHASE DIRECT DEPOSIT ACME Brasov #4321,Salary,Direct Deposit ACME
Factura internet Aviatorilor RO,Utilities,Factura internet
Plata POS ETF VOO RO #14,Investments,ETF VOO
Comision agentie imobiliara AFI Cotroceni RID:34521,Housing,Comision agentie imobiliara
PMT POS PIZZA HUT EU 12345,Restaurants,Pizza Hut
Plata cu cardul Bilet avion online Bucharest,Travel,Bilet avion online
PMT POS Vietnam Restaurant RO #14,Restaurants,Vietnam Restaurant
Plata POS Pizzeria Bonita Floreasca #14,Restaurants,Pizzeria Bonita
POS Workshop UX Center RID:34521,Education,Workshop UX
Cumparare Fiverr payout Oradea #4321,Salary,Fiverr payout
Rompetrol Statie Aviatorilor AUT:887412,Transport,Rompetrol Statie
Achizitie psiholog cabinet EU (RO),Health,Psiholog Cabinet
PURCHASE FOODPANDA Branch 12 #4321,Restaurants,FoodPanda
PURCHASE Salariu ACME SRL Aviatorilor #001,Salary,Salariu ACME SRL
Cumparare Penny Online RID:34521,Groceries,Penny
PMT sinsay Mall #14,Other,Sinsay
Plata POS Fond mutual NN Drumul Taberei #14,Investments,Fond mutual NN
POS Dunkin' AFI Cotroceni #14,Restaurants,Dunkin'
PMT POS MOL GROUP Store 04 AUT:887412,Transport,MOL Group
PMT Spotify Family Sibiu RID:34521,Subscriptions,Spotify Family
POS Roviniete Online Baneasa #4321,Transport,Roviniete Online
Achizitie RAT Sibiu Downtown #001,Transport,RAT Sibiu
PMT Cinema 3D AFI Sibiu RO,Entertainment,Cinema 3D AFI
POS Dunkin Donuts Store 04 #001,Restaurants,Dunkin Donuts
PMT carwash express Online RO,Transport,Carwash Express
Achizitie Fiverr payout Park Lake (RO),Salary,Fiverr payout
Plata POS cofetaria delice Park Lake,Other,Cofetaria Delice
Cumparare Udemy Course Ploiesti RO,Education,Udemy Course
Cumparare strava premium ROM #4321,Subscriptions,Strava Premium
PMT MetaMask transaction ROM RID:34521,Investments,MetaMask transaction
Plata cu cardul Instalator urgenta Cluj #14,Housing,Instalator urgenta
Coursera Plus annual RO,Subscriptions,Coursera Plus annual
Cumparare RATA CREDIT IPOTECAR EU #001,Housing,Rata credit ipotecar
Cumparare cinemax Mall (RO),Entertainment,Cinemax
PMT POS Stock purchase AAPL Branch 12 RID:34521,Investments,Stock purchase AAPL
Achizitie Direct Deposit Tech Sun Plaza 12345,Salary,Direct Deposit Tech
PURCHASE Rezervare Airbnb Cluj Downtown AUT:887412,Travel,Rezervare Airbnb Cluj
Cumparare SALARIU LUNA MAI Cluj RO,Salary,Salariu luna mai
POS TakeAway Downtown RID:34521,Restaurants,TakeAway
PURCHASE HOSTEL FRIENDS Center,Travel,Hostel Friends
Achizitie 1PASSWORD FAMILY Drumul Taberei AUT:887412,Subscriptions,1Password Family
PMT salariu acme srl EU #221,Salary,Salariu ACME SRL
Airbnb Stay ROM (RO),Travel,Airbnb Stay
PMT Answear.ro EU AUT:887412,Other,Answear.ro
Cumparare asociatie proprietari bloc 12 ROM #221,Housing,Asociatie Proprietari Bloc 12
Citire contor Ploiesti #001,Utilities,Citire contor
PMT POS virament brd catre bcr Galati RID:34521,Transfer,Virament BRD catre BCR
Cumparare bowling mega mall Mall #14,Entertainment,Bowling Mega Mall
Cumparare Penny Downtown #14,Groceries,Penny
PMT POS HBO Max Iasi RO,Subscriptions,HBO Max
PURCHASE Bumble Premium Vitan RID:34521,Subscriptions,Bumble Premium
PMT ADOBE PREMIERE PRO HOME Aviatorilor #001,Entertainment,Adobe Premiere Pro home
PMT POS Piata Amzei Timisoara #14,Groceries,Piata Amzei
Achizitie trivago Branch 12 RID:34521,Travel,Trivago
Cumparare SPITALUL ELIAS Ploiesti (RO),Health,Spitalul Elias
PMT HERTZ RENT A CAR Promenada,Travel,Hertz Rent a Car
Cumparare medical center bucuresti Center (RO),Health,Medical Center Bucuresti
Achizitie INSTALATOR URGENTA EU (RO),Housing,Instalator urgenta
POS WEBULL DEPOSIT Online #4321,Investments,Webull deposit
PURCHASE Cabinet Cardiologie Floreasca RID:34521,Health,Cabinet Cardiologie
PMT Etihad Airways EU RO,Travel,Etihad Airways
Achizitie TICHET FERIBOT Aviatorilor RO,Travel,Tichet feribot
PMT POS Bolt Scooter Bucharest RID:34521,Transport,Bolt Scooter
Cumparare Gaze Naturale Romania Sibiu AUT:887412,Utilities,Gaze Naturale Romania
Cumparare shake shack Timisoara RO,Restaurants,Shake Shack
Achizitie Bolt Scooter Cluj #4321,Transport,Bolt Scooter
Achizitie hotel hilton sibiu Sun Plaza,Travel,Hotel Hilton Sibiu
Achizitie Emirates Floreasca #4321,Travel,Emirates
POS camera din fata Pipera RID:34521,Restaurants,Camera din Fata
PMT POS salubrizare bucuresti Store 04 #14,Utilities,Salubrizare Bucuresti
PMT auchan drive Floreasca 12345,Groceries,Auchan Drive
TACO BELL Mall Vitan #14,Restaurants,Taco Bell
PMT POS cabinet stomatologic smile Online (RO),Health,Cabinet Stomatologic Smile
PMT POS Lem's mobilier Center #221,Other,Lem's mobilier
Plata POS PLATA FREELANCE PROIECT Bucharest RID:34521,Salary,Plata freelance proiect
Plata POS Vanguard ETF Cluj RID:34521,Investments,Vanguard ETF
PMT POS atelier foto andrei Pipera #221,Other,Atelier Foto Andrei
PMT POS Electrica Furnizare Cotroceni 12345,Utilities,Electrica Furnizare
Achizitie lidl plus Floreasca AUT:887412,Groceries,Lidl Plus
Cumparare Excursie Italia Mall #4321,Travel,Excursie Italia
POS Xbox Game Pass Bucuresti #221,Entertainment,Xbox Game Pass
Cumparare GEAM AUTO SERVICE Bucharest #001,Other,Geam Auto Service
Achizitie bistro french Galati #14,Restaurants,Bistro French
Plata cu cardul Carte tehnica online AFI Cotroceni #221,Education,Carte tehnica online
POS CARTURESTI Galati AUT:887412,Education,Carturesti
POS Direct Deposit Tech Bucharest (RO),Salary,Direct Deposit Tech
PURCHASE editura polirom carte Ploiesti #14,Education,Editura Polirom carte
POS Policlinica Titu Maiorescu AFI Cotroceni RO,Health,Policlinica Titu Maiorescu
PMT Hardee's Drumul Taberei #4321,Restaurants,Hardee's
Plata POS ENGIE ROMANIA Sibiu RO,Utilities,Engie Romania
Cumparare etf sxr8 Mall #4321,Investments,ETF SXR8
PMT POS Rata credit ipotecar Galati RID:34521,Housing,Rata credit ipotecar
PURCHASE Booking.com RO RID:34521,Travel,Booking.com
Plata cu cardul cec bank transfer Drumul Taberei #4321,Transfer,CEC Bank transfer
Pandora bijuterii Online #4321,Other,Pandora bijuterii
Cumparare Real estate REIT Constanta #221,Investments,Real estate REIT
Plata cu cardul BOLT SCOOTER Online AUT:887412,Transport,Bolt Scooter
PMT Direct Deposit Tech Galati #4321,Salary,Direct Deposit Tech
PMT POS BLACK CAB Iasi RID:34521,Transport,Black Cab
PMT POS ITP Service Bucuresti RID:34521,Transport,ITP Service
PMT POS OTP Bank schimb Cotroceni #001,Transfer,OTP Bank schimb
PMT POS Mega Image Pipera,Groceries,Mega Image
POS MASTERCLASS ANNUAL EU RID:34521,Subscriptions,MasterClass annual
PMT POS realestate romania RO #221,Housing,RealEstate Romania
POS la brutaria Constanta 12345,Restaurants,La Brutaria
Achizitie PET SHOP ANIMALIER Cotroceni RO,Other,Pet Shop Animalier
PMT POS distrigaz sud Floreasca (RO),Utilities,Distrigaz Sud
Cumparare Macromex ROM #14,Groceries,Macromex
Plata POS Virament BCR catre BRD Cluj (RO),Transfer,Virament BCR catre BRD
PURCHASE Carrefour Express Cluj,Groceries,Carrefour Express
POS Electrician apartament Downtown #14,Housing,Electrician apartament
Cumparare hertz rent a car Online RO,Travel,Hertz Rent a Car
Plata POS Revolut transfer to friend Sibiu AUT:887412,Transfer,Revolut transfer to friend
POS VIETNAM RESTAURANT Vitan RO,Restaurants,Vietnam Restaurant
POS garantie chirie Store 04 RO,Housing,Garantie chirie
PURCHASE E.ON Energie Romania Constanta RO,Utilities,E.ON Energie Romania
PURCHASE WOLT Center,Restaurants,Wolt
PMT POS SPRINGTIME Cotroceni #14,Restaurants,Springtime
Plata POS 5 to Go Center,Restaurants,5 to Go
POS Cabinet Cardiologie Store 04 RO,Health,Cabinet Cardiologie
Recoltare analize Floreasca AUT:887412,Health,Recoltare analize
Achizitie VELORENT Pipera (RO),Transport,VeloRent
Achizitie freenow Aviatorilor #001,Transport,FreeNow
PMT NOTION AI Vitan (RO),Subscriptions,Notion AI
POS Farmacia Tei Mall Vitan,Health,Farmacia Tei
Tichet cultural Edenred Iasi,Other,Tichet cultural Edenred
Plata cu cardul Kayak Oradea #14,Travel,Kayak
Achizitie Casa Inteligenta administrare Online AUT:887412,Housing,Casa Inteligenta administrare
Cumparare Piata Matache Pipera #14,Groceries,Piata Matache
Plata cu cardul SPALATORIE AUTO Floreasca RO,Transport,Spalatorie Auto
TRANSFER REVOLUT TO BCR Drumul Taberei #4321,Transfer,Transfer Revolut to BCR
PURCHASE RAMSES SUSHI Sibiu #001,Restaurants,Ramses Sushi
PMT POS Tichet feribot AFI Cotroceni AUT:887412,Travel,Tichet feribot
Achizitie întreținere apartament Ploiesti 12345,Housing,Întreținere apartament
Plata cu cardul DEGIRO deposit Pipera RO,Investments,DEGIRO deposit
Achizitie CEZ ROMANIA Drumul Taberei,Utilities,CEZ Romania
Ryanair Cluj #221,Travel,Ryanair
Cumparare Grammarly Premium Cotroceni #4321,Subscriptions,Grammarly Premium
Plata POS DeepL Pro Cluj AUT:887412,Subscriptions,DeepL Pro
PMT SALARIU LUNA IUNIE Galati,Salary,Salariu luna iunie
mic.ro Center #4321,Groceries,Mic.ro
Plata cu cardul EUROSPAR Oradea RO,Groceries,Eurospar
PURCHASE TIER SCOOTER ROM #001,Transport,Tier Scooter
PURCHASE payroll june 2026 Center (RO),Salary,Payroll June 2026
PMT POS Supermarket Local Cluj,Groceries,Supermarket Local
PMT AUDIBLE Cluj #14,Subscriptions,Audible
Plata POS SUPERMARKET LOCAL Timisoara #001,Groceries,Supermarket Local
FOND MUTUAL BT ASSET MGMT Timisoara (RO),Investments,Fond mutual BT Asset Mgmt
PMT factura gaze Oradea (RO),Utilities,Factura gaze
PURCHASE La Placinte Branch 12 #221,Restaurants,La Placinte
Achizitie HERTZ RENT A CAR EU AUT:887412,Travel,Hertz Rent a Car
Plata cu cardul Park Lake bowling Cotroceni #221,Entertainment,Park Lake bowling
Plata cu cardul PLATA FREELANCE PROIECT Online,Salary,Plata freelance proiect
PMT POS cadou online Aviatorilor (RO),Other,Cadou online
PMT POS SPEAKEASY Sun Plaza RID:34521,Restaurants,Speakeasy
Plata cu cardul VIATOR TOUR Constanta 12345,Travel,Viator tour
POS Service Auto Andrei Vitan #4321,Transport,Service Auto Andrei
PURCHASE Profi EU #001,Groceries,Profi
PMT POS Acuarela Cafe Bucharest,Restaurants,Acuarela Cafe
Plata cu cardul uber romania Floreasca 12345,Transport,Uber Romania
raiffeisen virament Branch 12 AUT:887412,Transfer,Raiffeisen virament
PURCHASE Plata contract drepturi autor Store 04 RO,Salary,Plata contract drepturi autor
Cumparare TINDER GOLD Online #221,Subscriptions,Tinder Gold
POS TEATRUL NATIONAL ROM AUT:887412,Entertainment,Teatrul National
PMT POS Hostel Friends Drumul Taberei #14,Travel,Hostel Friends
ROSETTA STONE Vitan (RO),Education,Rosetta Stone
PMT Medic de familie Brasov #001,Health,Medic de familie
PMT FESTIVAL AWAKE Bucharest 12345,Entertainment,Festival Awake
Plata POS PILON III PENSIE PRIVATA Pipera #221,Investments,Pilon III pensie privata
PURCHASE Patreon membership Center #221,Subscriptions,Patreon membership
Plata POS BAR DE ZI FLOREASCA Drumul Taberei RID:34521,Restaurants,Bar de zi Floreasca
Cumparare Brutaria Paul Sun Plaza #4321,Groceries,Brutaria Paul
PMT Office 365 Promenada 12345,Subscriptions,Office 365
Achizitie lufthansa group Iasi RID:34521,Travel,Lufthansa Group
Achizitie CRYPTO.COM Bucharest,Investments,Crypto.com
Plata cu cardul masterclass course Bucuresti AUT:887412,Education,MasterClass course
PURCHASE TELEKOM ROMANIA Bucharest 12345,Utilities,Telekom Romania
Achizitie PRAKTIKER Bucuresti 12345,Other,Praktiker
Plata cu cardul VeloRent Bucharest #4321,Transport,VeloRent
PURCHASE SPALATORIE AUTO Galati #4321,Transport,Spalatorie Auto
PURCHASE CNAIR Rovinieta Baneasa 12345,Transport,CNAIR Rovinieta
Achizitie ALIEXPRESS ORDER Vitan,Other,Aliexpress order
Plata POS Billa Brasov #221,Groceries,Billa
Plata POS Rezervare hotel Predeal Center,Travel,Rezervare hotel Predeal
PURCHASE Linea Closer to the Moon Pipera 12345,Restaurants,Linea Closer to the Moon
Plata cu cardul shopmagazin Mall RO,Groceries,ShopMagazin
POS fresca Park Lake (RO),Restaurants,Fresca
PMT ABOUT YOU Constanta 12345,Other,About You
Achizitie Plata chirie iulie Brasov AUT:887412,Housing,Plata chirie iulie
POS CENTRUL MEDICAL AVIATORILOR Bucharest,Health,Centrul Medical Aviatorilor
PMT POS Spotify Downtown #001,Subscriptions,Spotify
Cumparare Geam Auto Service RO 12345,Other,Geam Auto Service
Achizitie ENERGIEA BAR Aviatorilor #14,Restaurants,Energiea Bar
PMT iabilet Bucuresti #14,Entertainment,iaBilet
klm EU #4321,Travel,KLM
Cumparare Transfer intern Pipera RID:34521,Transfer,Transfer intern
M60 COFFEE ROM (RO),Restaurants,M60 Coffee
Achizitie Setapp EU RO,Subscriptions,Setapp
Plata POS PROFI LOCO Oradea RO,Groceries,Profi Loco
Cumparare Subway Branch 12 #221,Restaurants,Subway
PURCHASE TAROM FLIGHT RO,Transport,Tarom flight
Plata cu cardul Fashion Days Bucharest #001,Other,Fashion Days
Cumparare Coinbase buy Vitan #221,Investments,Coinbase buy
PMT HERVIS SPORTS Brasov RO,Other,Hervis Sports
POS Liceul Cantemir Baneasa AUT:887412,Education,Liceul Cantemir
POS Restaurant centrul vechi RO RID:34521,Restaurants,Restaurant centrul vechi
Plata cu cardul excursie italia EU #14,Travel,Excursie Italia
Plata POS Trader Joe's Sun Plaza RID:34521,Groceries,Trader Joe's
PMT praktiker Drumul Taberei #14,Other,Praktiker
Cumparare opera nationala Galati AUT:887412,Entertainment,Opera Nationala
POS PENSIUNE SINAIA Galati #14,Travel,Pensiune Sinaia
POS TAROM FLIGHT Mall Vitan RID:34521,Transport,Tarom flight
PMT Profi City Center,Groceries,Profi City
POS BlackRock iShares Drumul Taberei #4321,Investments,BlackRock iShares
bilet master Bucuresti #4321,Entertainment,Bilet Master
Plata cu cardul STARBUCKS Bucuresti AUT:887412,Restaurants,Starbucks
Plata cu cardul Vueling Iasi RO,Travel,Vueling
PMT POS fmi bucuresti Sun Plaza 12345,Education,FMI Bucuresti
Plata cu cardul HIDROELECTRICA VANZARE Sun Plaza 12345,Utilities,Hidroelectrica vanzare
PMT POS bijuterii b&d Store 04 #4321,Other,Bijuterii B&D
POS disney+ Bucharest,Subscriptions,Disney+
POS BRUTARIA BOROMIR Iasi AUT:887412,Groceries,Brutaria Boromir
Achizitie Plata contract drepturi autor Park Lake (RO),Salary,Plata contract drepturi autor
Achizitie FESTIVAL ELECTRIC CASTLE Promenada (RO),Entertainment,Festival Electric Castle
Bershka shop EU RO,Other,Bershka shop
Plata cu cardul CITY TOUR LISBON ROM #221,Travel,City tour Lisbon
Achizitie Sala fitness 7card Ploiesti,Health,Sala fitness 7card
Plata cu cardul BOWLING COSMOS Online (RO),Entertainment,Bowling Cosmos
PMT WOLT Brasov #14,Restaurants,Wolt
Plata POS SANADOR Branch 12,Health,Sanador
PMT POS 1PASSWORD EU #14,Subscriptions,1Password
Plata POS Metrorex Abonament Mall,Transport,Metrorex Abonament
PURCHASE Cursuri online IT Iasi RID:34521,Education,Cursuri online IT
POS Cosmetic & Food Shop Cluj,Groceries,Cosmetic & Food Shop
POS OPERA BUCURESTI Store 04 #14,Entertainment,Opera Bucuresti
Plata cu cardul PARCARE PIATA VICTORIEI EU #001,Transport,Parcare Piata Victoriei
PMT gold purchase bnr Branch 12 (RO),Investments,Gold purchase BNR
taxi pelicanul Branch 12 #221,Transport,Taxi Pelicanul
Achizitie POPEYES LOUISIANA KITCHEN Aviatorilor AUT:887412,Restaurants,Popeyes Louisiana Kitchen
PURCHASE METRO CASH & CARRY Aviatorilor RO,Groceries,Metro Cash & Carry
Cumparare PATISERIE PARISUL EU RID:34521,Other,Patiserie Parisul
PURCHASE revolut transfer to friend Timisoara 12345,Transfer,Revolut transfer to friend
Cumparare Direct Deposit Payroll Park Lake (RO),Salary,Direct Deposit Payroll
Cumparare Pharmacy 24/7 Center #001,Health,Pharmacy 24/7
Plata cu cardul OMV Downtown,Transport,OMV
PMT trading 212 invest Promenada RO,Investments,Trading 212 Invest
PURCHASE plata freelance proiect Store 04 (RO),Salary,Plata freelance proiect
PMT POS Joc PC Steam Baneasa RID:34521,Entertainment,Joc PC Steam
Plata POS Wage Transfer Floreasca RID:34521,Salary,Wage Transfer
Achizitie PLATA ONLINE GENERIC ROM AUT:887412,Other,Plata online generic
Achizitie Festival Electric Castle Drumul Taberei RO,Entertainment,Festival Electric Castle
Plata cu cardul walmart grocery Downtown (RO),Groceries,Walmart Grocery
POS factura gaze ROM #221,Utilities,Factura gaze
PMT POS MEDLIFE CONSTANTA Center AUT:887412,Health,MedLife Constanta
Plata POS NINTENDO SWITCH ONLINE Cotroceni (RO),Entertainment,Nintendo Switch Online
Plata cu cardul Rovinieta Cluj RID:34521,Transport,Rovinieta
Plata cu cardul Tommy Hilfiger Baneasa,Other,Tommy Hilfiger
PMT POS BAR DE ZI FLOREASCA Pipera (RO),Restaurants,Bar de zi Floreasca
PMT POS termoenergetica Branch 12 #221,Utilities,Termoenergetica
PMT INTERNET FIBRA OPTICA EU RID:34521,Utilities,Internet fibra optica
disney+ Iasi #14,Subscriptions,Disney+
POS CABINET ORTOPEDIE Online #221,Health,Cabinet Ortopedie
Plata POS BRINGO Online RID:34521,Restaurants,Bringo
Cumparare XTB invest Center (RO),Investments,XTB invest
PMT direct deposit tech Vitan 12345,Salary,Direct Deposit Tech
PMT POS YOUTUBE PREMIUM ROM RID:34521,Subscriptions,YouTube Premium
Plata POS Inmedio Cotroceni AUT:887412,Groceries,Inmedio
POS KLM Vitan,Travel,KLM
Plata POS Mega Image Oradea RO,Groceries,Mega Image
Achizitie LC Waikiki Mall Vitan RO,Other,LC Waikiki
PURCHASE PATISERIE PARISUL Downtown RO,Other,Patiserie Parisul
PMT POS Libraria Mihai Eminescu ROM #221,Education,Libraria Mihai Eminescu
Cumparare NOTION PERSONAL Park Lake #221,Subscriptions,Notion Personal
Achizitie SCOALA GENERALA 4 Branch 12 #221,Education,Scoala Generala 4
Achizitie trattoria il calcio Center #221,Restaurants,Trattoria il Calcio
POS socar Center #001,Transport,SOCAR
PMT POS CALVIN KLEIN STORE Cluj RID:34521,Other,Calvin Klein store
PURCHASE helpnet RO 12345,Health,HelpNet
PMT POS Cafenea Origo Oradea AUT:887412,Restaurants,Cafenea Origo
Cumparare METROUL BUCURESTI RO 12345,Transport,Metroul Bucuresti
INSTALATOR URGENTA Online RO,Housing,Instalator urgenta
Plata cu cardul Telekom Romania Downtown,Utilities,Telekom Romania
Plata cu cardul Radet Bucuresti Downtown RO,Utilities,Radet Bucuresti
PMT POS Internet fibra optica Floreasca (RO),Utilities,Internet fibra optica
Plata POS BILET FILARMONICA ROM #001,Entertainment,Bilet Filarmonica
CALM APP RO 12345,Subscriptions,Calm app
Plata POS Pubul Trafic Promenada #4321,Restaurants,Pubul Trafic
PMT STORIA.RO LISTARE Aviatorilor (RO),Housing,Storia.ro listare
PLAFAR MAGAZIN Pipera 12345,Groceries,Plafar magazin
PMT POS RCS RDS Branch 12 12345,Utilities,RCS RDS
Cumparare WALMART GROCERY Aviatorilor AUT:887412,Groceries,Walmart Grocery
POS steam store Galati RO,Entertainment,Steam Store
PURCHASE HBO Max RO Online #14,Subscriptions,HBO Max RO
PURCHASE Bursa de studii AFI Cotroceni #4321,Education,Bursa de studii
PURCHASE McDonalds Bucharest RID:34521,Restaurants,McDonalds
Cumparare Air France Branch 12 RID:34521,Travel,Air France
POS Hostel Friends Promenada 12345,Travel,Hostel Friends
PMT POS Mini Market Pipera Park Lake 12345,Groceries,Mini Market Pipera
Cumparare Epic Games Drumul Taberei #001,Entertainment,Epic Games
PURCHASE SALVATI COPIII DONATIE Mall Vitan #001,Other,Salvati Copiii donatie
PMT POS brutaria boromir ROM RO,Groceries,Brutaria Boromir
Plata POS Notion Family Aviatorilor (RO),Subscriptions,Notion Family
Plata cu cardul Lifeclub Sala Bucuresti (RO),Health,Lifeclub Sala
WORLD CLASS ROMANIA Floreasca RO,Health,World Class Romania
PMT POS HARD ROCK CAFE Constanta 12345,Restaurants,Hard Rock Cafe
PURCHASE APA CLUJ Store 04 #4321,Utilities,Apa Cluj
Cumparare Chirie luna iunie Mall,Housing,Chirie luna iunie
PMT eMAG ROM,Other,eMAG
PURCHASE dropbox plus AFI Cotroceni (RO),Subscriptions,Dropbox Plus
POS Factura internet Downtown AUT:887412,Utilities,Factura internet
POS VIATOR TOUR Mall,Travel,Viator tour
Plata cu cardul SALARY EMPLOYER EU #001,Salary,SALARY EMPLOYER
POS BRD transfer extern EU 12345,Transfer,BRD transfer extern
Plata POS APPLE MUSIC Bucharest,Subscriptions,Apple Music
Cumparare Gaze Naturale Bucharest #221,Utilities,Gaze Naturale
PILON III PENSIE PRIVATA Iasi #221,Investments,Pilon III pensie privata
PMT POS Booking RO Vitan #001,Travel,Booking RO
Farmacia Tei Sun Plaza RO,Health,Farmacia Tei
Plata POS RENT JUNE Mall Vitan AUT:887412,Housing,RENT JUNE
Plata POS AUCHAN Sibiu #4321,Groceries,Auchan
Achizitie bershka shop Galati RO,Other,Bershka shop
Plata POS Bilet avion online EU #4321,Travel,Bilet avion online
Plata POS Pizzeria Presto Drumul Taberei,Restaurants,Pizzeria Presto
festival awake Store 04 #14,Entertainment,Festival Awake
Orange Romania Fixed Mall (RO),Utilities,Orange Romania Fixed
Plata POS VIRAMENT SALARIU NET RO #4321,Salary,VIRAMENT SALARIU NET
Plata cu cardul RATB Bucuresti 12345,Transport,RATB
POS Rata credit ipotecar Promenada 12345,Housing,Rata credit ipotecar
Wolt Mall #221,Restaurants,Wolt
Cumparare Spitalul Floreasca Aviatorilor #221,Health,Spitalul Floreasca
PMT BRINGO ROM 12345,Restaurants,Bringo
bootcamp coding EU,Education,Bootcamp Coding
Cumparare OLX Imobiliare Mall,Housing,OLX Imobiliare
PURCHASE Revolut Invest Center #001,Investments,Revolut Invest
PMT POS tazz EU RID:34521,Restaurants,Tazz
Plata cu cardul CENTRUL MEDICAL PLUTON Branch 12 RID:34521,Health,Centrul Medical Pluton
PMT github copilot Bucuresti RO,Subscriptions,GitHub Copilot
PMT Curs Corporate Training Iasi #001,Education,Curs Corporate Training
cinema city afi Oradea RID:34521,Entertainment,Cinema City AFI
Plata cu cardul REBU BUCURESTI Baneasa #4321,Utilities,REBU Bucuresti
brutaria paul Vitan #001,Groceries,Brutaria Paul
Achizitie Bricolaj Dedeman Mall,Other,Bricolaj Dedeman
Plata POS KLM Online #14,Travel,KLM
PMT MasterClass course Mall Vitan #4321,Education,MasterClass course
POS Chipotle Mexican Grill Bucharest 12345,Restaurants,Chipotle Mexican Grill
Plata cu cardul Rosetta Stone Timisoara #001,Education,Rosetta Stone
Cumparare RENT JULY RO #4321,Housing,RENT JULY
Plata cu cardul TakeAway Store 04 (RO),Restaurants,TakeAway
PURCHASE CRYPTO.COM Galati #001,Investments,Crypto.com
Plata cu cardul OBB AUSTRIA ROM,Transport,OBB Austria
POS BRD transfer extern Vitan AUT:887412,Transfer,BRD transfer extern
Plata cu cardul EMIRATES Downtown AUT:887412,Travel,Emirates
PURCHASE Festival Untold Vitan RO,Entertainment,Festival Untold
POS bistro vintage ROM RO,Restaurants,Bistro Vintage
Decont 7Card AFI Cotroceni RO,Salary,Decont 7Card
PMT MEDLIFE ROM RID:34521,Health,MedLife
Cumparare EQUITY BUY MSFT Constanta RID:34521,Investments,Equity buy MSFT
PMT Deutsche Bahn ROM #221,Transport,Deutsche Bahn
PMT TEATRUL COMEDIE Pipera #14,Entertainment,Teatrul Comedie
Plata POS TakeAway Iasi #001,Restaurants,TakeAway
Electrica Furnizare Aviatorilor AUT:887412,Utilities,Electrica Furnizare
Cumparare plafar magazin Online #14,Groceries,Plafar magazin
Plata cu cardul EVOMAG Branch 12,Other,Evomag
PMT RENT JULY Aviatorilor #4321,Housing,RENT JULY
Plata cu cardul GOOGLE STORAGE Galati 12345,Subscriptions,Google Storage
Plata POS Qatar Airways Oradea AUT:887412,Travel,Qatar Airways
PMT POS MADO PASTRY & COFFEE Center RO,Restaurants,Mado Pastry & Coffee
Plata cu cardul Notion Personal Floreasca,Subscriptions,Notion Personal
PMT sanador diagnostic Mall Vitan (RO),Health,Sanador Diagnostic
Plata cu cardul payroll april 2026 Sibiu RID:34521,Salary,Payroll April 2026
PMT POS UBER*TRIP Drumul Taberei #4321,Transport,UBER*TRIP
PURCHASE dm Timisoara (RO),Groceries,DM
Plata cu cardul CINEMAX Online,Entertainment,Cinemax
PMT POS digi*fact EU #221,Utilities,DIGI*FACT
PMT POS Farmacia Dona Floreasca #001,Health,Farmacia Dona
Achizitie PARCARE PIATA VICTORIEI Branch 12 #221,Transport,Parcare Piata Victoriei
Cumparare PUB DRUMUL TABEREI Iasi #14,Restaurants,Pub Drumul Taberei
Plata cu cardul Bolt Scooter Mall,Transport,Bolt Scooter
PURCHASE Setapp Promenada RID:34521,Subscriptions,Setapp
PMT WEBULL DEPOSIT Sibiu #4321,Investments,Webull deposit
PMT POS charles schwab RO #221,Investments,Charles Schwab
PMT POS tichete masa up Cotroceni RID:34521,Salary,Tichete masa Up
PMT POS Steam Store Constanta AUT:887412,Entertainment,Steam Store
PURCHASE Coursera Plus Galati,Education,Coursera Plus
PURCHASE chef burger Constanta AUT:887412,Restaurants,Chef Burger
POS Kayak Park Lake (RO),Travel,Kayak
Cumparare farmacia 24h ROM #221,Health,Farmacia 24h
POS puma store Bucuresti RID:34521,Other,Puma store
PMT Bolt.eu RO #4321,Transport,Bolt.eu
Edo Sushi Cluj #14,Restaurants,Edo Sushi
Plata POS TucanoCoffee Branch 12 RID:34521,Restaurants,TucanoCoffee
PMT POS SALA FITNESS 7CARD Vitan #221,Health,Sala fitness 7card
PMT POS Medium membership EU #221,Subscriptions,Medium membership
PMT Recoltare analize Downtown RID:34521,Health,Recoltare analize
Plata cu cardul Curtea Veche Bistro Center 12345,Restaurants,Curtea Veche Bistro
Achizitie APA NOVA BUCURESTI Online #4321,Utilities,Apa Nova Bucuresti
PMT POS Hotel Intercontinental ROM #221,Travel,Hotel Intercontinental
POS apa nova Baneasa AUT:887412,Utilities,Apa Nova
Cumparare Vanguard ETF Vitan #4321,Investments,Vanguard ETF
PMT POS teatrul national Floreasca #221,Entertainment,Teatrul National
Plata POS incasare de la maria Iasi 12345,Transfer,Incasare de la Maria
Cumparare PLATA DIVERSA Sibiu AUT:887412,Other,Plata diversa
SYNEVO LABORATOR Vitan,Health,Synevo Laborator
NOTION FAMILY Online,Subscriptions,Notion Family
PMT POS IBERIA RO #001,Travel,Iberia
POS Hidroelectrica Timisoara #001,Utilities,Hidroelectrica
Plata cu cardul PLATA DIVERSA Drumul Taberei AUT:887412,Other,Plata diversa
POS iaBilet concert Center #221,Entertainment,iaBilet concert
POS Încasare salariu Maria Galati #001,Transfer,Încasare salariu Maria
Adidas store Iasi RO,Other,Adidas store
PMT POS Salariu luna iunie Floreasca #14,Salary,Salariu luna iunie
ing home'bank transfer Center (RO),Transfer,ING Home'Bank transfer
PURCHASE ENGIE FACT Mall 12345,Utilities,ENGIE FACT
PURCHASE BOWLING COSMOS Cotroceni RID:34521,Entertainment,Bowling Cosmos
Cumparare Auto Service Pitesti Brasov #221,Transport,Auto Service Pitesti
Strava Premium Vitan #4321,Subscriptions,Strava Premium
POS plata online generic Bucuresti AUT:887412,Other,Plata online generic
Plata POS Real estate REIT Cluj #221,Investments,Real estate REIT
PMT POS Distrigaz Sud Downtown RID:34521,Utilities,Distrigaz Sud
PMT POS iService Apple ROM #14,Other,iService Apple
POS Kraken buy Online,Investments,Kraken buy
agoda Galati RID:34521,Travel,Agoda
PMT POS NordVPN Drumul Taberei (RO),Subscriptions,NordVPN
POS electrician apartament ROM #4321,Housing,Electrician apartament
salubrizare bucuresti Oradea (RO),Utilities,Salubrizare Bucuresti
Plata POS beauty salon pretty Store 04 (RO),Other,Beauty Salon Pretty
Plata cu cardul treehouse Constanta (RO),Education,Treehouse
Ryanair Online,Travel,Ryanair
Cumparare frizerie elite EU #001,Other,Frizerie Elite
Cumparare ASIGURARE TRAVEL CITY Cotroceni RO,Travel,Asigurare travel City
Achizitie Metrorex RO RID:34521,Transport,Metrorex
Florarie Online Center #14,Other,Florarie Online
Plata cu cardul telekom romania Mall,Utilities,Telekom Romania
Plata cu cardul chick-fil-a Vitan (RO),Restaurants,Chick-fil-A
PMT BINANCE SPOT ROM #14,Investments,Binance Spot
Electrica Furnizare Vitan #4321,Utilities,Electrica Furnizare
Plata POS BONUS ANUAL Bucuresti (RO),Salary,Bonus anual
PMT POS STARBUCKS COFFEE ROM RO,Restaurants,STARBUCKS COFFEE
POS Citire contor Sun Plaza RO,Utilities,Citire contor
Plata cu cardul SHELL ROMANIA Mall Vitan,Transport,Shell Romania
POS Reserved RO EU #001,Other,Reserved RO
Plata POS Salvati Copiii donatie Brasov RO,Other,Salvati Copiii donatie
Achizitie ROBINHOOD DEPOSIT Promenada AUT:887412,Investments,Robinhood deposit
PMT POS Autostrada A1 Branch 12 AUT:887412,Transport,Autostrada A1
Cabinet Veterinar Pet Doctor Cluj #14,Other,Cabinet Veterinar Pet Doctor
PMT wendys Mall Vitan 12345,Restaurants,Wendys
Plata cu cardul Teatrul National Floreasca #14,Entertainment,Teatrul National
Plata cu cardul GOG.COM ROM #4321,Entertainment,GOG.com
Plata POS Service Laptop Downtown,Other,Service Laptop
PURCHASE LinkedIn Premium Vitan RID:34521,Subscriptions,LinkedIn Premium
Asigurare apartament EU #221,Housing,Asigurare apartament
Plata POS Tim Hortons Center #14,Restaurants,Tim Hortons
Cumparare GAZE NATURALE Vitan RID:34521,Utilities,Gaze Naturale
PURCHASE TAROM BILET ONLINE Sun Plaza #4321,Travel,TAROM bilet online
Cumparare Tradeville Romania Drumul Taberei RID:34521,Investments,Tradeville Romania
PMT POS coursera Mall #14,Education,Coursera
POS XTB DEPOSIT Online #4321,Investments,XTB deposit
POS Patreon membership Pipera #4321,Subscriptions,Patreon membership
Plata POS CEZ VANZARE Center #221,Utilities,CEZ Vanzare
TAROM ROM 12345,Travel,TAROM
Cablu TV + Internet Bucharest #001,Utilities,Cablu TV + Internet
Plata POS Steam Wallet Ploiesti,Entertainment,Steam Wallet
Achizitie Codecademy Baneasa AUT:887412,Education,Codecademy
Achizitie PAYPAL PAYOUT Mall Vitan 12345,Transfer,PayPal payout
PURCHASE BT CAPITAL INVEST Galati 12345,Investments,BT Capital Invest
Plata cu cardul Metrorex Abonament Aviatorilor #4321,Transport,Metrorex Abonament
Plata POS chirie luna iulie Ploiesti 12345,Housing,Chirie luna iulie
Plata cu cardul Asigurare calatorie Allianz ROM RID:34521,Travel,Asigurare calatorie Allianz
PMT POS Universitatea Cluj Mall Vitan #221,Education,Universitatea Cluj
PMT Inchiriere masina Sixt Sibiu 12345,Travel,Inchiriere masina Sixt
Plata cu cardul ESCAPE ROOM LOGICA Sibiu,Entertainment,Escape Room Logica
PMT XBOX LIVE Iasi #14,Entertainment,Xbox Live
Achizitie pluralsight Baneasa (RO),Education,Pluralsight
Bere si grill Park Lake AUT:887412,Restaurants,Bere si grill
POS squarespace plan Store 04 #14,Subscriptions,Squarespace Plan
Plata cu cardul METAMASK TRANSACTION Iasi RID:34521,Investments,MetaMask transaction
Cumparare GAZE NATURALE ROMANIA Baneasa #14,Utilities,Gaze Naturale Romania
POS ESCAPE ROOM ADVENTURE AFI Cotroceni,Entertainment,Escape Room Adventure
PMT POS chirie studio Constanta AUT:887412,Housing,Chirie studio
Plata POS Autostrada A1 EU #14,Transport,Autostrada A1
Achizitie Croitorie de Lux Mall 12345,Other,Croitorie de Lux
PMT POS Restaurant centrul vechi Timisoara 12345,Restaurants,Restaurant centrul vechi
Plata cu cardul aldi Ploiesti (RO),Groceries,Aldi
Plata POS GOLD PURCHASE BNR Galati #221,Investments,Gold purchase BNR
Achizitie Expedia Brasov (RO),Travel,Expedia
PURCHASE Metrorex Cotroceni RID:34521,Transport,Metrorex
Achizitie ENEL*FACT Bucharest RID:34521,Utilities,ENEL*FACT
PURCHASE tesco Branch 12 #221,Groceries,Tesco
Cumparare Trading 212 deposit Vitan (RO),Investments,Trading 212 deposit
PMT POS CABINET FAMILIE DR. POPESCU EU RO,Health,Cabinet Familie Dr. Popescu
POS Pizzeria Bonita Online RO,Restaurants,Pizzeria Bonita
PMT PLATA CHIRIE IULIE Mall Vitan #14,Housing,Plata chirie iulie
Cumparare takeaway RO 12345,Restaurants,TakeAway
PURCHASE Starbucks Mall #14,Restaurants,Starbucks
PMT Kraken purchase EU #221,Investments,Kraken purchase
Achizitie Selgros ROM (RO),Groceries,Selgros
PMT SPOTIFY FAMILY Iasi (RO),Subscriptions,Spotify Family
Pizzeria 4 Amici Bucuresti #221,Restaurants,Pizzeria 4 Amici
Cumparare Farmacia Catena Center #14,Health,Farmacia Catena
Garantie chirie Aviatorilor #14,Housing,Garantie chirie
Cumparare Bolt Romania Promenada RO,Transport,Bolt Romania
POS OLX IMOBILIARE Mall Vitan 12345,Housing,OLX Imobiliare
Plata POS Cinema City AFI ROM RO,Entertainment,Cinema City AFI
Plata cu cardul COMPENSATIE SPORT 7CARD Center RO,Salary,Compensatie sport 7card
Douglas magazin Online AUT:887412,Other,Douglas magazin
POS Equity buy MSFT AFI Cotroceni RO,Investments,Equity buy MSFT
POS Google Storage Park Lake #001,Subscriptions,Google Storage
Plata POS PUBUL TRAFIC Downtown AUT:887412,Restaurants,Pubul Trafic
PMT BurgerFest Center 12345,Restaurants,BurgerFest
Cumparare DISCORD NITRO Iasi 12345,Entertainment,Discord Nitro
POS OTP BANK SCHIMB Baneasa #4321,Transfer,OTP Bank schimb
DM RO RO,Groceries,DM
Plata cu cardul GETYOURGUIDE TUR Oradea (RO),Travel,GetYourGuide tur
PMT POS BONUS PERFORMANTA Q1 Cotroceni AUT:887412,Salary,Bonus performanta Q1
Achizitie COOP RO RID:34521,Groceries,Coop
Cumparare Trenitalia Galati 12345,Transport,Trenitalia
Cumparare Auchan Drive Promenada RO,Groceries,Auchan Drive
PURCHASE BurgerFest Bucharest RO,Restaurants,BurgerFest
POS Fresca Baneasa (RO),Restaurants,Fresca
Cumparare Burger Van Branch 12 AUT:887412,Restaurants,Burger Van
PMT POS asigurare travel city Baneasa,Travel,Asigurare travel City
PMT Sala fitness 7card Drumul Taberei AUT:887412,Health,Sala fitness 7card
Achizitie Gift card Ploiesti #4321,Other,Gift card
POS BERE SI GRILL Bucharest RO,Restaurants,Bere si grill
vrbo Drumul Taberei 12345,Travel,Vrbo
Cumparare Apa Nova Bucuresti Sibiu AUT:887412,Utilities,Apa Nova Bucuresti
Carrefour Market Center (RO),Groceries,Carrefour Market
Plata chirie iunie Promenada (RO),Housing,Plata chirie iunie
Plata cu cardul PLATA CHIRIE IULIE Aviatorilor 12345,Housing,Plata chirie iulie
PMT POS GETYOURGUIDE TUR Ploiesti #4321,Travel,GetYourGuide tur
Plata cu cardul STEAM AFI Cotroceni #4321,Entertainment,Steam
Plata cu cardul iaBilet Floreasca (RO),Entertainment,iaBilet
PMT POS profi city Mall Vitan #14,Groceries,Profi City
Plata POS linear app RO #4321,Subscriptions,Linear App
Cumparare salariu luna iunie Floreasca 12345,Salary,Salariu luna iunie
POS Citire contor Drumul Taberei RID:34521,Utilities,Citire contor
Plata cu cardul BOLT Promenada #001,Transport,Bolt
Plata cu cardul TAXI PELICANUL RO #4321,Transport,Taxi Pelicanul
Achizitie TEMU ORDER Center,Other,Temu order
Achizitie chipotle mexican grill Bucharest 12345,Restaurants,Chipotle Mexican Grill
Achizitie Pluralsight Skills Baneasa #001,Education,Pluralsight Skills
Achizitie SEPA CREDIT TRANSFER Cotroceni #001,Transfer,SEPA Credit Transfer
PMT POS teatrul national Oradea,Entertainment,Teatrul National
PMT POS apaserv brasov Cluj (RO),Utilities,ApaServ Brasov
ISERVICE APPLE Brasov 12345,Other,iService Apple
enel energie EU #14,Utilities,Enel Energie
POS Pensiune Bran Downtown #14,Travel,Pensiune Bran
POS origo coffee Mall Vitan #001,Restaurants,Origo Coffee
Cumparare Transfer in lei EU #221,Transfer,Transfer in lei
Cumparare Vivo Restaurant Online #001,Restaurants,Vivo Restaurant
Achizitie EPIC GAMES STORE Center #4321,Entertainment,Epic Games Store
PMT POS Chipotle Mexican Grill RO #14,Restaurants,Chipotle Mexican Grill
Achizitie Restaurant centrul vechi Pipera (RO),Restaurants,Restaurant centrul vechi
PURCHASE Treehouse Aviatorilor #221,Education,Treehouse
etf eunl Pipera (RO),Investments,ETF EUNL
POS Sushi Master Promenada AUT:887412,Restaurants,Sushi Master
Achizitie MEDIC DE FAMILIE Sun Plaza #001,Health,Medic de familie
POS CURATENIE CASA Timisoara #4321,Housing,Curatenie casa
Cumparare DM Mall Vitan RID:34521,Groceries,DM
Coffee Project Cluj RID:34521,Restaurants,Coffee Project
PMT SUSHI NOW ROM #221,Restaurants,Sushi Now
Achizitie Plata online generic ROM #221,Other,Plata online generic
Cumparare revolut stocks Branch 12 RO,Investments,Revolut stocks
Apa Nova Sun Plaza #221,Utilities,Apa Nova
Plata cu cardul Excursie Italia Branch 12 #14,Travel,Excursie Italia
PMT Patiserie Boulangerie Store 04,Other,Patiserie Boulangerie
Achizitie DigitalOcean Droplet Bucharest (RO),Subscriptions,DigitalOcean Droplet
Plata cu cardul LIBRARIA DIVERTA Branch 12 AUT:887412,Education,Libraria Diverta
Plata POS VIVO RESTAURANT Vitan,Restaurants,Vivo Restaurant
PMT POS Starbucks Promenada AUT:887412,Restaurants,Starbucks
PURCHASE ADMINISTRATOR BLOC 12 Bucharest #4321,Housing,Administrator bloc 12
Plata cu cardul aquapark therme Mall #001,Entertainment,Aquapark Therme
Plata cu cardul Babbel Learning Bucharest RO,Education,Babbel Learning
Plata cu cardul Aquatim Timisoara Sibiu,Utilities,Aquatim Timisoara
PURCHASE roblox subscription Drumul Taberei (RO),Entertainment,Roblox subscription
Achizitie RENT JUNE Mall Vitan #001,Housing,RENT JUNE
Metro Cash & Carry Bucharest #4321,Groceries,Metro Cash & Carry
Plata POS trattoria buongiorno Online #001,Restaurants,Trattoria Buongiorno
Plata POS TRANSFER ING TO REVOLUT Baneasa AUT:887412,Transfer,Transfer ING to Revolut
medical center bucuresti Timisoara RID:34521,Health,Medical Center Bucuresti
POS STRADIVARIUS Timisoara 12345,Other,Stradivarius
POS Kaufland Online Branch 12 (RO),Groceries,Kaufland Online
POS Selgros Constanta RO,Groceries,Selgros
Achizitie joc pc steam Sun Plaza RO,Entertainment,Joc PC Steam
PURCHASE sncf RO AUT:887412,Transport,SNCF
YOUTUBE PREMIUM Timisoara AUT:887412,Subscriptions,YouTube Premium
Asigurare apartament Ploiesti AUT:887412,Housing,Asigurare apartament
Plata cu cardul PROTONVPN Mall Vitan,Subscriptions,ProtonVPN
REAL ESTATE REIT Mall Vitan AUT:887412,Investments,Real estate REIT
POS AWS Free Tier Timisoara RO,Subscriptions,AWS Free Tier
PMT POS MENTENANTA LIFT Bucharest #221,Housing,Mentenanta lift
UDEMY COURSE Oradea #4321,Education,Udemy Course
Plata cu cardul AVIS RENT Online (RO),Travel,Avis Rent
Cumparare E.ON Baneasa 12345,Utilities,E.ON
Cumparare ÎNTREȚINERE CASA RO #001,Housing,Întreținere casa
PURCHASE GOG.com Oradea #221,Entertainment,GOG.com
mega image Downtown (RO),Groceries,Mega Image
Cumparare XPRESS MARKET Vitan (RO),Groceries,XPRESS Market
POS AVIS RENT Aviatorilor,Travel,Avis Rent
Achizitie TRANSFER ING TO REVOLUT Branch 12 RO,Transfer,Transfer ING to Revolut
POS KAYAK Cluj #001,Travel,Kayak
Plata cu cardul JYSK mobilier Mall Vitan,Other,JYSK mobilier
Plata POS VODAFONE CABLE Downtown RID:34521,Utilities,Vodafone Cable
PMT POS PLURALSIGHT SKILLS Galati (RO),Education,Pluralsight Skills
Hotel Hilton Sibiu Iasi #14,Travel,Hotel Hilton Sibiu
PMT Bijuterii B&D Pipera (RO),Other,Bijuterii B&D
iCloud Mall #14,Subscriptions,iCloud
Achizitie Burgerista Online RID:34521,Restaurants,Burgerista
PMT POS WENDY'S Online RO,Restaurants,Wendy's
PMT ProtonVPN Cotroceni #4321,Subscriptions,ProtonVPN
Cumparare SALUBRIZARE BUCURESTI Galati RID:34521,Utilities,Salubrizare Bucuresti
Logoped sedinta RO #001,Health,Logoped sedinta
Achizitie Rosetta Stone Bucuresti #14,Education,Rosetta Stone
Plata cu cardul Trattoria il Calcio Mall Vitan,Restaurants,Trattoria il Calcio
Cumparare RTEC CONSTANTA Sun Plaza 12345,Transport,RTEC Constanta
Plata POS Reparatii instalatie sanitara Bucharest,Housing,Reparatii instalatie sanitara
TV Cablu Romtelecom Mall #14,Utilities,TV Cablu Romtelecom
PMT XBOX LIVE Brasov,Entertainment,Xbox Live
PMT POS spartan Branch 12 12345,Restaurants,Spartan
PMT freenow ROM RID:34521,Transport,FreeNow
Cumparare Wendy's Galati #001,Restaurants,Wendy's
PMT POS teatrul mic Pipera #14,Entertainment,Teatrul Mic
Cumparare Telekom Mobile AFI Cotroceni #4321,Utilities,Telekom Mobile
Cumparare SETAPP Iasi #4321,Subscriptions,Setapp
PURCHASE MOL Romania Oradea RO,Transport,MOL Romania
POS CEC virament Constanta #221,Transfer,CEC virament
PURCHASE DECONT SALARIAL Aviatorilor #001,Salary,Decont salarial
Cumparare Netlify Pro Bucuresti #221,Subscriptions,Netlify Pro
Plata POS figma professional Vitan #14,Subscriptions,Figma Professional
Cumparare Carwash Express Mall RID:34521,Transport,Carwash Express
Plata cu cardul NETFLIX Sun Plaza (RO),Subscriptions,Netflix
PMT Amazon.com Downtown #221,Other,Amazon.com
Cumparare universitatea cluj EU,Education,Universitatea Cluj
Achizitie direct deposit tech Promenada,Salary,Direct Deposit Tech
Farmacia Sensiblu Aviatorilor RID:34521,Health,Farmacia Sensiblu
Achizitie STEAK HOUSE BUCURESTI Branch 12 #14,Restaurants,Steak House Bucuresti
PMT POS manual editura niculescu Sibiu #4321,Education,Manual Editura Niculescu
PURCHASE TREEHOUSE RO,Education,Treehouse
CHIRIE STUDIO Oradea,Housing,Chirie studio
Plata cu cardul pc garage Galati RID:34521,Other,PC Garage
PMT gaze naturale romania Promenada #221,Utilities,Gaze Naturale Romania
PMT Termoficare CET Cotroceni AUT:887412,Utilities,Termoficare CET
POS BURGERFEST Online #221,Restaurants,BurgerFest
Aquapark Therme Sun Plaza (RO),Entertainment,Aquapark Therme
Cumparare CINEMA CITY AFI ROM,Entertainment,Cinema City AFI
PURCHASE iCloud Store 04 #221,Subscriptions,iCloud
ASIGURARE LOCUINTA AFI Cotroceni AUT:887412,Housing,Asigurare locuinta
Achizitie ETF VWCE Baneasa #001,Investments,ETF VWCE
PURCHASE Tour ghidat Roma Store 04 12345,Travel,Tour ghidat Roma
PURCHASE Domino's Center #001,Restaurants,Domino's
PURCHASE TAXI COBALCESCU Cotroceni RID:34521,Transport,Taxi Cobalcescu
PMT POS APA NOVA Sibiu RID:34521,Utilities,Apa Nova
PMT ANSWEAR.RO Aviatorilor #4321,Other,Answear.ro
PURCHASE FLORARIE DIANA Timisoara RO,Other,Florarie Diana
SUBWAY SANDWICH Constanta #14,Restaurants,SUBWAY SANDWICH
Cumparare SNCF Sun Plaza #001,Transport,SNCF
Plata POS mic.ro RO 12345,Groceries,Mic.ro
POS CHIRIE STUDIO Downtown (RO),Housing,Chirie studio
Achizitie Emirates Mall #221,Travel,Emirates
PMT POS ING HOME'BANK TRANSFER Branch 12 (RO),Transfer,ING Home'Bank transfer
Plata cu cardul HIDROELECTRICA VANZARE Sibiu 12345,Utilities,Hidroelectrica vanzare
Plata POS Centrul Medical Pluton Sibiu (RO),Health,Centrul Medical Pluton
PURCHASE TucanoCoffee Cluj,Restaurants,TucanoCoffee
Achizitie Dunkin Donuts Cluj RID:34521,Restaurants,Dunkin Donuts
PURCHASE salon coafor Cotroceni (RO),Other,Salon Coafor
Plata cu cardul FACTURA GAZE Mall #4321,Utilities,Factura gaze
PURCHASE brd transfer extern AFI Cotroceni 12345,Transfer,BRD transfer extern
Plata cu cardul socar Constanta #001,Transport,SOCAR
Cinema City Oradea,Entertainment,Cinema City
PMT POS universitate tehnica Mall Vitan #221,Education,Universitate Tehnica
Achizitie Trivago Baneasa (RO),Travel,Trivago
Achizitie Udemy Business Aviatorilor AUT:887412,Education,Udemy Business
escape room adventure Drumul Taberei #4321,Entertainment,Escape Room Adventure
Cumparare lime scooter Online #221,Transport,Lime Scooter
PMT POS ADIDAS STORE EU #001,Other,Adidas store
PMT ACHIZITIE DIVERSA AFI Cotroceni,Other,Achizitie diversa
Cumparare DM Brasov #221,Groceries,DM
Cumparare twitch subscription Sibiu,Entertainment,Twitch subscription
Achizitie bonus performanta q1 Constanta AUT:887412,Salary,Bonus performanta Q1
Achizitie broker bt capital Pipera 12345,Investments,Broker BT Capital
Plata POS whole foods market Bucuresti #4321,Groceries,Whole Foods Market
PMT tv cablu romtelecom Ploiesti 12345,Utilities,TV Cablu Romtelecom
PMT DB Bahn Pipera,Transport,DB Bahn
Plata cu cardul Metro Cash & Carry Sun Plaza (RO),Groceries,Metro Cash & Carry
Plata cu cardul SPRINGTIME Mall (RO),Restaurants,Springtime
PURCHASE CURSURI ONLINE IT Iasi RID:34521,Education,Cursuri online IT
PURCHASE Salubritate URBAN RO #4321,Utilities,Salubritate URBAN
POS BURSA DE STUDII Aviatorilor #001,Education,Bursa de studii
POS factura internet Constanta 12345,Utilities,Factura internet
PMT curatenie apartament Floreasca 12345,Housing,Curatenie apartament
PMT POS bistro french RO #221,Restaurants,Bistro French
PURCHASE coursera Oradea (RO),Education,Coursera
Plata cu cardul BK Cotroceni (RO),Restaurants,BK
Plata POS Rezervare Airbnb Cluj Mall #14,Travel,Rezervare Airbnb Cluj
Plata POS Plata freelance proiect Mall Vitan #4321,Salary,Plata freelance proiect
Achizitie CABINET FAMILIE DR. POPESCU ROM #14,Health,Cabinet Familie Dr. Popescu
Amazon DE Bucharest (RO),Other,Amazon DE
Plata cu cardul Asociatie locatari ROM RID:34521,Housing,Asociatie locatari
PROFI LOCO Oradea RO,Groceries,Profi Loco
PMT cabinet veterinar pet doctor Bucuresti #14,Other,Cabinet Veterinar Pet Doctor
PURCHASE cablu tv + internet Timisoara RID:34521,Utilities,Cablu TV + Internet
Achizitie Salariu ore suplimentare Store 04 RID:34521,Salary,Salariu ore suplimentare
POS Reteaua Regina Maria Floreasca #14,Health,Reteaua Regina Maria
POS Burger Van Sun Plaza (RO),Restaurants,Burger Van
DB BAHN Brasov (RO),Transport,DB Bahn
OPENAI PLUS Aviatorilor RID:34521,Subscriptions,OpenAI Plus
Cumparare RCS RDS Mall Vitan #14,Utilities,RCS RDS
POS TICHET CULTURAL EDENRED Store 04 #14,Other,Tichet cultural Edenred
Plata cu cardul Asigurare locuinta Baneasa #4321,Housing,Asigurare locuinta
Plata POS Penny Market Promenada #221,Groceries,Penny Market
Plata cu cardul Air France AFI Cotroceni RO,Travel,Air France
PMT TELEKOM MOBILE Mall Vitan #14,Utilities,Telekom Mobile
POS DRUMURI NATIONALE Store 04,Transport,Drumuri Nationale
Cumparare PAYPAL PAYOUT ROM #001,Transfer,PayPal payout
Plata POS comision agentie imobiliara Center 12345,Housing,Comision agentie imobiliara
PMT Real estate REIT Bucuresti #221,Investments,Real estate REIT
Achizitie CAUCIUCURI PREMIUM Brasov AUT:887412,Transport,Cauciucuri Premium
Imobiliare.ro listare ROM RO,Housing,Imobiliare.ro listare
PMT ase bucuresti Baneasa #221,Education,ASE Bucuresti
PMT RESERVED RO ROM,Other,Reserved RO
PMT E.ON ENERGIE ROMANIA Cluj (RO),Utilities,E.ON Energie Romania
POS ESCAPE ROOM LOGICA Timisoara AUT:887412,Entertainment,Escape Room Logica
PMT POS BUMBLE PREMIUM Downtown #4321,Subscriptions,Bumble Premium
Cumparare P2P crypto exchange Vitan #001,Investments,P2P crypto exchange
POS facultatea de informatica Constanta (RO),Education,Facultatea de Informatica
PMT Garantie chirie Online RID:34521,Housing,Garantie chirie
PURCHASE Patiseria Simigerie Center #14,Groceries,Patiseria Simigerie
Achizitie APASERV BRASOV Mall RID:34521,Utilities,ApaServ Brasov
PURCHASE Wise FX Bucharest RO,Transfer,Wise FX
Cumparare BISTROTECA Park Lake #4321,Restaurants,Bistroteca
PMT POS Microsoft 365 Family Mall Vitan #4321,Subscriptions,Microsoft 365 Family
Cumparare Hollywood Multiplex Online 12345,Entertainment,Hollywood Multiplex
Plata POS BOOKING RO Aviatorilor (RO),Travel,Booking RO
PURCHASE RAT Sibiu Promenada (RO),Transport,RAT Sibiu
POS electrica distributie Bucharest RO,Utilities,Electrica Distributie
PMT INCASARE DE LA ION ROM AUT:887412,Transfer,Incasare de la Ion
Florarie Diana Store 04 #221,Other,Florarie Diana
PMT POS Bilete fotbal Steaua Store 04 12345,Entertainment,Bilete fotbal Steaua
Plata POS TRATTORIA IL CALCIO Bucuresti AUT:887412,Restaurants,Trattoria il Calcio
PMT POS Squarespace Plan Cotroceni #4321,Subscriptions,Squarespace Plan
PURCHASE mcdonalds Mall AUT:887412,Restaurants,McDonalds
Plata POS iCloud Pipera RID:34521,Subscriptions,iCloud
Plata POS Pluralsight Mall #14,Education,Pluralsight
PURCHASE PRET A MANGER Constanta #221,Restaurants,Pret a Manger
PURCHASE eon.ro factura Floreasca,Utilities,EON.RO factura
PMT CALM APP Mall (RO),Subscriptions,Calm app
Plata POS TAROM BILET ONLINE Cotroceni 12345,Travel,TAROM bilet online
PMT memrise Pipera #001,Education,Memrise
Achizitie ACUARELA CAFE Center RO,Restaurants,Acuarela Cafe
PURCHASE plata diversa Drumul Taberei #221,Other,Plata diversa
PMT Storia.ro listare Promenada RO,Housing,Storia.ro listare
Achizitie apometru index Online,Utilities,Apometru index
PURCHASE bt transfer RO #4321,Transfer,BT transfer
PURCHASE Service Laptop Galati (RO),Other,Service Laptop
PURCHASE florarie diana Downtown (RO),Other,Florarie Diana
PURCHASE BOLT FOOD Store 04 RID:34521,Restaurants,Bolt Food
Achizitie whole foods market Baneasa RID:34521,Groceries,Whole Foods Market
Achizitie Cinemax Branch 12 #14,Entertainment,Cinemax
PMT POS TAXI CRIS Baneasa,Transport,Taxi Cris
Cumparare încasare salariu maria Sun Plaza RO,Transfer,Încasare salariu Maria
PMT salubritate urban Pipera,Utilities,Salubritate URBAN
Cumparare LINEAR APP Drumul Taberei,Subscriptions,Linear App
PMT Restaurant Hanu' Berarilor Galati RO,Restaurants,Restaurant Hanu' Berarilor
Plata POS Black Cab RO RO,Transport,Black Cab
Plata POS Stripe internal transfer Store 04 12345,Transfer,Stripe internal transfer
Plata cu cardul RAT Sibiu Timisoara RID:34521,Transport,RAT Sibiu
PMT CASA RUSU MOBILIER Vitan AUT:887412,Other,Casa Rusu mobilier
PURCHASE DEGIRO transfer RO #001,Investments,DEGIRO transfer
PMT PULL&BEAR Galati AUT:887412,Other,Pull&Bear
POS STB Abonament Online Bucharest #001,Transport,STB Abonament Online
PMT POS asociatie locatari Iasi,Housing,Asociatie locatari
Cumparare Strava Premium Baneasa #14,Subscriptions,Strava Premium
PMT POS Magazin Mixt Pipera RID:34521,Groceries,Magazin Mixt
Plata cu cardul asociatie locatari EU (RO),Housing,Asociatie locatari
POS PC Garage Drumul Taberei 12345,Other,PC Garage
PMT EDX MICROSOFT Drumul Taberei #001,Education,edX Microsoft
POS TucanoCoffee Store 04 #14,Restaurants,TucanoCoffee
Plata POS DB Bahn Sun Plaza AUT:887412,Transport,DB Bahn
POS epic games Branch 12 #221,Entertainment,Epic Games
Achizitie Trading212 deposit RO RO,Investments,Trading212 deposit
POS Tichete masa Up ROM AUT:887412,Salary,Tichete masa Up
PURCHASE Auchan Constanta,Groceries,Auchan
PURCHASE Cafenea Origo Sun Plaza #221,Restaurants,Cafenea Origo
PMT olx imobiliare Drumul Taberei 12345,Housing,OLX Imobiliare
Achizitie Telekom Romania Constanta #14,Utilities,Telekom Romania
POS Eventim Ploiesti,Entertainment,Eventim
CARTURESTI Cluj #4321,Education,Carturesti
Plata POS DataCamp Premium Galati #001,Education,DataCamp Premium
Plata POS Duolingo Super Online AUT:887412,Subscriptions,Duolingo Super
PURCHASE BIO ROMANIA Aviatorilor (RO),Groceries,Bio Romania
PMT Plata chirie iulie Ploiesti 12345,Housing,Plata chirie iulie
Cumparare Transfer in EUR Center #221,Transfer,Transfer in EUR
Plata POS TRANSFER BCR TO ING AFI Cotroceni RO,Transfer,Transfer BCR to ING
POS STB Abonament Online Bucharest #4321,Transport,STB Abonament Online
Cumparare Hertz Rent a Car Floreasca,Travel,Hertz Rent a Car
PURCHASE Property Manager fees Branch 12 #14,Housing,Property Manager fees
Plata POS CFR Calatori Pipera,Transport,CFR Calatori
Cumparare Transfer cont curent ROM 12345,Transfer,Transfer cont curent
iService Apple Park Lake #14,Other,iService Apple
Cumparare cablu tv + internet Pipera (RO),Utilities,Cablu TV + Internet
Cumparare SERVICE GSM Constanta AUT:887412,Other,Service GSM
Plata POS Card preplatit Up Bucharest #221,Other,Card preplatit Up
PMT escape room adventure Aviatorilor #14,Entertainment,Escape Room Adventure
Cumparare ESCAPE ROOM LOGICA Drumul Taberei #4321,Entertainment,Escape Room Logica
PMT TESCO Constanta (RO),Groceries,Tesco
PMT POS Arby's Mall (RO),Restaurants,Arby's
Achizitie MAGAZIN MIXT Cotroceni,Groceries,Magazin Mixt
Plata cu cardul Rompetrol Statie Timisoara #14,Transport,Rompetrol Statie
Anaida Restaurant Drumul Taberei 12345,Restaurants,Anaida Restaurant
Plata POS auchan Bucharest RO,Groceries,Auchan
Achizitie BLACK CAB Galati RID:34521,Transport,Black Cab
PMT POS TAZZ Sun Plaza 12345,Restaurants,Tazz
Cumparare ApaServ Brasov Galati AUT:887412,Utilities,ApaServ Brasov
Cumparare psiholog cabinet Constanta #14,Health,Psiholog Cabinet
Plata cu cardul vrbo Galati,Travel,Vrbo
PURCHASE Concert Sala Polivalenta Store 04 #14,Entertainment,Concert Sala Polivalenta
POS Tichete cadou Edenred Sun Plaza 12345,Salary,Tichete cadou Edenred
PURCHASE BERSHKA SHOP Cotroceni #4321,Other,Bershka shop
PMT coinbase buy Pipera RID:34521,Investments,Coinbase buy
POS enel energie RO #4321,Utilities,Enel Energie
PMT POS Dominos Pizza Store 04 #14,Restaurants,Dominos Pizza
Plata cu cardul El Torito Mexican Sun Plaza AUT:887412,Restaurants,El Torito Mexican
Plata POS Mentenanta lift Mall #14,Housing,Mentenanta lift
POS RENT JULY Store 04 RID:34521,Housing,RENT JULY
Achizitie discord nitro Ploiesti #001,Entertainment,Discord Nitro
Plata POS Fresh Corner Oradea #14,Groceries,Fresh Corner
PMT Aldi RO AUT:887412,Groceries,Aldi
PMT POS Bolt Promenada #221,Transport,Bolt
Plata POS RENT JULY Bucharest #4321,Housing,RENT JULY
Achizitie PLATA CHIRIE IUNIE Center #4321,Housing,Plata chirie iunie
Achizitie iberia ROM #14,Travel,Iberia
PURCHASE Google One Promenada AUT:887412,Subscriptions,Google One
POS Supeco Floreasca #221,Groceries,Supeco
Plata cu cardul Banca Transilvania transfer Pipera,Transfer,Banca Transilvania transfer
Cumparare Hollywood Multiplex Mall,Entertainment,Hollywood Multiplex
Frizerie Elite Constanta RO,Other,Frizerie Elite
PURCHASE tichete masa sodexo Galati (RO),Salary,Tichete masa Sodexo
PURCHASE figma professional RO #001,Subscriptions,Figma Professional
PURCHASE cinemax Bucharest RID:34521,Entertainment,Cinemax
PURCHASE recoltare analize Cluj,Health,Recoltare analize
POS comision agentie imobiliara Constanta #221,Housing,Comision agentie imobiliara
PMT POS Restaurantul La Mama Brasov #221,Restaurants,Restaurantul La Mama
PURCHASE tichete vacanta Park Lake #4321,Salary,Tichete vacanta
Achizitie github copilot Branch 12 12345,Subscriptions,GitHub Copilot
PURCHASE OTP BANK SCHIMB Center #4321,Transfer,OTP Bank schimb
PMT POS Farmacia Tei Iasi 12345,Health,Farmacia Tei
Plata cu cardul hotel crowne plaza Pipera AUT:887412,Travel,Hotel Crowne Plaza
POS HelpNet Baneasa (RO),Health,HelpNet
POS ROSETTA STONE Mall AUT:887412,Education,Rosetta Stone
Plata POS Schimb valutar BCR Mall Vitan (RO),Transfer,Schimb valutar BCR
PMT AWS billing Downtown (RO),Subscriptions,AWS billing
Cumparare dropbox family Iasi #221,Subscriptions,Dropbox Family
PURCHASE TRANSFER ING TO REVOLUT Drumul Taberei #221,Transfer,Transfer ING to Revolut
PMT POS Spitalul Sf. Pantelimon Cotroceni RID:34521,Health,Spitalul Sf. Pantelimon
Cumparare Florarie Online ROM #14,Other,Florarie Online
Cumparare PETROM STATIE Cluj (RO),Transport,Petrom Statie
PMT POS OTP BANK SCHIMB Cluj #001,Transfer,OTP Bank schimb
Achizitie Anthropic API EU #221,Subscriptions,Anthropic API
Cumparare Asigurare calatorie Allianz Center #4321,Travel,Asigurare calatorie Allianz
PURCHASE Pensiune Sibiel Store 04 #4321,Travel,Pensiune Sibiel
Achizitie MCDS Constanta #001,Restaurants,MCDS
PURCHASE DB Bahn Cluj RO,Transport,DB Bahn
PMT OPERA NATIONALA AFI Cotroceni RO,Entertainment,Opera Nationala
Achizitie DISTRIGAZ SUD RO RO,Utilities,Distrigaz Sud
Plata POS Disney+ Downtown RID:34521,Subscriptions,Disney+
Cumparare Bolt Romania Store 04 #14,Transport,Bolt Romania
Plata cu cardul GetYourGuide tur Mall AUT:887412,Travel,GetYourGuide tur
Achizitie Headspace Cluj RID:34521,Subscriptions,Headspace
Achizitie BONUS ANUAL Bucharest #001,Salary,Bonus anual
POS PARCARE PIATA VICTORIEI Park Lake #14,Transport,Parcare Piata Victoriei
Plata POS FMI UBB Oradea,Education,FMI UBB
ETIHAD AIRWAYS Pipera RO,Travel,Etihad Airways
Cumparare chirie luna mai Online #001,Housing,Chirie luna mai
Achizitie ALTEX.RO Floreasca RO,Other,Altex.ro
Cumparare Sanador Pipera #001,Health,Sanador
PURCHASE Spitalul Elias Constanta 12345,Health,Spitalul Elias
Plata cu cardul Casa Rusu mobilier Baneasa #001,Other,Casa Rusu mobilier
Cumparare EVENTIM BILET Ploiesti #4321,Entertainment,Eventim Bilet
PMT POS TICHETE CADOU EDENRED Baneasa RO,Salary,Tichete cadou Edenred
PMT Centrul Medical Pluton Floreasca #14,Health,Centrul Medical Pluton
Plata cu cardul LUKOIL Bucuresti 12345,Transport,Lukoil
Plata cu cardul Shell Romania RO AUT:887412,Transport,Shell Romania
Plata cu cardul Farmacia Sensiblu Oradea 12345,Health,Farmacia Sensiblu
Plata POS OPERA NATIONALA Mall #4321,Entertainment,Opera Nationala
Plata POS microsoft 365 family Vitan RID:34521,Subscriptions,Microsoft 365 Family
PMT CHIRIE STUDIO Cotroceni #221,Housing,Chirie studio
Plata cu cardul city tour lisbon Park Lake #221,Travel,City tour Lisbon
PURCHASE payroll april 2026 Constanta RID:34521,Salary,Payroll April 2026
POS SALON COAFOR Store 04 RID:34521,Other,Salon Coafor
Plata cu cardul Grammarly Premium Cotroceni RO,Subscriptions,Grammarly Premium
PMT POS Salariu luna mai ROM #001,Salary,Salariu luna mai
Cumparare BISTRO VINTAGE Cotroceni #221,Restaurants,Bistro Vintage
PURCHASE JD Sports Floreasca 12345,Other,JD Sports
Cumparare Facultatea de Informatica Mall Vitan RID:34521,Education,Facultatea de Informatica
PMT Geam Auto Service Store 04,Other,Geam Auto Service
Achizitie ASIGURARE LOCUINTA Branch 12 12345,Housing,Asigurare locuinta
Cumparare CEC Bank transfer Mall Vitan (RO),Transfer,CEC Bank transfer
PMT Sanador EU,Health,Sanador
Achizitie vila predeal EU AUT:887412,Travel,Vila Predeal
PURCHASE Answear.ro Bucuresti #14,Other,Answear.ro
Plata cu cardul Cabinet Stomatologic Smile Bucuresti RID:34521,Health,Cabinet Stomatologic Smile
Plata cu cardul etf spy Drumul Taberei (RO),Investments,ETF SPY
Plata cu cardul CARD PREPLATIT UP Store 04 #001,Other,Card preplatit Up
PMT Intretinere Online 12345,Housing,Intretinere
Plata POS Inmedio Park Lake #001,Groceries,Inmedio
Achizitie emag.ro EU RO,Other,Emag.ro
Plata cu cardul KRISPY KREME AFI Cotroceni #221,Restaurants,Krispy Kreme
Plata POS DECATHLON Timisoara AUT:887412,Other,Decathlon
Plata cu cardul Electrica Distributie RO RO,Utilities,Electrica Distributie
CINEMAX Sibiu #221,Entertainment,Cinemax
PMT POS Escape Room Adventure Cotroceni RO,Entertainment,Escape Room Adventure
PURCHASE Stripe internal transfer Bucuresti (RO),Transfer,Stripe internal transfer
PMT Uber Eats Sun Plaza #001,Restaurants,Uber Eats
Plata cu cardul Marketul de Cartier Baneasa #14,Groceries,Marketul de Cartier
TRANSFER INTERN Cotroceni (RO),Transfer,Transfer intern
Achizitie RAMSES SUSHI Baneasa AUT:887412,Restaurants,Ramses Sushi
PURCHASE HIPMENU ROM RID:34521,Restaurants,Hipmenu
Cumparare bolt Vitan #221,Transport,Bolt
PMT POS Massimo Dutti Store 04 #4321,Other,Massimo Dutti
Cumparare Eventim Bilet Pipera #221,Entertainment,Eventim Bilet
PURCHASE service auto andrei Center AUT:887412,Transport,Service Auto Andrei
PMT Hervis Sports Iasi RID:34521,Other,Hervis Sports
Plata cu cardul GOG.COM ROM RID:34521,Entertainment,GOG.com
Plata cu cardul NIRO MARKET Store 04,Groceries,Niro Market
POS MARKETUL DE CARTIER Mall Vitan #221,Groceries,Marketul de Cartier
PMT SALARY TRANSFER Galati AUT:887412,Salary,SALARY TRANSFER
POS festival neversea Brasov 12345,Entertainment,Festival Neversea
PMT POS BCR transfer extern ROM #001,Transfer,BCR transfer extern
Cumparare amazon order Timisoara #4321,Other,Amazon order
Achizitie BAR DE ZI FLOREASCA Store 04 #001,Restaurants,Bar de zi Floreasca
POS Bumble Premium Mall Vitan #4321,Subscriptions,Bumble Premium
PMT POS KAUFLAND ONLINE Park Lake #14,Groceries,Kaufland Online
edX Bucharest #14,Education,edX
Plata POS REPARATII ELECTROCASNICE Brasov #221,Other,Reparatii electrocasnice
Achizitie pilates studio Center #14,Health,Pilates studio
PURCHASE taxi cris ROM AUT:887412,Transport,Taxi Cris
Plata cu cardul scoala generala 4 Park Lake RO,Education,Scoala Generala 4
Achizitie STATIA ITP Store 04 RID:34521,Transport,Statia ITP
Cumparare CARD PREPLATIT UP Timisoara #4321,Other,Card preplatit Up
Achizitie VeloRent Timisoara 12345,Transport,VeloRent
C&A fashion Pipera (RO),Other,C&A fashion
PMT POS CURATENIE CASA EU #4321,Housing,Curatenie casa
Plata cu cardul P2P PAYMENT ANDREI Cluj RO,Transfer,P2P payment Andrei
Plata cu cardul YouTube Music Galati #221,Subscriptions,YouTube Music
PURCHASE TRANSFER REVOLUT TO BCR Bucuresti RO,Transfer,Transfer Revolut to BCR
PMT cursuri online it RO RID:34521,Education,Cursuri online IT
Plata POS Booking.com Hotel Ploiesti #14,Travel,Booking.com Hotel
Plata cu cardul DM Drogerie Markt Store 04,Groceries,DM Drogerie Markt
PMT POS asociatie proprietari bloc 5 Mall Vitan 12345,Housing,Asociatie Proprietari Bloc 5
PMT POS P2P PAYMENT ANA Ploiesti,Transfer,P2P payment Ana
PMT Cinema City Cotroceni RID:34521,Entertainment,Cinema City
Cumparare fmi ubb Iasi #221,Education,FMI UBB
Plata POS Wise FX Branch 12 (RO),Transfer,Wise FX
petrom Center #001,Transport,Petrom
La Placinte Bucuresti #221,Restaurants,La Placinte
POS Administrator bloc 28 Oradea RO,Housing,Administrator bloc 28
PMT mol romania Promenada,Transport,MOL Romania
PMT POS Universitatea Bucuresti Downtown #001,Education,Universitatea Bucuresti
Zen Sushi Pipera #14,Restaurants,Zen Sushi
Cumparare CARREFOUR MARKET Store 04 AUT:887412,Groceries,Carrefour Market
Cumparare Petrom Oradea,Transport,Petrom
PIZZERIA BONITA Online,Restaurants,Pizzeria Bonita
Cumparare AQUAPARK THERME Promenada (RO),Entertainment,Aquapark Therme
PURCHASE EDX MICROMASTERS ROM #4321,Education,edX MicroMasters
Achizitie IMOBILIARE.RO LISTARE Vitan (RO),Housing,Imobiliare.ro listare
Achizitie Cablu TV + Internet Park Lake,Utilities,Cablu TV + Internet
PURCHASE Salariu luna mai Aviatorilor #4321,Salary,Salariu luna mai
PMT POS restaurantul la mama Constanta RO,Restaurants,Restaurantul La Mama
Plata POS PLATA CHIRIE IULIE Baneasa,Housing,Plata chirie iulie
PMT POS aldi RO #001,Groceries,Aldi
PMT SUBWAY Drumul Taberei #14,Restaurants,Subway
Plata cu cardul Mado Pastry & Coffee Sun Plaza,Restaurants,Mado Pastry & Coffee
Plata POS BRITISH AIRWAYS Center #001,Travel,British Airways
PMT Fashion Days Sibiu #14,Other,Fashion Days
Achizitie Payroll June 2026 Bucuresti AUT:887412,Salary,Payroll June 2026
PMT surfshark vpn Iasi #221,Subscriptions,Surfshark VPN
PURCHASE foodpanda Iasi,Restaurants,FoodPanda
Plata POS DEGIRO deposit Pipera 12345,Investments,DEGIRO deposit
Cumparare LC WAIKIKI Sibiu #001,Other,LC Waikiki
Achizitie HelpNet Cluj #4321,Health,HelpNet
PURCHASE BILET AVION ONLINE Promenada (RO),Travel,Bilet avion online
Plata cu cardul HBO MAX RO Bucuresti RID:34521,Subscriptions,HBO Max RO
PMT SALARY TRANSFER Mall RO,Salary,SALARY TRANSFER
Achizitie Cinema 3D AFI RO #221,Entertainment,Cinema 3D AFI
Achizitie psiholog cabinet Branch 12 #221,Health,Psiholog Cabinet
PMT POS FOODPANDA Galati RO,Restaurants,FoodPanda
Cumparare UPWORK PAYOUT Galati AUT:887412,Salary,Upwork payout
Achizitie JYSK mobilier Oradea #221,Other,JYSK mobilier
World Class Romania Bucharest RO,Health,World Class Romania
Plata POS Praktiker RO (RO),Other,Praktiker
Cumparare Qatar Airways Vitan #4321,Travel,Qatar Airways
POS TREEHOUSE AFI Cotroceni AUT:887412,Education,Treehouse
Plata cu cardul eventim Cluj (RO),Entertainment,Eventim
POS ING Home'Bank transfer Drumul Taberei,Transfer,ING Home'Bank transfer
Pluralsight Store 04 12345,Education,Pluralsight
Chirie luna iulie Baneasa #4321,Housing,Chirie luna iulie
Achizitie Escape Room Adventure Center RO,Entertainment,Escape Room Adventure
Plata POS Claude.ai Sun Plaza AUT:887412,Subscriptions,Claude.ai
POS Aquatim Timisoara Mall (RO),Utilities,Aquatim Timisoara
Cumparare Equity buy NVDA Vitan AUT:887412,Investments,Equity buy NVDA
PMT POS Chirie luna mai ROM,Housing,Chirie luna mai
Payroll May 2026 Center RO,Salary,Payroll May 2026
Cumparare EasyJet Store 04 #001,Travel,EasyJet
Cumparare PUBUL TRAFIC Branch 12 (RO),Restaurants,Pubul Trafic
Achizitie SUBWAY SANDWICH Constanta RID:34521,Restaurants,SUBWAY SANDWICH
Plata POS Bilet Master Timisoara,Entertainment,Bilet Master
PMT carrefour city Constanta,Groceries,Carrefour City
Cumparare ELECTRICIAN APARTAMENT Constanta (RO),Housing,Electrician apartament
PMT TAZZ Iasi AUT:887412,Restaurants,Tazz
PMT POS Springtime Pipera #14,Restaurants,Springtime
PMT BRICOLAJ DEDEMAN Mall Vitan #14,Other,Bricolaj Dedeman
PURCHASE WOLT Cluj 12345,Restaurants,Wolt
Plata cu cardul EDX Floreasca (RO),Education,edX
Achizitie centrul medical aviatorilor Floreasca,Health,Centrul Medical Aviatorilor
POS Expedia Sun Plaza #4321,Travel,Expedia
Cumparare Tazz EU 12345,Restaurants,Tazz
Plata cu cardul Uber Center #14,Transport,Uber
PMT POS Vivre.ro RO,Other,Vivre.ro
annabella Mall,Groceries,Annabella
PURCHASE RENT MAY AFI Cotroceni (RO),Housing,RENT MAY
Achizitie Cinema City Promenada Store 04 RID:34521,Entertainment,Cinema City Promenada
Plata cu cardul Wendys Timisoara #221,Restaurants,Wendys
POS ASOCIATIE LOCATARI SECT 1 Vitan RID:34521,Housing,Asociatie locatari sect 1
PURCHASE TOP-UP REVOLUT Pipera #14,Transfer,Top-up Revolut
Plata POS Pub Drumul Taberei Bucuresti #14,Restaurants,Pub Drumul Taberei
Plata cu cardul CNAIR ROVINIETA Constanta #4321,Transport,CNAIR Rovinieta
Plata cu cardul Sixt Rent a Car EU,Travel,Sixt Rent a Car
PURCHASE TRANSFER BCR TO ING Floreasca AUT:887412,Transfer,Transfer BCR to ING
PMT POS KLM Online #14,Travel,KLM
Plata cu cardul ADMINISTRATOR BLOC 12 Online #221,Housing,Administrator bloc 12
Cumparare Vueling Bucuresti RID:34521,Travel,Vueling
POS FoodPanda Mall #4321,Restaurants,FoodPanda
Carrefour.ro online Drumul Taberei RID:34521,Groceries,Carrefour.ro online
Plata cu cardul LUKOIL EU AUT:887412,Transport,Lukoil
Plata POS hbo max ro Online AUT:887412,Subscriptions,HBO Max RO
POS Reparatii instalatie sanitara Bucharest #221,Housing,Reparatii instalatie sanitara
PMT citire contor Center AUT:887412,Utilities,Citire contor
Plata POS asociatie locatari sect 1 Baneasa (RO),Housing,Asociatie locatari sect 1
POS Coursera Plus annual Baneasa #001,Subscriptions,Coursera Plus annual
PMT POS TOP-UP REVOLUT Floreasca RID:34521,Transfer,Top-up Revolut
PMT MANUAL EDITURA NICULESCU Drumul Taberei AUT:887412,Education,Manual Editura Niculescu
PMT ASOCIATIE PROPRIETARI BLOC 12 Galati AUT:887412,Housing,Asociatie Proprietari Bloc 12
Achizitie Kayak Vitan #14,Travel,Kayak
PURCHASE Payslip ACME SRL Aviatorilor #14,Salary,Payslip ACME SRL
Plata cu cardul YOGA CLASA Baneasa #14,Health,Yoga clasa
Cumparare coffee lab Online (RO),Restaurants,Coffee Lab
Achizitie Mortgage payment Galati (RO),Housing,Mortgage payment
PMT POS Profi Loco Online #221,Groceries,Profi Loco
PMT ROBINHOOD DEPOSIT Mall #4321,Investments,Robinhood deposit
PMT POS BK RO #001,Restaurants,BK
PMT POS WAGE TRANSFER Center #001,Salary,Wage Transfer
Plata POS CURTEA VECHE BISTRO Brasov RO,Restaurants,Curtea Veche Bistro
airbnb RO #14,Travel,Airbnb
Plata cu cardul MAILCHIMP STANDARD Bucuresti #14,Subscriptions,Mailchimp Standard
Achizitie bilet avion online RO 12345,Travel,Bilet avion online
PMT Reparatii instalatie sanitara Cluj 12345,Housing,Reparatii instalatie sanitara
PURCHASE Niro Market Park Lake (RO),Groceries,Niro Market
BCR TRANSFER EXTERN Bucuresti (RO),Transfer,BCR transfer extern
PMT POS Steak House Bucuresti Iasi RO,Restaurants,Steak House Bucuresti
PMT POS VIRAMENT BRD CATRE BCR Cotroceni #4321,Transfer,Virament BRD catre BCR
Tazz Bucharest #14,Restaurants,Tazz
POS Cafenea Aviatorilor Cotroceni #14,Restaurants,Cafenea Aviatorilor
Cumparare Optimall optica Cotroceni (RO),Health,Optimall optica
Plata cu cardul Headspace RO #221,Subscriptions,Headspace
PMT POS BISTROTECA Branch 12 AUT:887412,Restaurants,Bistroteca
PURCHASE BISTRO FRENCH Branch 12 AUT:887412,Restaurants,Bistro French
PURCHASE taxa scolarizare master Sun Plaza RO,Education,Taxa scolarizare master
PMT POS CABINET CARDIOLOGIE Bucuresti,Health,Cabinet Cardiologie
Plata POS SPALATORIE AUTO Constanta #001,Transport,Spalatorie Auto
PMT degiro deposit Bucuresti RID:34521,Investments,DEGIRO deposit
POS macromex Park Lake 12345,Groceries,Macromex
Plata cu cardul ASOCIATIE PROPRIETARI BLOC 12 Bucuresti (RO),Housing,Asociatie Proprietari Bloc 12
PURCHASE Altex.ro ROM AUT:887412,Other,Altex.ro
Achizitie Uber Romania Downtown RID:34521,Transport,Uber Romania
PMT POS STB ABONAMENT ONLINE Mall 12345,Transport,STB Abonament Online
Achizitie Drumuri Nationale Park Lake #14,Transport,Drumuri Nationale
INTRETINERE Constanta #001,Housing,Intretinere
Achizitie GOLD PURCHASE BNR Store 04 #001,Investments,Gold purchase BNR
PMT POS ORANGE ROMANIA Timisoara 12345,Utilities,Orange Romania
PURCHASE Incasare de la Maria AFI Cotroceni RO,Transfer,Incasare de la Maria
Plata POS Tichete masa Up EU #221,Salary,Tichete masa Up
calm app Oradea RO,Subscriptions,Calm app
service laptop AFI Cotroceni AUT:887412,Other,Service Laptop
Cumparare eco market Store 04 12345,Groceries,Eco Market
POS MedLife Cluj #001,Health,MedLife
PMT Cazare camin studenti Mall Vitan #221,Education,Cazare camin studenti
Plata cu cardul Hotel Intercontinental EU #221,Travel,Hotel Intercontinental
Achizitie paypal payout Aviatorilor #4321,Transfer,PayPal payout
POS CFR BILET ONLINE Galati RO,Transport,CFR Bilet Online
PMT Equity buy NVDA Branch 12 #14,Investments,Equity buy NVDA
Plata POS Cadou online Bucuresti AUT:887412,Other,Cadou online
Plata POS Whole Foods Market Oradea,Groceries,Whole Foods Market
Cumparare Payslip Tech Corp Vitan,Salary,Payslip Tech Corp
PMT Întreținere apartament Promenada #14,Housing,Întreținere apartament
Cumparare WordPress.com Premium Constanta RID:34521,Subscriptions,WordPress.com Premium
Achizitie DM Drumul Taberei AUT:887412,Groceries,DM
Plata POS restaurant centrul vechi Sibiu #4321,Restaurants,Restaurant centrul vechi
PMT stripe internal transfer Promenada RO,Transfer,Stripe internal transfer
Plata POS British Airways Sun Plaza #4321,Travel,British Airways
Plata POS OpenAI Plus Online (RO),Subscriptions,OpenAI Plus
Cumparare DM DROGERIE MARKT Store 04 #221,Groceries,DM Drogerie Markt
wolt Aviatorilor AUT:887412,Restaurants,Wolt
PMT Niro Market ROM RO,Groceries,Niro Market
Plata cu cardul agoda Mall #001,Travel,Agoda
BOWLING MEGA MALL Bucharest (RO),Entertainment,Bowling Mega Mall
PMT TV Cablu Romtelecom ROM RO,Utilities,TV Cablu Romtelecom
Wise FX EU #001,Transfer,Wise FX
BILETUL SPORTIV Downtown RID:34521,Entertainment,Biletul Sportiv
Achizitie Google One Baneasa AUT:887412,Subscriptions,Google One
Achizitie DM Drogerie Markt Sibiu #4321,Groceries,DM Drogerie Markt
PMT Profi City Bucuresti RID:34521,Groceries,Profi City
PURCHASE Terasa Vara Herastrau Park Lake AUT:887412,Restaurants,Terasa Vara Herastrau
Cumparare APPLE ONE Bucharest,Subscriptions,Apple One
Plata POS HOTEL INTERCONTINENTAL Iasi AUT:887412,Travel,Hotel Intercontinental
Vodafone Romania Baneasa RO,Utilities,Vodafone Romania
Plata POS Evernote Personal Baneasa RO,Subscriptions,Evernote Personal
Plata POS administrator bloc 12 Drumul Taberei #001,Housing,Administrator bloc 12
Plata POS BOOTCAMP CODING Aviatorilor #001,Education,Bootcamp Coding
PURCHASE Pensie facultativa NN Constanta AUT:887412,Investments,Pensie facultativa NN
PMT POS Udemy Business RO RO,Education,Udemy Business
PMT POS Alimentara Express Floreasca #4321,Groceries,Alimentara Express
PURCHASE paypal payout Promenada #14,Transfer,PayPal payout
POS Telekom Romania ROM,Utilities,Telekom Romania
PMT POS Edo Sushi Floreasca RID:34521,Restaurants,Edo Sushi
POS IMOBILIARE.RO LISTARE Bucuresti,Housing,Imobiliare.ro listare
Hanu lui Manuc RO #221,Restaurants,Hanu lui Manuc
mcdonald's Mall Vitan RID:34521,Restaurants,McDonald's
PMT POS roblox subscription Store 04 (RO),Entertainment,Roblox subscription
Cumparare Wizz Air voucher Galati 12345,Transport,Wizz Air voucher
PURCHASE ETF SPY Ploiesti RID:34521,Investments,ETF SPY
PMT POS CARREFOUR RO (RO),Groceries,Carrefour
casa rusu mobilier Cluj,Other,Casa Rusu mobilier
PMT service telefon Baneasa #4321,Other,Service Telefon
POS Epic Games Store Brasov 12345,Entertainment,Epic Games Store
PURCHASE H&M magazin EU 12345,Other,H&M magazin
POS VODAFONE ROMANIA Iasi RO,Utilities,Vodafone Romania
Plata POS Wise transfer Store 04 #001,Transfer,Wise transfer
PMT POS Kika mobilier Iasi AUT:887412,Other,Kika mobilier
Achizitie ÎNCASARE SALARIU MARIA Online #4321,Transfer,Încasare salariu Maria
Penny Market ROM,Groceries,Penny Market
Achizitie edX Microsoft Mall AUT:887412,Education,edX Microsoft
Plata cu cardul curs corporate training Mall Vitan (RO),Education,Curs Corporate Training
Achizitie GIFT CARD Branch 12,Other,Gift card
Achizitie ShopMagazin RO AUT:887412,Groceries,ShopMagazin
Plata cu cardul BILLA Baneasa,Groceries,Billa
Plata POS BROKERAGE TRADEVILLE Timisoara #14,Investments,Brokerage Tradeville
PURCHASE Cadou online Oradea #001,Other,Cadou online
Plata POS AUTO SERVICE PITESTI Bucharest AUT:887412,Transport,Auto Service Pitesti
Plata POS New Yorker Iasi RID:34521,Other,New Yorker
PMT POS LINKEDIN LEARNING Floreasca AUT:887412,Education,LinkedIn Learning
PMT POS Festival Untold Park Lake RO,Entertainment,Festival Untold
PMT GAZE NATURALE AFI Cotroceni,Utilities,Gaze Naturale
PMT POS ASIGURARE APARTAMENT Timisoara #4321,Housing,Asigurare apartament
PMT POS DROPBOX FAMILY Mall RO,Subscriptions,Dropbox Family
PURCHASE Skillshare Mall Vitan RO,Education,Skillshare
Plata POS UDEMY COURSE Park Lake RO,Education,Udemy Course
POS PIZZERIA PRESTO Oradea #4321,Restaurants,Pizzeria Presto
Cumparare BABBEL SUBSCRIPTION ROM RO,Subscriptions,Babbel subscription
Plata POS curatatorie 5asec Promenada #14,Other,Curatatorie 5aSec
PURCHASE bolt Store 04 #14,Transport,Bolt
Plata POS DB Bahn Store 04 (RO),Transport,DB Bahn
Plata POS figma pro EU RO,Subscriptions,Figma Pro
Plata POS KAYAK Floreasca #001,Travel,Kayak
PMT Penny Bucuresti (RO),Groceries,Penny
POS facultatea de informatica Galati #14,Education,Facultatea de Informatica
Plata POS Pizza Hut Drumul Taberei,Restaurants,Pizza Hut
PMT MedLife Constanta Oradea #14,Health,MedLife Constanta
PMT POS Linear App Mall (RO),Subscriptions,Linear App
Achizitie Crypto.com Drumul Taberei #221,Investments,Crypto.com
Achizitie Trader Joe's ROM RID:34521,Groceries,Trader Joe's
PMT Pub Drumul Taberei Bucharest RO,Restaurants,Pub Drumul Taberei
POS carte tehnica online Branch 12 RO,Education,Carte tehnica online
Plata POS Tour ghidat Roma Online,Travel,Tour ghidat Roma
Plata POS ALBINUTA MAGAZIN Galati #001,Groceries,Albinuta Magazin
Plata POS KFC Ploiesti #001,Restaurants,KFC
POS Bere si grill Bucharest RO,Restaurants,Bere si grill
Plata cu cardul salariu net aprilie Branch 12 #001,Salary,Salariu Net Aprilie
PMT Stripe payout Brasov 12345,Salary,Stripe payout
PMT Coursera Pipera #001,Education,Coursera
Plata POS figma pro Drumul Taberei,Subscriptions,Figma Pro
Cumparare GAZE NATURALE Sun Plaza #4321,Utilities,Gaze Naturale
Cumparare SURFSHARK VPN Sibiu #4321,Subscriptions,Surfshark VPN
Plata POS DIGITALOCEAN DROPLET Online,Subscriptions,DigitalOcean Droplet
STB Bucuresti Ploiesti RID:34521,Transport,STB Bucuresti
PMT POS factura apa EU 12345,Utilities,Factura apa
Plata POS SCHIMB EUR-RON BCR Mall,Transfer,Schimb EUR-RON BCR
PURCHASE ARGINT INVESTITIE Constanta RO,Investments,Argint investitie
Factura curent Sun Plaza #221,Utilities,Factura curent
POS paypal transfer Bucuresti,Transfer,PayPal transfer
Plata cu cardul chick-fil-a Cotroceni (RO),Restaurants,Chick-fil-A
Achizitie Asociatie locatari sect 1 Cluj 12345,Housing,Asociatie locatari sect 1
PURCHASE PET SHOP ANIMAX EU #14,Other,Pet Shop Animax
Achizitie Lime Scooter Promenada #14,Transport,Lime Scooter
PURCHASE CASA INTELIGENTA ADMINISTRARE Store 04 RO,Housing,Casa Inteligenta administrare
BOLT*RIDE Drumul Taberei AUT:887412,Transport,BOLT*RIDE
DEUTSCHE BAHN AFI Cotroceni 12345,Transport,Deutsche Bahn
Cumparare Crucea Rosie donatie Iasi,Other,Crucea Rosie donatie
Achizitie ELECTRICIAN APARTAMENT Branch 12 #001,Housing,Electrician apartament
CFR Calatori Timisoara RO,Transport,CFR Calatori
Plata cu cardul Renfe RO #221,Transport,Renfe
PMT POS Vila Predeal Park Lake,Travel,Vila Predeal
cnair rovinieta Bucharest #4321,Transport,CNAIR Rovinieta
PMT POS COMPARI.RO Sibiu #4321,Other,Compari.ro
Plata POS Hollywood Multiplex Cluj 12345,Entertainment,Hollywood Multiplex
PURCHASE Babbel Learning Cotroceni AUT:887412,Education,Babbel Learning
Achizitie Restaurant Hanu' Berarilor Branch 12 (RO),Restaurants,Restaurant Hanu' Berarilor
Plata POS logoped sedinta Bucharest RO,Health,Logoped sedinta
Plata POS Pizzeria 4 Amici Branch 12 RID:34521,Restaurants,Pizzeria 4 Amici
Plata cu cardul Asigurare apartament Oradea #001,Housing,Asigurare apartament
PURCHASE Booking RO Drumul Taberei,Travel,Booking RO
PURCHASE MOL Group Timisoara #221,Transport,MOL Group
PMT POS Fiverr payout Pipera (RO),Salary,Fiverr payout
PMT POS vivo restaurant Online #14,Restaurants,Vivo Restaurant
Achizitie Spitalul Floreasca Galati #001,Health,Spitalul Floreasca
POS E.ON ENERGIE ROMANIA AFI Cotroceni #001,Utilities,E.ON Energie Romania
Achizitie VRBO Brasov #221,Travel,Vrbo
POS REBU Bucuresti Cotroceni #4321,Utilities,REBU Bucuresti
Plata cu cardul Libraria Mihai Eminescu Brasov #001,Education,Libraria Mihai Eminescu
Plata POS PIZZERIA PRESTO Constanta 12345,Restaurants,Pizzeria Presto
PMT POS Albinuta Magazin Branch 12 #221,Groceries,Albinuta Magazin
Achizitie PHARMACY ROK Galati 12345,Health,Pharmacy ROK
Plata POS BOOTCAMP DATA SCIENCE Vitan 12345,Education,Bootcamp Data Science
Magazin Mixt Branch 12 12345,Groceries,Magazin Mixt
PMT Restaurant centrul vechi Floreasca #001,Restaurants,Restaurant centrul vechi
PMT Salariu luna iunie RO #14,Salary,Salariu luna iunie
PMT POS duolingo super Mall Vitan (RO),Subscriptions,Duolingo Super
Cumparare bumble premium Aviatorilor,Subscriptions,Bumble Premium
Cumparare UNIVERSITATE TEHNICA Oradea 12345,Education,Universitate Tehnica
PMT Apple One Baneasa RID:34521,Subscriptions,Apple One
Plata POS Apa Regnault Online #4321,Utilities,Apa Regnault
PMT Transfer BCR to ING Aviatorilor #14,Transfer,Transfer BCR to ING
Plata POS Profi Cotroceni 12345,Groceries,Profi
PMT HIPMENU Galati RO,Restaurants,Hipmenu
PURCHASE TRANSFER CARD TO CARD Promenada,Transfer,Transfer card to card
Plata cu cardul Reteaua Regina Maria Bucharest #14,Health,Reteaua Regina Maria
PMT POS STB Bucharest (RO),Transport,STB
Plata cu cardul Figma Professional Mall #001,Subscriptions,Figma Professional
PURCHASE Tier Scooter Sun Plaza #001,Transport,Tier Scooter
Plata POS Cel.ro Promenada 12345,Other,Cel.ro
DigitalOcean Droplet Store 04 #001,Subscriptions,DigitalOcean Droplet
Taxa scolarizare licenta Ploiesti AUT:887412,Education,Taxa scolarizare licenta
Plata POS bolt AFI Cotroceni (RO),Transport,Bolt
POS SNCF Baneasa,Transport,SNCF
Plata POS 5-to-Go Vitan (RO),Restaurants,5-to-Go
POS Instalator urgenta Brasov RID:34521,Housing,Instalator urgenta
Cumparare Tazz Online #14,Restaurants,Tazz
PURCHASE RTEC Constanta Center #001,Transport,RTEC Constanta
Apa Nova Bucuresti Aviatorilor,Utilities,Apa Nova Bucuresti
PMT POS OBB Austria Iasi #14,Transport,OBB Austria
Plata POS ETF SPY Constanta AUT:887412,Investments,ETF SPY
PMT POS 5TOGO Promenada RID:34521,Restaurants,5toGo
Magazin Mixt Ploiesti (RO),Groceries,Magazin Mixt
Achizitie Edo Sushi Ploiesti RID:34521,Restaurants,Edo Sushi
Plata cu cardul fmi ubb Bucuresti AUT:887412,Education,FMI UBB
PURCHASE Bar de zi Floreasca Store 04 #221,Restaurants,Bar de zi Floreasca
POS EUROWINGS Park Lake #14,Travel,Eurowings
Plata POS tichete masa up Brasov #14,Salary,Tichete masa Up
FoodPanda Ploiesti #14,Restaurants,FoodPanda
CHIRIE LUNA IULIE Downtown,Housing,Chirie luna iulie
Cumparare TOP-UP REVOLUT ROM,Transfer,Top-up Revolut
Plata cu cardul Trading212 deposit Online AUT:887412,Investments,Trading212 deposit
PURCHASE GOG.com Baneasa #001,Entertainment,GOG.com
Speakeasy Sun Plaza RID:34521,Restaurants,Speakeasy
Plata POS KAUFLAND Bucuresti RO,Groceries,Kaufland
Plata POS Vila Carpati Pipera #4321,Travel,Vila Carpati
PMT LinkedIn Learning Downtown (RO),Education,LinkedIn Learning
Plata cu cardul Ryanair ROM RID:34521,Travel,Ryanair
Plata cu cardul Webull deposit Bucuresti RID:34521,Investments,Webull deposit
PMT POS Dentist Brilliant Mall #4321,Health,Dentist Brilliant
Cumparare BOLT Brasov RID:34521,Transport,Bolt
Cumparare ETF VUAA Bucharest (RO),Investments,ETF VUAA
Plata POS Uniswap swap Vitan,Investments,Uniswap swap
PMT POS ETF VOO RO #221,Investments,ETF VOO
PURCHASE Fond mutual BT Asset Mgmt Baneasa,Investments,Fond mutual BT Asset Mgmt
POS CORA Park Lake,Groceries,Cora
Plata cu cardul Norwegian Air Cluj,Travel,Norwegian Air
Plata POS BOLT*RIDE Online #14,Transport,BOLT*RIDE
PMT POS selgros Bucuresti #001,Groceries,Selgros
Cumparare pizza hut Online AUT:887412,Restaurants,Pizza Hut
Plata POS Hornbach magazin Sun Plaza RO,Other,Hornbach magazin
Plata cu cardul farmacia catena Center,Health,Farmacia Catena
PURCHASE Electrica Furnizare Constanta RO,Utilities,Electrica Furnizare
PURCHASE Cofetaria Delice Brasov RID:34521,Other,Cofetaria Delice
PMT POS cec virament Mall RO,Transfer,CEC virament
Plata cu cardul Asigurare locuinta Sun Plaza #4321,Housing,Asigurare locuinta
PMT Dr. Dent Sun Plaza RO,Health,Dr. Dent
Achizitie FACTURA APA RO 12345,Utilities,Factura apa
POS UBER Cluj #001,Transport,Uber
PMT Apometru index Mall 12345,Utilities,Apometru index
PMT POS MOL GROUP Downtown #001,Transport,MOL Group
BABBEL LEARNING Ploiesti,Education,Babbel Learning
PARCARE AEROPORT OTOPENI Bucuresti RO,Transport,Parcare Aeroport Otopeni
PMT POS EUROSPAR ROM #4321,Groceries,Eurospar
PMT POS etoro deposit RO AUT:887412,Investments,eToro deposit
Cumparare tichete masa sodexo Sibiu,Salary,Tichete masa Sodexo
Achizitie UNIVERSITATEA BUCURESTI Pipera #4321,Education,Universitatea Bucuresti
Cumparare APA NOVA Drumul Taberei AUT:887412,Utilities,Apa Nova
Crypto airdrop RO 12345,Investments,Crypto airdrop
PMT ORIGO COFFEE Vitan RID:34521,Restaurants,Origo Coffee
Mailchimp Standard EU 12345,Subscriptions,Mailchimp Standard
POS CINEMA CITY PROMENADA Galati AUT:887412,Entertainment,Cinema City Promenada
PMT POS Termoenergetica Mall RID:34521,Utilities,Termoenergetica
Plata cu cardul magazinul de cartier Timisoara #221,Groceries,Magazinul de Cartier
Plata cu cardul MARKETUL DE CARTIER Promenada #221,Groceries,Marketul de Cartier
POS SOCAR Cluj #001,Transport,SOCAR
POS FreeNow Downtown #001,Transport,FreeNow
PURCHASE Apometru index EU,Utilities,Apometru index
PURCHASE Walmart Grocery Ploiesti,Groceries,Walmart Grocery
Google One Constanta AUT:887412,Subscriptions,Google One
Mini Market Pipera Cluj 12345,Groceries,Mini Market Pipera
POS carrefour express Baneasa #221,Groceries,Carrefour Express
POS PLURALSIGHT Baneasa #001,Education,Pluralsight
Vietnam Restaurant Floreasca RO,Restaurants,Vietnam Restaurant
Plata cu cardul Direct Deposit Payroll AFI Cotroceni #14,Salary,Direct Deposit Payroll
PMT POS Spotify Premium Downtown #001,Subscriptions,Spotify Premium
Cumparare takeaway Bucuresti #14,Restaurants,TakeAway
PMT POS Dr Dentist Center RO,Health,Dr Dentist
PURCHASE xbox live Store 04 #4321,Entertainment,Xbox Live
Plata POS Centrul Medical Aviatorilor Galati,Health,Centrul Medical Aviatorilor
PURCHASE vodafone cable Mall Vitan RO,Utilities,Vodafone Cable
PURCHASE Tichet feribot Park Lake RID:34521,Travel,Tichet feribot
Cumparare subway Center,Restaurants,Subway
Achizitie AIR FRANCE Brasov #4321,Travel,Air France
Payslip Tech Corp Brasov AUT:887412,Salary,Payslip Tech Corp
Bistro French EU #14,Restaurants,Bistro French
POS Zen Sushi Sibiu #4321,Restaurants,Zen Sushi
Achizitie FRONTENDMASTERS Mall,Education,FrontendMasters
Plata cu cardul SALA PALATULUI CONCERT Brasov RO,Entertainment,Sala Palatului concert
Figma Pro Ploiesti #221,Subscriptions,Figma Pro
Plata POS edx Park Lake,Education,edX
Cumparare Rezervare hotel Predeal Mall #14,Travel,Rezervare hotel Predeal
Achizitie STATIA ITP Branch 12 #14,Transport,Statia ITP
PMT ÎNTREȚINERE CASA Baneasa 12345,Housing,Întreținere casa
PMT FreshMarket Galati #221,Groceries,FreshMarket
Plata cu cardul Edo Sushi Mall,Restaurants,Edo Sushi
Achizitie PAYROLL JUNE 2026 Center #221,Salary,Payroll June 2026
Cumparare property manager fees Store 04 12345,Housing,Property Manager fees
PMT Vel Pitar ROM,Groceries,Vel Pitar
PURCHASE TakeAway ROM #221,Restaurants,TakeAway
Achizitie APPLE MUSIC Brasov #14,Subscriptions,Apple Music
POS Transfer cont curent Store 04 RID:34521,Transfer,Transfer cont curent
Plata cu cardul dr dentist Center AUT:887412,Health,Dr Dentist
POS asociatie proprietari bloc 12 Store 04 12345,Housing,Asociatie Proprietari Bloc 12
el torito mexican Pipera #221,Restaurants,El Torito Mexican
Plata cu cardul Sanador Diagnostic Mall (RO),Health,Sanador Diagnostic
POS Udemy Center #4321,Education,Udemy
PMT Mobexpert Constanta,Other,Mobexpert
Plata cu cardul fresca RO,Restaurants,Fresca
MIC.RO RO #221,Groceries,Mic.ro
Achizitie Hotel Hilton Sibiu Online RID:34521,Travel,Hotel Hilton Sibiu
POS Pret a Manger Floreasca (RO),Restaurants,Pret a Manger
AUTOSTRADA A1 Sun Plaza #4321,Transport,Autostrada A1
PMT POS Dunkin Donuts Floreasca #221,Restaurants,Dunkin Donuts
MAGAZINUL DE CARTIER Floreasca #001,Groceries,Magazinul de Cartier
Achizitie degiro transfer Branch 12 RID:34521,Investments,DEGIRO transfer
PMT POS vel pitar Bucharest RID:34521,Groceries,Vel Pitar
Achizitie Schimb valutar Raiffeisen EU 12345,Transfer,Schimb valutar Raiffeisen
Plata POS Cazare camin studenti AFI Cotroceni (RO),Education,Cazare camin studenti
Cumparare VERCEL PRO Timisoara 12345,Subscriptions,Vercel Pro
Cumparare Trading 212 deposit Downtown #221,Investments,Trading 212 deposit
PMT POS MCDS Constanta 12345,Restaurants,MCDS
PURCHASE Shake Shack Bucuresti,Restaurants,Shake Shack
PMT pret a manger Baneasa 12345,Restaurants,Pret a Manger
PMT POS REALESTATE ROMANIA Sibiu,Housing,RealEstate Romania
Achizitie PARKING MALL Pipera RO,Transport,Parking Mall
Plata POS WordPress.com Premium Drumul Taberei #4321,Subscriptions,WordPress.com Premium
p2p payment ana Pipera RID:34521,Transfer,P2P payment Ana
PMT POS rata ipoteca Vitan (RO),Housing,Rata ipoteca
Plata cu cardul praktiker Mall Vitan #221,Other,Praktiker
POS PIATA MATACHE Floreasca (RO),Groceries,Piata Matache
Plata POS Brokerage Tradeville Branch 12,Investments,Brokerage Tradeville
PMT Restaurant Hanu' Berarilor Online AUT:887412,Restaurants,Restaurant Hanu' Berarilor
Cumparare wok to walk Sibiu #221,Restaurants,Wok to Walk
Achizitie Logoped sedinta Baneasa RO,Health,Logoped sedinta
PURCHASE turkish airlines Mall Vitan #4321,Travel,Turkish Airlines
Plata cu cardul Analize medicale Galati (RO),Health,Analize medicale
Cumparare SPARTAN Aviatorilor (RO),Restaurants,Spartan
POS UNIVERSITATE TEHNICA RO RO,Education,Universitate Tehnica
Achizitie ExpressVPN Oradea RO,Subscriptions,ExpressVPN
Achizitie CAFENEA ORIGO Online RO,Restaurants,Cafenea Origo
Plata POS Epic Games Store Floreasca #001,Entertainment,Epic Games Store
Plata cu cardul TD Ameritrade Brasov (RO),Investments,TD Ameritrade
PMT DIGI ROMANIA Bucharest #001,Utilities,Digi Romania
Achizitie HEADSPACE Galati 12345,Subscriptions,Headspace
Cumparare SALAD BOX Online #221,Restaurants,Salad Box
Cumparare Beauty Salon Pretty Constanta AUT:887412,Other,Beauty Salon Pretty
Digi Romania Baneasa (RO),Utilities,Digi Romania
Plata POS schimb eur-ron bcr Mall #221,Transfer,Schimb EUR-RON BCR
Achizitie LinkedIn Premium Baneasa (RO),Subscriptions,LinkedIn Premium
POS Kaufland Online Floreasca #4321,Groceries,Kaufland Online
Crypto airdrop Mall #001,Investments,Crypto airdrop
PMT POS AIRBNB Cluj #14,Travel,Airbnb
Cumparare CARREFOUR CITY Sibiu #001,Groceries,Carrefour City
PMT Rompetrol Timisoara #221,Transport,Rompetrol
PMT POS Penny Market RO,Groceries,Penny Market
PURCHASE PETEXPERT RO RO,Other,Petexpert
Achizitie INTERNET LA DOMICILIU Store 04 #001,Utilities,Internet la Domiciliu
Cumparare CNAIR ROVINIETA Promenada #221,Transport,CNAIR Rovinieta
PMT POS Bilet Filarmonica Mall #14,Entertainment,Bilet Filarmonica
Achizitie BURGER VAN Pipera #001,Restaurants,Burger Van
PMT Rata credit ipotecar Mall Vitan 12345,Housing,Rata credit ipotecar
RESTAURANT HANU' BERARILOR Bucuresti #001,Restaurants,Restaurant Hanu' Berarilor
Achizitie Workshop UX Center #4321,Education,Workshop UX
PURCHASE TERMOFICARE CET Drumul Taberei #221,Utilities,Termoficare CET
ROMPETROL STATIE Vitan 12345,Transport,Rompetrol Statie
SPITALUL COLTEA Sun Plaza #4321,Health,Spitalul Coltea
PURCHASE Wendy's Aviatorilor #4321,Restaurants,Wendy's
Plata POS Kaufland Online Promenada #4321,Groceries,Kaufland Online
Plata POS Wage Transfer ROM #001,Salary,Wage Transfer
Coinbase buy Brasov,Investments,Coinbase buy
PMT STOCK PURCHASE AAPL Bucharest,Investments,Stock purchase AAPL
POS Pandora bijuterii Park Lake,Other,Pandora bijuterii
Plata cu cardul Escape Room Logica Bucharest AUT:887412,Entertainment,Escape Room Logica
Plata cu cardul rent june Floreasca AUT:887412,Housing,RENT JUNE
PURCHASE Cinema 3D AFI AFI Cotroceni (RO),Entertainment,Cinema 3D AFI
Plata POS STEAK HOUSE BUCURESTI Aviatorilor,Restaurants,Steak House Bucuresti
Cumparare VILA PREDEAL Constanta RO,Travel,Vila Predeal
Achizitie revolut stocks Bucuresti (RO),Investments,Revolut stocks
POS google storage Online RO,Subscriptions,Google Storage
PMT Annabella Cluj #001,Groceries,Annabella
PMT POS piata obor Oradea RO,Groceries,Piata Obor
Achizitie IBERIA Floreasca #221,Travel,Iberia
Cumparare Revolut transfer to friend Mall (RO),Transfer,Revolut transfer to friend
POS Adobe Creative Cloud Ploiesti,Subscriptions,Adobe Creative Cloud
Plata POS concert sala polivalenta ROM #14,Entertainment,Concert Sala Polivalenta
PMT piata amzei Aviatorilor #221,Groceries,Piata Amzei
Achizitie Linea Closer to the Moon Drumul Taberei #4321,Restaurants,Linea Closer to the Moon
PURCHASE Taxi Cris Ploiesti #4321,Transport,Taxi Cris
Plata cu cardul CURATENIE CASA Promenada RO,Housing,Curatenie casa
Cumparare Tesco Promenada RID:34521,Groceries,Tesco
PURCHASE Chirie studio Promenada RID:34521,Housing,Chirie studio
Plata cu cardul Coffee Lab Iasi,Restaurants,Coffee Lab
Cumparare AWS Free Tier Aviatorilor 12345,Subscriptions,AWS Free Tier
Achizitie INTRETINERE Branch 12 RID:34521,Housing,Intretinere
MAX.COM Mall Vitan #4321,Subscriptions,Max.com
Plata cu cardul Pizzeria Bonita Brasov RO,Restaurants,Pizzeria Bonita
Plata cu cardul TakeAway Drumul Taberei #001,Restaurants,TakeAway
Plata POS BIO ROMANIA Constanta #14,Groceries,Bio Romania
PMT SPOTIFY PREMIUM Drumul Taberei (RO),Subscriptions,Spotify Premium
Cumparare AQUATIM TIMISOARA Branch 12 RID:34521,Utilities,Aquatim Timisoara
Plata cu cardul supermarket local Aviatorilor RID:34521,Groceries,Supermarket Local
Apa Nova Center (RO),Utilities,Apa Nova
CHIRIE LUNA MAI Timisoara (RO),Housing,Chirie luna mai
POS Vercel Pro Bucuresti #001,Subscriptions,Vercel Pro
Plata cu cardul degiro deposit Promenada #14,Investments,DEGIRO deposit
Cumparare Asigurare travel City Pipera #14,Travel,Asigurare travel City
PMT POS skillshare Branch 12 RO,Education,Skillshare
Cumparare MCDS Branch 12 #221,Restaurants,MCDS
POS Chirie luna iunie Branch 12 (RO),Housing,Chirie luna iunie
Cumparare Ramses Sushi Ploiesti #001,Restaurants,Ramses Sushi
Stock purchase MSFT Mall Vitan #4321,Investments,Stock purchase MSFT
PMT POS Origo Coffee Oradea (RO),Restaurants,Origo Coffee
PMT POS Vulcanizare Auto RO RID:34521,Transport,Vulcanizare Auto
Plata cu cardul New Yorker Pipera #221,Other,New Yorker
PMT Babbel subscription Brasov RID:34521,Subscriptions,Babbel subscription
inchiriere masina sixt RO #4321,Travel,Inchiriere masina Sixt
Achizitie Rompetrol Statie Cotroceni #4321,Transport,Rompetrol Statie
Plata POS DR DENTIST Brasov #4321,Health,Dr Dentist
Cumparare Coinbase buy Bucuresti #221,Investments,Coinbase buy
PMT POS H&M magazin Oradea #221,Other,H&M magazin
PMT Camera din Fata Galati #221,Restaurants,Camera din Fata
POS SOCAR Cluj (RO),Transport,SOCAR
PMT BVB TRANZACTIE Promenada #4321,Investments,BVB tranzactie
Plata cu cardul OPENAI PLUS Bucharest #14,Subscriptions,OpenAI Plus
Plata cu cardul CARREFOUR EXPRESS Bucharest #001,Groceries,Carrefour Express
Plata diversa Park Lake AUT:887412,Other,Plata diversa
Plata cu cardul LIDL Bucharest #14,Groceries,Lidl
PURCHASE BT TRANSFER Center RID:34521,Transfer,BT transfer
POS Google Workspace Floreasca #221,Subscriptions,Google Workspace
Achizitie Alimentara Express Ploiesti AUT:887412,Groceries,Alimentara Express
Achizitie github pro ROM #14,Subscriptions,GitHub Pro
Cumparare HOTEL CISMIGIU Drumul Taberei,Travel,Hotel Cismigiu
Plata cu cardul DIGI*FACT Store 04 #221,Utilities,DIGI*FACT
Achizitie SAXO BANK DEPOSIT ROM #4321,Investments,Saxo Bank deposit
Cabinet Stomatologic Bright Sibiu #221,Health,Cabinet Stomatologic Bright
Achizitie WizzAir Bilet Oradea RID:34521,Travel,WizzAir Bilet
PMT POS Taxi Pelicanul Online #14,Transport,Taxi Pelicanul
bilet filarmonica Promenada RO,Entertainment,Bilet Filarmonica
Cabinet Dermatologie EU #221,Health,Cabinet Dermatologie
Plata cu cardul Farmacia Catena Oradea RO,Health,Farmacia Catena
Plata cu cardul STB Oradea,Transport,STB
POS ENEL ROMANIA Vitan #221,Utilities,Enel Romania
Plata POS RESERVED RO Cluj 12345,Other,Reserved RO
POS TRENITALIA Vitan (RO),Transport,Trenitalia
Plata POS telekom romania Branch 12 #221,Utilities,Telekom Romania
Cumparare UBER*TRIP Ploiesti #001,Transport,UBER*TRIP
TELEKOM ROMANIA Floreasca RID:34521,Utilities,Telekom Romania
Cumparare Marionnaud Sibiu (RO),Other,Marionnaud
PMT POS Netflix Premium Downtown #4321,Subscriptions,Netflix Premium
karaoke sing city Mall Vitan #221,Entertainment,Karaoke Sing City
Achizitie lem's mobilier Store 04 #4321,Other,Lem's mobilier
Achizitie revolut stocks Downtown (RO),Investments,Revolut stocks
PMT POS orange fix Drumul Taberei #14,Utilities,Orange Fix
Plata cu cardul întreținere casa Iasi #4321,Housing,Întreținere casa
Cumparare Glovo Brasov #14,Restaurants,Glovo
Plata POS BRILLIANT.ORG Timisoara RO,Education,Brilliant.org
Plata POS festival awake Ploiesti AUT:887412,Entertainment,Festival Awake
PMT POS Family Market Online 12345,Groceries,Family Market
PURCHASE Decont salarial Cotroceni (RO),Salary,Decont salarial
Plata cu cardul beauty salon pretty Floreasca AUT:887412,Other,Beauty Salon Pretty
Achizitie SAXO BANK DEPOSIT Mall RO,Investments,Saxo Bank deposit
PMT POS BOOKING.COM Baneasa RID:34521,Travel,Booking.com
PMT POS royalty payment amazon Mall AUT:887412,Salary,Royalty payment Amazon
Cumparare iabilet Center #221,Entertainment,iaBilet
PMT Mega Image Brasov,Groceries,Mega Image
PMT PAYPAL TRANSFER EU #001,Transfer,PayPal transfer
PMT SPRINGTIME Cluj #14,Restaurants,Springtime
PURCHASE PIZZERIA PRESTO Vitan RO,Restaurants,Pizzeria Presto
Achizitie Schimb valutar BCR Ploiesti AUT:887412,Transfer,Schimb valutar BCR
PURCHASE TERMOENERGETICA SUD Store 04 (RO),Utilities,Termoenergetica Sud
Plata POS SALUBRITATE URBAN Sibiu RID:34521,Utilities,Salubritate URBAN
PMT EPIC GAMES Online #4321,Entertainment,Epic Games
Achizitie argint investitie Ploiesti,Investments,Argint investitie
PURCHASE ENEL*FACT ROM,Utilities,ENEL*FACT
PMT POS Emag.ro Branch 12 12345,Other,Emag.ro
Achizitie Trading 212 Invest Pipera RO,Investments,Trading 212 Invest
POS Steam Store ROM #221,Entertainment,Steam Store
Plata POS CEZ ROMANIA RO #001,Utilities,CEZ Romania
PURCHASE massimo dutti Promenada,Other,Massimo Dutti
CABINET STOMATOLOGIC SMILE Sun Plaza #4321,Health,Cabinet Stomatologic Smile
Wizz Air Timisoara RO,Travel,Wizz Air
PMT colegiu national sava Oradea RO,Education,Colegiu National Sava
Cumparare ENEL*FACT Baneasa #14,Utilities,ENEL*FACT
PURCHASE CURATATORIE CHIMICA Floreasca #4321,Other,Curatatorie chimica
Plata cu cardul Wish.com Downtown RID:34521,Other,Wish.com
Plata cu cardul Crypto staking reward Park Lake,Investments,Crypto staking reward
Plata cu cardul REPARATII ELECTROCASNICE RO #001,Other,Reparatii electrocasnice
PMT POS Vietnameza Pipera Pipera RO,Restaurants,Vietnameza Pipera
Cumparare Escape Room Logica RO,Entertainment,Escape Room Logica
POS dunkin' Iasi 12345,Restaurants,Dunkin'
Plata POS Centrul Medical Pluton AFI Cotroceni (RO),Health,Centrul Medical Pluton
Plata cu cardul freshmarket Galati AUT:887412,Groceries,FreshMarket
Plata POS asociatie locatari sect 1 Center RID:34521,Housing,Asociatie locatari sect 1
Frontend Masters subscription Park Lake,Education,Frontend Masters subscription
Plata cu cardul electrica furnizare EU RO,Utilities,Electrica Furnizare
PMT Top-up Revolut Mall RO,Transfer,Top-up Revolut
Plata cu cardul vercel pro RO,Subscriptions,Vercel Pro
PURCHASE Uber Aviatorilor (RO),Transport,Uber
Cumparare BONUS ANUAL ROM (RO),Salary,Bonus anual
PMT SIXT RENT A CAR Bucharest #001,Travel,Sixt Rent a Car
incasare de la ion Sibiu RID:34521,Transfer,Incasare de la Ion
PMT Lentile contact Online AFI Cotroceni #221,Health,Lentile contact Online
Plata cu cardul rezervare hotel predeal Ploiesti RID:34521,Travel,Rezervare hotel Predeal
XBOX GAME PASS AFI Cotroceni (RO),Entertainment,Xbox Game Pass
FARMACIA CATENA Aviatorilor,Health,Farmacia Catena
PMT DOUGLAS MAGAZIN Timisoara #4321,Other,Douglas magazin
PMT teatrul bulandra Store 04 12345,Entertainment,Teatrul Bulandra
Plata POS Editura Polirom carte Bucuresti RO,Education,Editura Polirom carte
Achizitie VIETNAMEZA PIPERA Bucuresti 12345,Restaurants,Vietnameza Pipera
WIZZAIR BILET Promenada AUT:887412,Travel,WizzAir Bilet
POS edX MicroMasters Timisoara RID:34521,Education,edX MicroMasters
Achizitie HERTZ RENT A CAR Baneasa 12345,Travel,Hertz Rent a Car
Plata cu cardul MCDS Store 04 #221,Restaurants,MCDS
Achizitie Cabinet Stomatologic Bright Baneasa #14,Health,Cabinet Stomatologic Bright
POS ADOBE CREATIVE CLOUD Store 04 AUT:887412,Subscriptions,Adobe Creative Cloud
Cumparare CURTEA VECHE BISTRO RO #221,Restaurants,Curtea Veche Bistro
PMT POS CARTURESTI Sibiu (RO),Education,Carturesti
ASOCIATIE PROPRIETARI BLOC 5 Promenada RO,Housing,Asociatie Proprietari Bloc 5
PMT HelpNet Cotroceni (RO),Health,HelpNet
Plata POS Geam Auto Service Oradea (RO),Other,Geam Auto Service
Plata POS regina maria RO #4321,Health,Regina Maria
Auchan Sun Plaza,Groceries,Auchan
PURCHASE etoro deposit EU #4321,Investments,eToro deposit
Plata POS Plata freelance proiect Oradea,Salary,Plata freelance proiect
Plata POS analize medicale Store 04 12345,Health,Analize medicale
POS tim hortons RO #001,Restaurants,Tim Hortons
Cumparare trading 212 deposit Mall Vitan,Investments,Trading 212 deposit
Cumparare taco bell Center #4321,Restaurants,Taco Bell
PURCHASE Discord Nitro Promenada (RO),Entertainment,Discord Nitro
PMT POS PULL&BEAR Timisoara #001,Other,Pull&Bear
Cumparare amazon de Center 12345,Other,Amazon DE
PMT POS SUBWAY SANDWICH Sibiu #001,Restaurants,SUBWAY SANDWICH
Plata cu cardul CASA INTELIGENTA ADMINISTRARE RO #14,Housing,Casa Inteligenta administrare
PMT POS Argint investitie Ploiesti,Investments,Argint investitie
Revolut transfer to friend Galati #14,Transfer,Revolut transfer to friend
PURCHASE McD Ploiesti AUT:887412,Restaurants,McD
Cumparare LA DOI PASI Promenada (RO),Groceries,La Doi Pasi
POS CAFFE DEL SUD AFI Cotroceni #14,Restaurants,Caffe del Sud
Plata cu cardul hollywood multiplex Constanta (RO),Entertainment,Hollywood Multiplex
Plata POS saxo bank deposit Floreasca,Investments,Saxo Bank deposit
Achizitie SALARIU ACME SRL Bucharest 12345,Salary,Salariu ACME SRL
PMT POS E.ON Energie Romania Galati (RO),Utilities,E.ON Energie Romania
PURCHASE brokerage tradeville Park Lake AUT:887412,Investments,Brokerage Tradeville
PMT POS Enel Romania Vitan RID:34521,Utilities,Enel Romania
PURCHASE Plata contract drepturi autor Aviatorilor #4321,Salary,Plata contract drepturi autor
CARTE TEHNICA ONLINE Online AUT:887412,Education,Carte tehnica online
Achizitie BILET MASTER Promenada #221,Entertainment,Bilet Master
POS plafar magazin EU AUT:887412,Groceries,Plafar magazin
Plata POS Petrom Statie Store 04 #221,Transport,Petrom Statie
Achizitie Distrigaz Sud ROM (RO),Utilities,Distrigaz Sud
Plata POS Dr Dentist RO RID:34521,Health,Dr Dentist
Plata POS Speakeasy Drumul Taberei AUT:887412,Restaurants,Speakeasy
Plata POS Turkish Airlines ROM #4321,Travel,Turkish Airlines
PURCHASE NOTION AI Bucuresti AUT:887412,Subscriptions,Notion AI
PMT POS tichete vacanta Store 04 #14,Salary,Tichete vacanta
Achizitie Chirie studio EU (RO),Housing,Chirie studio
Plata cu cardul Orange PrePay Oradea #221,Utilities,Orange PrePay
Plata POS Taxi Cris Branch 12 AUT:887412,Transport,Taxi Cris
PURCHASE RENT JULY Promenada #14,Housing,RENT JULY
Achizitie FIVERR PAYOUT RO 12345,Salary,Fiverr payout
Achizitie Steam Store Baneasa RID:34521,Entertainment,Steam Store
Cumparare BRICOLAJ DEDEMAN Iasi #001,Other,Bricolaj Dedeman
Achizitie Taxi Cobalcescu Bucuresti #001,Transport,Taxi Cobalcescu
Cumparare Pret a Manger AFI Cotroceni #14,Restaurants,Pret a Manger
PMT POS Pandora bijuterii Oradea RO,Other,Pandora bijuterii
Achizitie CURATATORIE CHIMICA Brasov (RO),Other,Curatatorie chimica
PMT Compari.ro Galati RID:34521,Other,Compari.ro
PMT POS COURSERA Pipera,Education,Coursera
Cumparare TINDER GOLD Online (RO),Subscriptions,Tinder Gold
Plata cu cardul jd sports Center #001,Other,JD Sports
Piata Matache ROM 12345,Groceries,Piata Matache
Cumparare Dr Dentist Branch 12,Health,Dr Dentist
Plata cu cardul CURATENIE CASA EU #4321,Housing,Curatenie casa
Cumparare CODECADEMY Center AUT:887412,Education,Codecademy
Hervis Sports Bucharest #4321,Other,Hervis Sports
Cumparare COURSERA PLUS ANNUAL Drumul Taberei #001,Subscriptions,Coursera Plus annual
PMT payroll april 2026 Iasi 12345,Salary,Payroll April 2026
Cumparare taxi cris Ploiesti RO,Transport,Taxi Cris
PURCHASE Ramses Sushi Center RO,Restaurants,Ramses Sushi
royalty payment amazon Timisoara RID:34521,Salary,Royalty payment Amazon
PURCHASE Frontend Masters subscription Mall Vitan RID:34521,Education,Frontend Masters subscription
PURCHASE AMAZON DE Branch 12 RO,Other,Amazon DE
PMT Pensiune Bran Mall Vitan RID:34521,Travel,Pensiune Bran
PMT POS VIRAMENT SALARIU NET EU,Salary,VIRAMENT SALARIU NET
Achizitie VIRAMENT SALARIU SRL Iasi,Salary,VIRAMENT SALARIU SRL
Autostrada A2 Park Lake,Transport,Autostrada A2
Plata cu cardul Expedia Downtown #221,Travel,Expedia
Cumparare termoficare cet RO #221,Utilities,Termoficare CET
POS Gift card Mall #14,Other,Gift card
Plata POS asigurare calatorie allianz Vitan RID:34521,Travel,Asigurare calatorie Allianz
Plata cu cardul XTB INVEST EU #14,Investments,XTB invest
PMT Teatrul Bulandra Vitan AUT:887412,Entertainment,Teatrul Bulandra
DigitalOcean Droplet Floreasca AUT:887412,Subscriptions,DigitalOcean Droplet
PMT Editura Humanitas RO 12345,Education,Editura Humanitas
Plata POS Metrorex AFI Cotroceni #001,Transport,Metrorex
Cumparare festival neversea EU #221,Entertainment,Festival Neversea
PURCHASE reparatii electrocasnice Pipera #4321,Other,Reparatii electrocasnice
Cumparare Medic de familie Sun Plaza RO,Health,Medic de familie
Cumparare Drumuri Nationale Sibiu,Transport,Drumuri Nationale
Achizitie patiserie boulangerie Vitan,Other,Patiserie Boulangerie
Plata cu cardul steam Vitan #4321,Entertainment,Steam
Cumparare mol romania Pipera 12345,Transport,MOL Romania
PMT POS iaBilet concert Downtown #14,Entertainment,iaBilet concert
PMT bursa de studii Galati RID:34521,Education,Bursa de studii
Cumparare AeroItalia Sibiu (RO),Travel,AeroItalia
POS Western Union transfer Online #14,Transfer,Western Union transfer
PMT MARKETUL DE CARTIER Drumul Taberei RID:34521,Groceries,Marketul de Cartier
Incasare de la Ion RO #001,Transfer,Incasare de la Ion
Plata cu cardul cinemax iulius mall Promenada 12345,Entertainment,Cinemax Iulius Mall
POS INCASARE DE LA ION Branch 12 RID:34521,Transfer,Incasare de la Ion
POS OpenAI Plus EU #4321,Subscriptions,OpenAI Plus
Plata cu cardul NOTION AI Bucharest #14,Subscriptions,Notion AI
PMT Pizza Hut Downtown #4321,Restaurants,Pizza Hut
Achizitie ASE Bucuresti Sibiu #221,Education,ASE Bucuresti
Achizitie td ameritrade AFI Cotroceni #14,Investments,TD Ameritrade
OTP Bank schimb Brasov #001,Transfer,OTP Bank schimb
Cumparare Brilliant.org Cotroceni #4321,Education,Brilliant.org
Cumparare PARCARE PIATA VICTORIEI Store 04 (RO),Transport,Parcare Piata Victoriei
PMT POS LICEUL CANTEMIR Drumul Taberei 12345,Education,Liceul Cantemir
Cumparare Banca Transilvania transfer Branch 12 #001,Transfer,Banca Transilvania transfer
Cumparare boromir prod Branch 12 RO,Groceries,Boromir Prod
Plata POS supeco Sibiu RO,Groceries,Supeco
POS Frizerie Old School Center #4321,Other,Frizerie Old School
Plata POS UDEMY COURSE ROM (RO),Education,Udemy Course
Achizitie Pensiune Sibiel Vitan,Travel,Pensiune Sibiel
Plata POS Popeyes Louisiana Kitchen Downtown #14,Restaurants,Popeyes Louisiana Kitchen
Plata POS PROTONMAIL ROM 12345,Subscriptions,ProtonMail
ETF SPY Baneasa #4321,Investments,ETF SPY
PMT POS TEATRUL MIC Downtown RO,Entertainment,Teatrul Mic
BVB TRANZACTIE Brasov #14,Investments,BVB tranzactie
Cumparare Drumuri Nationale Cotroceni,Transport,Drumuri Nationale
ELECTRICA FURNIZARE Cluj #221,Utilities,Electrica Furnizare
Plata POS TIER SCOOTER Sibiu #14,Transport,Tier Scooter
PLURALSIGHT SKILLS Aviatorilor (RO),Education,Pluralsight Skills
PMT excursie italia RO AUT:887412,Travel,Excursie Italia
PMT POS CODECADEMY Vitan (RO),Education,Codecademy
Cumparare Decont 7Card Mall Vitan #001,Salary,Decont 7Card
PMT medicover romania Park Lake #001,Health,Medicover Romania
POS Mango shop Mall #4321,Other,Mango shop
factura apa ROM AUT:887412,Utilities,Factura apa
POS Salariu luna iunie Center #4321,Salary,Salariu luna iunie
Achizitie p2p payment andrei Timisoara,Transfer,P2P payment Andrei
Plata cu cardul Asociatie Proprietari Bloc 12 Brasov #4321,Housing,Asociatie Proprietari Bloc 12
POS Kentucky Fried Chicken Center AUT:887412,Restaurants,Kentucky Fried Chicken
Plata cu cardul Fiverr payout Center #4321,Salary,Fiverr payout
PURCHASE bursa bucuresti bvb Mall Vitan,Investments,Bursa Bucuresti BVB
PMT WordPress.com Premium Cluj (RO),Subscriptions,WordPress.com Premium
Cumparare yango Downtown (RO),Transport,Yango
Plata POS LIBRARIA MIHAI EMINESCU Store 04 12345,Education,Libraria Mihai Eminescu
Achizitie MEGA BIO Online #14,Groceries,Mega Bio
PMT POS bolt.eu Downtown (RO),Transport,Bolt.eu
Factura gaze Online RID:34521,Utilities,Factura gaze
Cumparare Curatenie casa ROM,Housing,Curatenie casa
edX Microsoft Sibiu #001,Education,edX Microsoft
PURCHASE rezervare hotel brasov Mall RO,Travel,Rezervare hotel Brasov
PURCHASE Compensatie sport 7card Center #4321,Salary,Compensatie sport 7card
linea closer to the moon Downtown RID:34521,Restaurants,Linea Closer to the Moon
cablu tv + internet EU 12345,Utilities,Cablu TV + Internet
Achizitie PUB DRUMUL TABEREI Sun Plaza AUT:887412,Restaurants,Pub Drumul Taberei
Achizitie Patiseria Simigerie Sibiu RO,Groceries,Patiseria Simigerie
PMT POS ADOBE CREATIVE CLOUD Store 04 AUT:887412,Subscriptions,Adobe Creative Cloud
Cumparare carrefour.ro online Vitan,Groceries,Carrefour.ro online
PMT POS MCDONALDS Mall (RO),Restaurants,McDonalds
PMT Niro Market Mall RID:34521,Groceries,Niro Market
POS Pizzeria 4 Amici EU #221,Restaurants,Pizzeria 4 Amici
POS CEZ VANZARE EU #001,Utilities,CEZ Vanzare
Plata cu cardul SUSHI TO GO Store 04 12345,Restaurants,Sushi to Go
PMT TfL Oyster Timisoara #4321,Transport,TfL Oyster
PURCHASE Anaida Restaurant ROM #001,Restaurants,Anaida Restaurant
Plata cu cardul Targul de Legume Vitan #4321,Groceries,Targul de Legume
Achizitie Wise FX ROM RID:34521,Transfer,Wise FX
PMT POS casa inteligenta administrare Baneasa #4321,Housing,Casa Inteligenta administrare
Plata POS SUBWAY SANDWICH Branch 12 #4321,Restaurants,SUBWAY SANDWICH
Achizitie omv Online 12345,Transport,OMV
ETF VOO Floreasca 12345,Investments,ETF VOO
PURCHASE GitHub Pro Vitan #14,Subscriptions,GitHub Pro
Twitch subscription Baneasa AUT:887412,Entertainment,Twitch subscription
POS Tinder Gold Store 04 #001,Subscriptions,Tinder Gold
PMT APOMETRU INDEX Park Lake RO,Utilities,Apometru index
Cumparare BOOKING RO Aviatorilor #14,Travel,Booking RO
PMT POS 5 to Go Cotroceni #221,Restaurants,5 to Go
PMT POS PET SHOP ANIMAX Oradea #001,Other,Pet Shop Animax
TRADEVILLE ROMANIA Aviatorilor #221,Investments,Tradeville Romania
Plata POS migros Mall #221,Groceries,Migros
Plata cu cardul BANK TO BANK SWIFT Mall RO,Transfer,Bank to bank SWIFT
Plata POS tichete cadou edenred Center,Salary,Tichete cadou Edenred
INMEDIO Sun Plaza 12345,Groceries,Inmedio
Plata POS GITHUB PRO ROM #221,Subscriptions,GitHub Pro
POS OPENSEA PURCHASE NFT Bucuresti #221,Investments,OpenSea purchase NFT
PMT POS TEATRUL MIC Floreasca #001,Entertainment,Teatrul Mic
Plata cu cardul WORDPRESS.COM PREMIUM Bucuresti,Subscriptions,WordPress.com Premium
Plata POS BLUE AIR RO RID:34521,Travel,Blue Air
POS Netlify Pro Store 04 RO,Subscriptions,Netlify Pro
PMT LIDL ROM #221,Groceries,Lidl
Cumparare Pensie facultativa NN Park Lake 12345,Investments,Pensie facultativa NN
Plata cu cardul Adobe Premiere Pro home Vitan RO,Entertainment,Adobe Premiere Pro home
Achizitie saxo bank deposit Pipera RID:34521,Investments,Saxo Bank deposit
PMT POS CURATATORIE CHIMICA Downtown,Other,Curatatorie chimica
PURCHASE hollywood multiplex RO #14,Entertainment,Hollywood Multiplex
GARANTIE CHIRIE Timisoara #4321,Housing,Garantie chirie
PMT Bilet Master Galati 12345,Entertainment,Bilet Master
PMT POS LC Waikiki Park Lake RID:34521,Other,LC Waikiki
Plata cu cardul OpenAI ChatGPT Pipera (RO),Subscriptions,OpenAI ChatGPT
Cumparare Substack subscription Iasi RID:34521,Subscriptions,Substack subscription
Plata cu cardul DIGI*FACT Timisoara #14,Utilities,DIGI*FACT
